drug	project	n	auc	model
BEVACIZUMAB	COAD	20	0.5934065934065934	separate
BEVACIZUMAB	LGG	24	0.6349206349206349	separate
BLEOMYCIN	TGCT	51	0.6632653061224489	separate
CAPECITABINE	COAD	19	0.13095238095238093	separate
CAPECITABINE	ESCA	22	0.45882352941176474	separate
CAPECITABINE	STAD	32	0.5318181818181817	separate
CARBOPLATIN	BLCA	18	0.425	separate
CARBOPLATIN	CESC	11	0.39999999999999997	separate
CARBOPLATIN	HNSC	28	0.4772727272727273	separate
CARBOPLATIN	LUAD	43	0.4649122807017544	separate
CARBOPLATIN	LUSC	28	0.59375	separate
CARBOPLATIN	UCEC	54	0.3260869565217391	separate
CARBOPLATIN	UCS	29	0.5263157894736842	separate
CISPLATIN	BLCA	64	0.6468716861081654	separate
CISPLATIN	CESC	65	0.6011904761904763	separate
CISPLATIN	ESCA	17	0.8571428571428572	separate
CISPLATIN	HNSC	50	0.6355555555555555	separate
CISPLATIN	LUAD	51	0.6954545454545454	separate
CISPLATIN	LUSC	32	0.5555555555555556	separate
CISPLATIN	MESO	21	0.6057692307692307	separate
CISPLATIN	STAD	36	0.5650793650793651	separate
CYCLOPHOSPHAMIDE	BRCA	161	0.4181286549707603	separate
DOCETAXEL	BRCA	73	0.5348258706467661	separate
DOCETAXEL	LUAD	12	0.46875	separate
DOCETAXEL	LUSC	13	0.55	separate
DOCETAXEL	SARC	31	0.5042016806722689	separate
DOXORUBICIN	BLCA	14	0.7333333333333334	separate
DOXORUBICIN	BRCA	96	0.4482758620689655	separate
DOXORUBICIN	SARC	31	0.40454545454545454	separate
DOXORUBICIN	UCEC	11	0.5666666666666667	separate
EPIRUBICIN	BRCA	25	0.75	separate
EPIRUBICIN	STAD	25	0.5317460317460317	separate
ETOPOSIDE	LUAD	15	0.22222222222222227	separate
ETOPOSIDE	STAD	17	0.8333333333333333	separate
ETOPOSIDE	TGCT	52	0.8823529411764706	separate
FLUOROURACIL	BRCA	50	0.7551020408163265	separate
FLUOROURACIL	COAD	64	0.5492801771871539	separate
FLUOROURACIL	ESCA	11	0.25000000000000006	separate
FLUOROURACIL	PAAD	20	0.40404040404040403	separate
FLUOROURACIL	READ	33	0.4285714285714286	separate
FLUOROURACIL	STAD	88	0.5637931034482759	separate
GEMCITABINE	BLCA	72	0.573051948051948	separate
GEMCITABINE	LUSC	17	0.3472222222222222	separate
GEMCITABINE	PAAD	66	0.5265610438024231	separate
GEMCITABINE	SARC	34	0.413919413919414	separate
IFOSFAMIDE	SARC	16	0.5873015873015873	separate
IRINOTECAN	COAD	19	0.46153846153846156	separate
OXALIPLATIN	COAD	51	0.45559845559845563	separate
OXALIPLATIN	PAAD	10	1.0	separate
OXALIPLATIN	READ	19	0.8714285714285714	separate
OXALIPLATIN	STAD	21	0.5576923076923077	separate
PACLITAXEL	BRCA	64	0.5757575757575758	separate
PACLITAXEL	CESC	12	0.2857142857142857	separate
PACLITAXEL	HNSC	22	0.53125	separate
PACLITAXEL	LUAD	27	0.576923076923077	separate
PACLITAXEL	LUSC	10	0.8400000000000001	separate
PACLITAXEL	UCEC	52	0.5625	separate
PACLITAXEL	UCS	30	0.3693181818181818	separate
PEMETREXED	LUAD	28	0.2864583333333333	separate
PEMETREXED	MESO	24	0.4375	separate
TAMOXIFEN	BRCA	25	0.5158730158730158	separate
TEMOZOLOMIDE	LGG	131	0.5047619047619047	separate
VINORELBINE	LUAD	16	0.6153846153846154	separate
VINORELBINE	LUSC	21	0.6911764705882353	separate
BEVACIZUMAB	COAD	20	0.6373626373626373	atlas
BEVACIZUMAB	LGG	24	0.3492063492063492	atlas
BLEOMYCIN	TGCT	51	0.24489795918367346	atlas
CAPECITABINE	COAD	19	0.6666666666666665	atlas
CAPECITABINE	ESCA	22	0.5176470588235293	atlas
CAPECITABINE	STAD	32	0.4954545454545455	atlas
CARBOPLATIN	BLCA	18	0.3625	atlas
CARBOPLATIN	CESC	11	0.43333333333333335	atlas
CARBOPLATIN	HNSC	28	0.3333333333333333	atlas
CARBOPLATIN	LUAD	43	0.5723684210526316	atlas
CARBOPLATIN	LUSC	28	0.64375	atlas
CARBOPLATIN	UCEC	54	0.5081521739130435	atlas
CARBOPLATIN	UCS	29	0.6736842105263158	atlas
CISPLATIN	BLCA	64	0.7062566277836693	atlas
CISPLATIN	CESC	65	0.5119047619047619	atlas
CISPLATIN	ESCA	17	0.9285714285714286	atlas
CISPLATIN	HNSC	50	0.6666666666666666	atlas
CISPLATIN	LUAD	51	0.6113636363636363	atlas
CISPLATIN	LUSC	32	0.5259259259259259	atlas
CISPLATIN	MESO	21	0.7788461538461539	atlas
CISPLATIN	STAD	36	0.5682539682539682	atlas
CYCLOPHOSPHAMIDE	BRCA	161	0.429093567251462	atlas
DOCETAXEL	BRCA	73	0.6119402985074627	atlas
DOCETAXEL	LUAD	12	0.25	atlas
DOCETAXEL	LUSC	13	0.675	atlas
DOCETAXEL	SARC	31	0.6176470588235294	atlas
DOXORUBICIN	BLCA	14	0.7333333333333333	atlas
DOXORUBICIN	BRCA	96	0.3563218390804598	atlas
DOXORUBICIN	SARC	31	0.4863636363636364	atlas
DOXORUBICIN	UCEC	11	0.5333333333333333	atlas
EPIRUBICIN	BRCA	25	0.7083333333333334	atlas
EPIRUBICIN	STAD	25	0.626984126984127	atlas
ETOPOSIDE	LUAD	15	0.27777777777777785	atlas
ETOPOSIDE	STAD	17	0.9666666666666668	atlas
ETOPOSIDE	TGCT	52	0.4117647058823529	atlas
FLUOROURACIL	BRCA	50	0.7551020408163265	atlas
FLUOROURACIL	COAD	64	0.5337763012181617	atlas
FLUOROURACIL	ESCA	11	0.41666666666666663	atlas
FLUOROURACIL	PAAD	20	0.4444444444444445	atlas
FLUOROURACIL	READ	33	0.6043956043956045	atlas
FLUOROURACIL	STAD	88	0.5074712643678161	atlas
GEMCITABINE	BLCA	72	0.6063311688311689	atlas
GEMCITABINE	LUSC	17	0.3472222222222222	atlas
GEMCITABINE	PAAD	66	0.5228331780055917	atlas
GEMCITABINE	SARC	34	0.4835164835164835	atlas
IFOSFAMIDE	SARC	16	0.4920634920634921	atlas
IRINOTECAN	COAD	19	0.6538461538461539	atlas
OXALIPLATIN	COAD	51	0.5791505791505791	atlas
OXALIPLATIN	PAAD	10	1.0	atlas
OXALIPLATIN	READ	19	0.8285714285714285	atlas
OXALIPLATIN	STAD	21	0.5576923076923077	atlas
PACLITAXEL	BRCA	64	0.45050505050505046	atlas
PACLITAXEL	CESC	12	0.4571428571428571	atlas
PACLITAXEL	HNSC	22	0.33333333333333337	atlas
PACLITAXEL	LUAD	27	0.6373626373626373	atlas
PACLITAXEL	LUSC	10	0.8800000000000001	atlas
PACLITAXEL	UCEC	52	0.59375	atlas
PACLITAXEL	UCS	30	0.6022727272727273	atlas
PEMETREXED	LUAD	28	0.2916666666666667	atlas
PEMETREXED	MESO	24	0.484375	atlas
TAMOXIFEN	BRCA	25	0.4285714285714286	atlas
TEMOZOLOMIDE	LGG	131	0.4826839826839827	atlas
VINORELBINE	LUAD	16	0.7179487179487181	atlas
VINORELBINE	LUSC	21	0.5882352941176471	atlas
BEVACIZUMAB	COAD	20	0.6593406593406593	atlas_prior
BEVACIZUMAB	LGG	24	0.30158730158730157	atlas_prior
BLEOMYCIN	TGCT	51	0.40816326530612246	atlas_prior
CAPECITABINE	COAD	19	0.7261904761904763	atlas_prior
CAPECITABINE	ESCA	22	0.5647058823529412	atlas_prior
CAPECITABINE	STAD	32	0.4681818181818182	atlas_prior
CARBOPLATIN	BLCA	18	0.3375	atlas_prior
CARBOPLATIN	CESC	11	0.5	atlas_prior
CARBOPLATIN	HNSC	28	0.3636363636363636	atlas_prior
CARBOPLATIN	LUAD	43	0.6096491228070176	atlas_prior
CARBOPLATIN	LUSC	28	0.6625	atlas_prior
CARBOPLATIN	UCEC	54	0.48913043478260865	atlas_prior
CARBOPLATIN	UCS	29	0.6947368421052631	atlas_prior
CISPLATIN	BLCA	64	0.7158006362672322	atlas_prior
CISPLATIN	CESC	65	0.5158730158730159	atlas_prior
CISPLATIN	ESCA	17	0.9047619047619049	atlas_prior
CISPLATIN	HNSC	50	0.6844444444444444	atlas_prior
CISPLATIN	LUAD	51	0.5568181818181818	atlas_prior
CISPLATIN	LUSC	32	0.5333333333333333	atlas_prior
CISPLATIN	MESO	21	0.7788461538461539	atlas_prior
CISPLATIN	STAD	36	0.5111111111111112	atlas_prior
CYCLOPHOSPHAMIDE	BRCA	161	0.39400584795321636	atlas_prior
DOCETAXEL	BRCA	73	0.6343283582089552	atlas_prior
DOCETAXEL	LUAD	12	0.28125	atlas_prior
DOCETAXEL	LUSC	13	0.675	atlas_prior
DOCETAXEL	SARC	31	0.6092436974789917	atlas_prior
DOXORUBICIN	BLCA	14	0.7555555555555554	atlas_prior
DOXORUBICIN	BRCA	96	0.32822477650063864	atlas_prior
DOXORUBICIN	SARC	31	0.5136363636363637	atlas_prior
DOXORUBICIN	UCEC	11	0.5	atlas_prior
EPIRUBICIN	BRCA	25	0.7916666666666666	atlas_prior
EPIRUBICIN	STAD	25	0.5238095238095237	atlas_prior
ETOPOSIDE	LUAD	15	0.36111111111111116	atlas_prior
ETOPOSIDE	STAD	17	0.9333333333333333	atlas_prior
ETOPOSIDE	TGCT	52	0.23529411764705882	atlas_prior
FLUOROURACIL	BRCA	50	0.7959183673469388	atlas_prior
FLUOROURACIL	COAD	64	0.5448504983388704	atlas_prior
FLUOROURACIL	ESCA	11	0.37500000000000006	atlas_prior
FLUOROURACIL	PAAD	20	0.46464646464646464	atlas_prior
FLUOROURACIL	READ	33	0.6593406593406593	atlas_prior
FLUOROURACIL	STAD	88	0.5011494252873563	atlas_prior
GEMCITABINE	BLCA	72	0.6420454545454546	atlas_prior
GEMCITABINE	LUSC	17	0.3888888888888889	atlas_prior
GEMCITABINE	PAAD	66	0.5610438024231128	atlas_prior
GEMCITABINE	SARC	34	0.4908424908424909	atlas_prior
IFOSFAMIDE	SARC	16	0.5079365079365079	atlas_prior
IRINOTECAN	COAD	19	0.6794871794871795	atlas_prior
OXALIPLATIN	COAD	51	0.5637065637065638	atlas_prior
OXALIPLATIN	PAAD	10	1.0	atlas_prior
OXALIPLATIN	READ	19	0.7714285714285714	atlas_prior
OXALIPLATIN	STAD	21	0.5673076923076923	atlas_prior
PACLITAXEL	BRCA	64	0.4787878787878788	atlas_prior
PACLITAXEL	CESC	12	0.5142857142857142	atlas_prior
PACLITAXEL	HNSC	22	0.25	atlas_prior
PACLITAXEL	LUAD	27	0.5989010989010988	atlas_prior
PACLITAXEL	LUSC	10	0.8400000000000001	atlas_prior
PACLITAXEL	UCEC	52	0.6136363636363636	atlas_prior
PACLITAXEL	UCS	30	0.6363636363636364	atlas_prior
PEMETREXED	LUAD	28	0.3645833333333333	atlas_prior
PEMETREXED	MESO	24	0.5078125	atlas_prior
TAMOXIFEN	BRCA	25	0.4444444444444445	atlas_prior
TEMOZOLOMIDE	LGG	131	0.4913419913419913	atlas_prior
VINORELBINE	LUAD	16	0.5641025641025641	atlas_prior
VINORELBINE	LUSC	21	0.5882352941176471	atlas_prior
