sample	arm	drug	drugs	setting	response	responder	os_months	os_event	dfs_months	stage	randomised	control_arm	platinum_sensitivity	histology	grade	residual	brca1	tp53
GSM1559299	platinum/cyclophosphamide	platinum/cyclophosphamide	PLATINUM;CYCLOPHOSPHAMIDE	adjuvant	PD	0.0	3.4168377823408624	1.0	0.0	IIIC	False	False	DFS<180 days; moderately sensitive: 180>DFS>732; highly sensitive: DFS>732 days): resistant	serous ovarian ca.	G4	R2	no mutation	mutation
GSM1559300	platinum/cyclophosphamide	platinum/cyclophosphamide	PLATINUM;CYCLOPHOSPHAMIDE	adjuvant	PD	0.0	9.396303901437372	1.0	0.0	IIIC	False	False	DFS<180 days; moderately sensitive: 180>DFS>732; highly sensitive: DFS>732 days): resistant	serous ovarian ca.	G4	R2	no mutation	no mutation
GSM1559301	taxane/platinum	taxane/platinum	PACLITAXEL;PLATINUM	adjuvant	PD	0.0	11.728952772073923	1.0	0.0	IV	False	False	DFS<180 days; moderately sensitive: 180>DFS>732; highly sensitive: DFS>732 days): resistant	serous ovarian ca.	G3	R1	no mutation	mutation
GSM1559302	platinum/cyclophosphamide	platinum/cyclophosphamide	PLATINUM;CYCLOPHOSPHAMIDE	adjuvant	PD	0.0	12.648870636550308	1.0	0.0	IIIC	False	False	DFS<180 days; moderately sensitive: 180>DFS>732; highly sensitive: DFS>732 days): resistant	serous ovarian ca.	G3	R1	no mutation	mutation
GSM1559303	taxane/platinum	taxane/platinum	PACLITAXEL;PLATINUM	adjuvant	PD	0.0	13.60164271047228	1.0	0.0	IIIC	False	False	DFS<180 days; moderately sensitive: 180>DFS>732; highly sensitive: DFS>732 days): resistant	serous ovarian ca.	G2	R1	no mutation	mutation
GSM1559304	taxane/platinum	taxane/platinum	PACLITAXEL;PLATINUM	adjuvant	PR	1.0	13.66735112936345	1.0	0.0	IIIC	False	False	DFS<180 days; moderately sensitive: 180>DFS>732; highly sensitive: DFS>732 days): resistant	serous ovarian ca.	G3	R1	no mutation	mutation
GSM1559305	taxane/platinum	taxane/platinum	PACLITAXEL;PLATINUM	adjuvant	PR	1.0	14.258726899383984	1.0	0.0	IIIC	False	False	DFS<180 days; moderately sensitive: 180>DFS>732; highly sensitive: DFS>732 days): resistant	serous ovarian ca.	G3	R1	no mutation	mutation
GSM1559306	platinum/cyclophosphamide	platinum/cyclophosphamide	PLATINUM;CYCLOPHOSPHAMIDE	adjuvant	SD	0.0	15.737166324435318	1.0	0.0	IV	False	False	DFS<180 days; moderately sensitive: 180>DFS>732; highly sensitive: DFS>732 days): resistant	serous ovarian ca.	G3	R1	no mutation	mutation
GSM1559307	taxane/platinum	taxane/platinum	PACLITAXEL;PLATINUM	adjuvant	PR	1.0	16.361396303901437	1.0	0.0	IIIA	False	False	DFS<180 days; moderately sensitive: 180>DFS>732; highly sensitive: DFS>732 days): resistant	serous ovarian ca.	G3	R0	no mutation	mutation
GSM1559308	taxane/platinum	taxane/platinum	PACLITAXEL;PLATINUM	adjuvant	PR	1.0	16.591375770020534	1.0	0.0	IIIC	False	False	DFS<180 days; moderately sensitive: 180>DFS>732; highly sensitive: DFS>732 days): resistant	serous ovarian ca.	G3	R1	no mutation	mutation
GSM1559309	platinum/cyclophosphamide	platinum/cyclophosphamide	PLATINUM;CYCLOPHOSPHAMIDE	adjuvant	PD	0.0	16.689938398357288	1.0	0.0	IIIC	False	False	DFS<180 days; moderately sensitive: 180>DFS>732; highly sensitive: DFS>732 days): resistant	serous ovarian ca.	G3	R2	no mutation	mutation
GSM1559310	taxane/platinum	taxane/platinum	PACLITAXEL;PLATINUM	adjuvant	PR	1.0	16.75564681724846	1.0	0.0	IIIC	False	False	DFS<180 days; moderately sensitive: 180>DFS>732; highly sensitive: DFS>732 days): resistant	undifferentiated ovarian ca.	G3	R1	5382insC	mutation
GSM1559311	taxane/platinum	taxane/platinum	PACLITAXEL;PLATINUM	adjuvant	PR	1.0	20.763860369609855	1.0	0.0	IIIC	False	False	DFS<180 days; moderately sensitive: 180>DFS>732; highly sensitive: DFS>732 days): resistant	serous ovarian ca.	G4	R1	no mutation	mutation
GSM1559312	taxane/platinum	taxane/platinum	PACLITAXEL;PLATINUM	adjuvant	PR	1.0	24.147843942505133	1.0	0.0	IIIC	False	False	DFS<180 days; moderately sensitive: 180>DFS>732; highly sensitive: DFS>732 days): resistant	serous ovarian ca.	G3	R1	no mutation	mutation
GSM1559313	taxane/platinum	taxane/platinum	PACLITAXEL;PLATINUM	adjuvant	PR	1.0	25.00205338809035	1.0	0.0	IIIC	False	False	DFS<180 days; moderately sensitive: 180>DFS>732; highly sensitive: DFS>732 days): resistant	serous ovarian ca.	G4	R1	T300G	mutation
GSM1559314	platinum/cyclophosphamide	platinum/cyclophosphamide	PLATINUM;CYCLOPHOSPHAMIDE	adjuvant	PR	1.0	25.82340862422998	1.0	0.0	IIIC	False	False	DFS<180 days; moderately sensitive: 180>DFS>732; highly sensitive: DFS>732 days): resistant	serous ovarian ca.	G3	R2	no mutation	mutation
GSM1559315	platinum/cyclophosphamide	platinum/cyclophosphamide	PLATINUM;CYCLOPHOSPHAMIDE	adjuvant	PD	0.0	25.95482546201232	1.0	0.0	IIIC	False	False	DFS<180 days; moderately sensitive: 180>DFS>732; highly sensitive: DFS>732 days): resistant	serous ovarian ca.	G4	R2	no mutation	mutation
GSM1559316	platinum/cyclophosphamide	platinum/cyclophosphamide	PLATINUM;CYCLOPHOSPHAMIDE	adjuvant	PR	1.0	30.55441478439425	0.0	0.0	IIIC	False	False	DFS<180 days; moderately sensitive: 180>DFS>732; highly sensitive: DFS>732 days): resistant	serous ovarian ca.	G3	R1	5382insC	mutation
GSM1559317	taxane/platinum	taxane/platinum	PACLITAXEL;PLATINUM	adjuvant	PR	1.0	36.303901437371664	1.0	0.0	IV	False	False	DFS<180 days; moderately sensitive: 180>DFS>732; highly sensitive: DFS>732 days): resistant	serous ovarian ca.	G3	R1	A5335T (somatic mutation)	mutation
GSM1559318	platinum/cyclophosphamide	platinum/cyclophosphamide	PLATINUM;CYCLOPHOSPHAMIDE	adjuvant	PR	1.0	36.50102669404517	1.0	0.0	IIIC	False	False	DFS<180 days; moderately sensitive: 180>DFS>732; highly sensitive: DFS>732 days): resistant	serous ovarian ca.	G4	R2	no mutation	mutation
GSM1559319	taxane/platinum	taxane/platinum	PACLITAXEL;PLATINUM	adjuvant	PR	1.0	36.92813141683778	1.0	0.0	IV	False	False	DFS<180 days; moderately sensitive: 180>DFS>732; highly sensitive: DFS>732 days): resistant	undifferentiated ovarian ca.	G4	R0	5382insC	mutation
GSM1559320	platinum/cyclophosphamide	platinum/cyclophosphamide	PLATINUM;CYCLOPHOSPHAMIDE	adjuvant	SD	0.0	37.38809034907597	1.0	0.0	IV	False	False	DFS<180 days; moderately sensitive: 180>DFS>732; highly sensitive: DFS>732 days): resistant	serous ovarian ca.	G3	R2	no mutation	mutation
GSM1559321	platinum/cyclophosphamide	platinum/cyclophosphamide	PLATINUM;CYCLOPHOSPHAMIDE	adjuvant	PR	1.0	50.85831622176591	1.0	0.0	IIIB	False	False	DFS<180 days; moderately sensitive: 180>DFS>732; highly sensitive: DFS>732 days): resistant	serous ovarian ca.	G4	R0	no mutation	mutation
GSM1559322	taxane/platinum	taxane/platinum	PACLITAXEL;PLATINUM	adjuvant	PR	1.0	57.52772073921971	1.0	0.0	IIIC	False	False	DFS<180 days; moderately sensitive: 180>DFS>732; highly sensitive: DFS>732 days): resistant	serous ovarian ca.	G3	R1	no mutation	mutation
GSM1559323	taxane/platinum	taxane/platinum	PACLITAXEL;PLATINUM	adjuvant	SD	0.0	61.568788501026695	1.0	0.0	IIIC	False	False	DFS<180 days; moderately sensitive: 180>DFS>732; highly sensitive: DFS>732 days): resistant	serous ovarian ca.	G2	R1	no mutation	no mutation
GSM1559324	platinum/cyclophosphamide	platinum/cyclophosphamide	PLATINUM;CYCLOPHOSPHAMIDE	adjuvant	CR	1.0	28.813141683778234	1.0	3.186858316221766	IIIC	False	False	DFS<180 days; moderately sensitive: 180>DFS>732; highly sensitive: DFS>732 days): resistant	serous ovarian ca.	G3	R1	no mutation	mutation
GSM1559325	platinum/cyclophosphamide	platinum/cyclophosphamide	PLATINUM;CYCLOPHOSPHAMIDE	adjuvant	CR	1.0	14.55441478439425	1.0	3.646817248459959	IIIC	False	False	DFS<180 days; moderately sensitive: 180>DFS>732; highly sensitive: DFS>732 days): resistant	serous ovarian ca.	G3	R2	no mutation	mutation
GSM1559326	taxane/platinum	taxane/platinum	PACLITAXEL;PLATINUM	adjuvant	CR	1.0	23.030800821355236	1.0	3.811088295687885	IIIC	False	False	DFS<180 days; moderately sensitive: 180>DFS>732; highly sensitive: DFS>732 days): resistant	serous ovarian ca.	G3	R1	no mutation	no mutation
GSM1559327	platinum/cyclophosphamide	platinum/cyclophosphamide	PLATINUM;CYCLOPHOSPHAMIDE	adjuvant	CR	1.0	43.30184804928131	1.0	4.172484599589322	IIIC	False	False	DFS<180 days; moderately sensitive: 180>DFS>732; highly sensitive: DFS>732 days): resistant	serous ovarian ca.	G3	R2	5382insC	mutation
GSM1559328	platinum/cyclophosphamide	platinum/cyclophosphamide	PLATINUM;CYCLOPHOSPHAMIDE	adjuvant	CR	1.0	51.67967145790554	1.0	4.336755646817249	IIIC	False	False	DFS<180 days; moderately sensitive: 180>DFS>732; highly sensitive: DFS>732 days): resistant	serous ovarian ca.	G4	R0	5382insC	mutation
GSM1559329	taxane/platinum	taxane/platinum	PACLITAXEL;PLATINUM	adjuvant	CR	1.0	25.790554414784395	1.0	5.158110882956879	IIIC	False	False	DFS<180 days; moderately sensitive: 180>DFS>732; highly sensitive: DFS>732 days): resistant	serous ovarian ca.	G4	R2	5382insC	mutation
GSM1559330	taxane/platinum	taxane/platinum	PACLITAXEL;PLATINUM	adjuvant	CR	1.0	39.52361396303901	1.0	5.618069815195072	IIIB	False	False	DFS<180 days; moderately sensitive: 180>DFS>732; highly sensitive: DFS>732 days): resistant	serous ovarian ca.	G3	R0	no mutation	mutation
GSM1559331	platinum/cyclophosphamide	platinum/cyclophosphamide	PLATINUM;CYCLOPHOSPHAMIDE	adjuvant	CR	1.0	22.570841889117045	1.0	5.782340862422998	IV	False	False	DFS<180 days; moderately sensitive: 180>DFS>732; highly sensitive: DFS>732 days): resistant	serous ovarian ca.	G3	R2	5382insC	mutation
GSM1559332	taxane/platinum	taxane/platinum	PACLITAXEL;PLATINUM	adjuvant	CR	1.0	25.560574948665298	1.0	5.782340862422998	IIIC	False	False	DFS<180 days; moderately sensitive: 180>DFS>732; highly sensitive: DFS>732 days): resistant	serous ovarian ca.	G3	R1	no mutation	mutation
GSM1559333	taxane/platinum	taxane/platinum	PACLITAXEL;PLATINUM	adjuvant	CR	1.0	29.73305954825462	1.0	6.176591375770021	IIIC	False	False	DFS<180 days; moderately sensitive: 180>DFS>732; highly sensitive: DFS>732 days): moderately sensitive	serous ovarian ca.	G3	R1	T300G	mutation
GSM1559334	taxane/platinum	taxane/platinum	PACLITAXEL;PLATINUM	adjuvant	CR	1.0	33.31416837782341	1.0	6.209445585215605	IV	False	False	DFS<180 days; moderately sensitive: 180>DFS>732; highly sensitive: DFS>732 days): moderately sensitive	serous ovarian ca.	G4	R1	5382insC	mutation
GSM1559335	taxane/platinum	taxane/platinum	PACLITAXEL;PLATINUM	adjuvant	CR	1.0	12.254620123203285	1.0	6.833675564681725	IIIC	False	False	DFS<180 days; moderately sensitive: 180>DFS>732; highly sensitive: DFS>732 days): moderately sensitive	serous ovarian ca.	G3	R2	no mutation	mutation
GSM1559336	platinum/cyclophosphamide	platinum/cyclophosphamide	PLATINUM;CYCLOPHOSPHAMIDE	adjuvant	CR	1.0	21.420944558521562	1.0	7.293634496919918	IIIC	False	False	DFS<180 days; moderately sensitive: 180>DFS>732; highly sensitive: DFS>732 days): moderately sensitive	serous ovarian ca.	G3	R2	no mutation	mutation
GSM1559337	platinum/cyclophosphamide	platinum/cyclophosphamide	PLATINUM;CYCLOPHOSPHAMIDE	adjuvant	CR	1.0	15.342915811088295	1.0	7.425051334702259	IV	False	False	DFS<180 days; moderately sensitive: 180>DFS>732; highly sensitive: DFS>732 days): moderately sensitive	serous ovarian ca.	G2	R1	no mutation	no mutation
GSM1559338	taxane/platinum	taxane/platinum	PACLITAXEL;PLATINUM	adjuvant	CR	1.0	38.37371663244353	1.0	7.5564681724846	IV	False	False	DFS<180 days; moderately sensitive: 180>DFS>732; highly sensitive: DFS>732 days): moderately sensitive	serous ovarian ca.	G3	R1	5382insC	mutation
GSM1559339	platinum/cyclophosphamide	platinum/cyclophosphamide	PLATINUM;CYCLOPHOSPHAMIDE	adjuvant	CR	1.0	39.29363449691992	1.0	8.114989733059549	IIIC	False	False	DFS<180 days; moderately sensitive: 180>DFS>732; highly sensitive: DFS>732 days): moderately sensitive	serous ovarian ca.	G3	R1	no mutation	mutation
GSM1559340	taxane/platinum	taxane/platinum	PACLITAXEL;PLATINUM	adjuvant	CR	1.0	22.308008213552363	1.0	8.24640657084189	IIIC	False	False	DFS<180 days; moderately sensitive: 180>DFS>732; highly sensitive: DFS>732 days): moderately sensitive	undifferentiated ovarian ca.	G4	R2	no mutation	mutation
GSM1559341	taxane/platinum	taxane/platinum	PACLITAXEL;PLATINUM	adjuvant	CR	1.0	44.58316221765914	1.0	8.673511293634498	IV	False	False	DFS<180 days; moderately sensitive: 180>DFS>732; highly sensitive: DFS>732 days): moderately sensitive	serous ovarian ca.	G3	R1	T300G	mutation
GSM1559342	platinum/cyclophosphamide	platinum/cyclophosphamide	PLATINUM;CYCLOPHOSPHAMIDE	adjuvant	CR	1.0	28.254620123203285	1.0	9.363449691991786	IIIC	False	False	DFS<180 days; moderately sensitive: 180>DFS>732; highly sensitive: DFS>732 days): moderately sensitive	serous ovarian ca.	G4	R0	no mutation	mutation
GSM1559343	taxane/platinum	taxane/platinum	PACLITAXEL;PLATINUM	adjuvant	CR	1.0	33.01848049281314	1.0	9.593429158110883	IIIC	False	False	DFS<180 days; moderately sensitive: 180>DFS>732; highly sensitive: DFS>732 days): moderately sensitive	serous ovarian ca.	G3	R1	5382insC	mutation
GSM1559344	platinum/cyclophosphamide	platinum/cyclophosphamide	PLATINUM;CYCLOPHOSPHAMIDE	adjuvant	CR	1.0	41.26488706365503	1.0	10.08624229979466	IIIC	False	False	DFS<180 days; moderately sensitive: 180>DFS>732; highly sensitive: DFS>732 days): moderately sensitive	serous ovarian ca.	G3	R2	no mutation	mutation
GSM1559345	platinum/cyclophosphamide	platinum/cyclophosphamide	PLATINUM;CYCLOPHOSPHAMIDE	adjuvant	CR	1.0	29.470225872689937	1.0	11.367556468172484	IIIC	False	False	DFS<180 days; moderately sensitive: 180>DFS>732; highly sensitive: DFS>732 days): moderately sensitive	serous ovarian ca.	G4	R2	no mutation	mutation
GSM1559346	platinum/cyclophosphamide	platinum/cyclophosphamide	PLATINUM;CYCLOPHOSPHAMIDE	adjuvant	CR	1.0	39.19507186858316	1.0	12.91170431211499	IIIA	False	False	DFS<180 days; moderately sensitive: 180>DFS>732; highly sensitive: DFS>732 days): moderately sensitive	serous ovarian ca.	G4	R1	no mutation	mutation
GSM1559347	taxane/platinum	taxane/platinum	PACLITAXEL;PLATINUM	adjuvant	CR	1.0	35.02258726899384	1.0	13.404517453798768	IIIC	False	False	DFS<180 days; moderately sensitive: 180>DFS>732; highly sensitive: DFS>732 days): moderately sensitive	serous ovarian ca.	G3	R1	no mutation	no mutation
GSM1559348	taxane/platinum	taxane/platinum	PACLITAXEL;PLATINUM	adjuvant	CR	1.0	22.24229979466119	1.0	13.535934291581109	IIIB	False	False	DFS<180 days; moderately sensitive: 180>DFS>732; highly sensitive: DFS>732 days): moderately sensitive	serous ovarian ca.	G3	R1	no mutation	mutation
GSM1559349	taxane/platinum	taxane/platinum	PACLITAXEL;PLATINUM	adjuvant	CR	1.0	45.1088295687885	1.0	13.79876796714579	IIIC	False	False	DFS<180 days; moderately sensitive: 180>DFS>732; highly sensitive: DFS>732 days): moderately sensitive	serous ovarian ca.	G3	R2	no mutation	mutation
GSM1559350	platinum/cyclophosphamide	platinum/cyclophosphamide	PLATINUM;CYCLOPHOSPHAMIDE	adjuvant	CR	1.0	42.677618069815196	0.0	14.324435318275153	IIIC	False	False	DFS<180 days; moderately sensitive: 180>DFS>732; highly sensitive: DFS>732 days): moderately sensitive	serous ovarian ca.	G4	R2	5382insC	mutation
GSM1559351	taxane/platinum	taxane/platinum	PACLITAXEL;PLATINUM	adjuvant	CR	1.0	58.48049281314169	1.0	15.638603696098563	IIC	False	False	DFS<180 days; moderately sensitive: 180>DFS>732; highly sensitive: DFS>732 days): moderately sensitive	serous ovarian ca.	G2	R1	no mutation	mutation
GSM1559352	taxane/platinum	taxane/platinum	PACLITAXEL;PLATINUM	adjuvant	CR	1.0	71.35934291581108	0.0	16.098562628336754	IIIC	False	False	DFS<180 days; moderately sensitive: 180>DFS>732; highly sensitive: DFS>732 days): moderately sensitive	endometrioid ovarian ca.	G3	R1	no mutation	mutation
GSM1559353	taxane/platinum	taxane/platinum	PACLITAXEL;PLATINUM	adjuvant	CR	1.0	21.420944558521562	0.0	16.75564681724846	IIIC	False	False	DFS<180 days; moderately sensitive: 180>DFS>732; highly sensitive: DFS>732 days): moderately sensitive	serous ovarian ca.	G3	R2	no mutation	mutation
GSM1559354	platinum/cyclophosphamide	platinum/cyclophosphamide	PLATINUM;CYCLOPHOSPHAMIDE	adjuvant	CR	1.0	64.22997946611909	1.0	17.182751540041068	IIIB	False	False	DFS<180 days; moderately sensitive: 180>DFS>732; highly sensitive: DFS>732 days): moderately sensitive	serous ovarian ca.	G2	R0	no mutation	no mutation
GSM1559355	taxane/platinum	taxane/platinum	PACLITAXEL;PLATINUM	adjuvant	CR	1.0	35.87679671457906	1.0	17.248459958932237	IIIA	False	False	DFS<180 days; moderately sensitive: 180>DFS>732; highly sensitive: DFS>732 days): moderately sensitive	serous ovarian ca.	G3	R1	3875del4	mutation
GSM1559356	platinum/cyclophosphamide	platinum/cyclophosphamide	PLATINUM;CYCLOPHOSPHAMIDE	adjuvant	CR	1.0	77.24024640657085	1.0	17.347022587268995	IIIB	False	False	DFS<180 days; moderately sensitive: 180>DFS>732; highly sensitive: DFS>732 days): moderately sensitive	serous ovarian ca.	G3	R0	no mutation	mutation
GSM1559357	platinum/cyclophosphamide	platinum/cyclophosphamide	PLATINUM;CYCLOPHOSPHAMIDE	adjuvant	CR	1.0	52.56673511293634	1.0	18.989733059548254	IIIB	False	False	DFS<180 days; moderately sensitive: 180>DFS>732; highly sensitive: DFS>732 days): moderately sensitive	serous ovarian ca.	G3	R0	no mutation	mutation
GSM1559358	platinum/cyclophosphamide	platinum/cyclophosphamide	PLATINUM;CYCLOPHOSPHAMIDE	adjuvant	CR	1.0	134.0451745379877	0.0	20.468172484599588	IIIC	False	False	DFS<180 days; moderately sensitive: 180>DFS>732; highly sensitive: DFS>732 days): moderately sensitive	serous ovarian ca.	G2	R0	no mutation	no mutation
GSM1559359	platinum/cyclophosphamide	platinum/cyclophosphamide	PLATINUM;CYCLOPHOSPHAMIDE	adjuvant	CR	1.0	52.0082135523614	1.0	23.227926078028748	IIIC	False	False	DFS<180 days; moderately sensitive: 180>DFS>732; highly sensitive: DFS>732 days): moderately sensitive	serous ovarian ca.	G3	R1	no mutation	mutation
GSM1559360	taxane/platinum	taxane/platinum	PACLITAXEL;PLATINUM	adjuvant	CR	1.0	68.30390143737166	1.0	23.983572895277206	IIIC	False	False	DFS<180 days; moderately sensitive: 180>DFS>732; highly sensitive: DFS>732 days): moderately sensitive	serous ovarian ca.	G4	R1	5382insC	mutation
GSM1559361	taxane/platinum	taxane/platinum	PACLITAXEL;PLATINUM	adjuvant	CR	1.0	41.23203285420944	1.0	24.739219712525667	IIIC	False	False	DFS<180 days; moderately sensitive: 180>DFS>732; highly sensitive: DFS>732 days): highly sensitive	serous ovarian ca.	G3	R1	no mutation	mutation
GSM1559362	taxane/platinum	taxane/platinum	PACLITAXEL;PLATINUM	adjuvant	CR	1.0	85.15811088295688	0.0	25.166324435318277	IIIA	False	False	DFS<180 days; moderately sensitive: 180>DFS>732; highly sensitive: DFS>732 days): highly sensitive	serous ovarian ca.	G3	R0	5382insC	mutation
GSM1559363	taxane/platinum	taxane/platinum	PACLITAXEL;PLATINUM	adjuvant	CR	1.0	41.16632443531827	1.0	26.51334702258727	IIIA	False	False	DFS<180 days; moderately sensitive: 180>DFS>732; highly sensitive: DFS>732 days): highly sensitive	undifferentiated ovarian ca.	G4	R1	5382insC	mutation
GSM1559364	platinum/cyclophosphamide	platinum/cyclophosphamide	PLATINUM;CYCLOPHOSPHAMIDE	adjuvant	CR	1.0	76.22176591375771	1.0	26.77618069815195	IIIC	False	False	DFS<180 days; moderately sensitive: 180>DFS>732; highly sensitive: DFS>732 days): highly sensitive	serous ovarian ca.	G2	R1	no mutation	no mutation
GSM1559365	taxane/platinum	taxane/platinum	PACLITAXEL;PLATINUM	adjuvant	CR	1.0	65.60985626283367	1.0	31.211498973305954	IIIC	False	False	DFS<180 days; moderately sensitive: 180>DFS>732; highly sensitive: DFS>732 days): highly sensitive	serous ovarian ca.	G2	R0	no mutation	mutation
GSM1559366	taxane/platinum	taxane/platinum	PACLITAXEL;PLATINUM	adjuvant	CR	1.0	60.747433264887064	1.0	36.63244353182751	IIIC	False	False	DFS<180 days; moderately sensitive: 180>DFS>732; highly sensitive: DFS>732 days): highly sensitive	serous ovarian ca.	G3	R2	no mutation	mutation
GSM1559367	platinum/cyclophosphamide	platinum/cyclophosphamide	PLATINUM;CYCLOPHOSPHAMIDE	adjuvant	CR	1.0	60.681724845995895	1.0	46.94866529774127	IIIC	False	False	DFS<180 days; moderately sensitive: 180>DFS>732; highly sensitive: DFS>732 days): highly sensitive	serous ovarian ca.	G3	R1	no mutation	mutation
GSM1559368	taxane/platinum	taxane/platinum	PACLITAXEL;PLATINUM	adjuvant	CR	1.0	77.07597535934292	1.0	47.63860369609856	IIIC	False	False	DFS<180 days; moderately sensitive: 180>DFS>732; highly sensitive: DFS>732 days): highly sensitive	serous ovarian ca.	G3	R0	5382insC	mutation
GSM1559369	platinum/cyclophosphamide	platinum/cyclophosphamide	PLATINUM;CYCLOPHOSPHAMIDE	adjuvant	CR	1.0	123.20328542094455	1.0	48.2299794661191	IIIB	False	False	DFS<180 days; moderately sensitive: 180>DFS>732; highly sensitive: DFS>732 days): highly sensitive	serous ovarian ca.	G3	R0	no mutation	mutation
GSM1559370	platinum/cyclophosphamide	platinum/cyclophosphamide	PLATINUM;CYCLOPHOSPHAMIDE	adjuvant	CR	1.0	91.89322381930185	1.0	50.168377823408626	IIIC	False	False	DFS<180 days; moderately sensitive: 180>DFS>732; highly sensitive: DFS>732 days): highly sensitive	serous ovarian ca.	G3	R2	no mutation	mutation
GSM1559371	taxane/platinum	taxane/platinum	PACLITAXEL;PLATINUM	adjuvant	CR	1.0	103.32648870636551	0.0	51.87679671457906	IIB	False	False	DFS<180 days; moderately sensitive: 180>DFS>732; highly sensitive: DFS>732 days): highly sensitive	serous ovarian ca.	G3	R0	5382insC	mutation
GSM1559372	platinum/cyclophosphamide	platinum/cyclophosphamide	PLATINUM;CYCLOPHOSPHAMIDE	adjuvant	CR	1.0	92.02464065708419	0.0	82.82546201232033	IIIC	False	False	DFS<180 days; moderately sensitive: 180>DFS>732; highly sensitive: DFS>732 days): highly sensitive	serous ovarian ca.	G3	R2	no mutation	mutation
GSM1559373	taxane/platinum	taxane/platinum	PACLITAXEL;PLATINUM	adjuvant	CR	1.0	131.84394250513347	0.0	127.31006160164272	IIIC	False	False	DFS<180 days; moderately sensitive: 180>DFS>732; highly sensitive: DFS>732 days): highly sensitive	serous ovarian ca.	G2	R1	no mutation	mutation
GSM1559374	NA	NA	NA	adjuvant	NA	NA	NA	NA	NA	NA	False	False	DFS<180 days; moderately sensitive: 180>DFS>732; highly sensitive: DFS>732 days): NA	undifferentiated ovarian ca.	G4	NA	5382insC	mutation
GSM1559375	NA	NA	NA	adjuvant	NA	NA	NA	NA	NA	NA	False	False	DFS<180 days; moderately sensitive: 180>DFS>732; highly sensitive: DFS>732 days): NA	serous ovarian ca.	G3	NA	5382insC	NA
GSM1559376	NA	NA	NA	adjuvant	NA	NA	NA	NA	NA	NA	False	False	DFS<180 days; moderately sensitive: 180>DFS>732; highly sensitive: DFS>732 days): NA	serous ovarian ca.	G3	NA	T300G	no mutation
GSM1559377	NA	NA	NA	adjuvant	NA	NA	NA	NA	NA	IV	False	False	DFS<180 days; moderately sensitive: 180>DFS>732; highly sensitive: DFS>732 days): NA	serous ovarian ca.	G2	NA	185delAG	NA
GSM1559378	NA	NA	NA	adjuvant	NA	NA	NA	NA	NA	IIIC	False	False	DFS<180 days; moderately sensitive: 180>DFS>732; highly sensitive: DFS>732 days): NA	undifferentiated ovarian ca.	G3	NA	3819del5	NA
GSM1559379	NA	NA	NA	adjuvant	NA	NA	NA	NA	NA	NA	False	False	DFS<180 days; moderately sensitive: 180>DFS>732; highly sensitive: DFS>732 days): NA	endometrioid ovarian ca.	NA	NA	4153delA	NA
GSM1559380	NA	NA	NA	adjuvant	NA	NA	NA	NA	NA	NA	False	False	DFS<180 days; moderately sensitive: 180>DFS>732; highly sensitive: DFS>732 days): NA	endometrioid ovarian ca.	NA	NA	no mutation	NA
GSM1559381	NA	NA	NA	adjuvant	NA	NA	NA	NA	NA	NA	False	False	DFS<180 days; moderately sensitive: 180>DFS>732; highly sensitive: DFS>732 days): NA	endometrioid ovarian ca.	NA	NA	no mutation	NA
GSM1559382	NA	NA	NA	adjuvant	NA	NA	NA	NA	NA	NA	False	False	DFS<180 days; moderately sensitive: 180>DFS>732; highly sensitive: DFS>732 days): NA	endometrioid ovarian ca.	NA	NA	no mutation	NA
GSM1559383	NA	NA	NA	adjuvant	NA	NA	NA	NA	NA	NA	False	False	DFS<180 days; moderately sensitive: 180>DFS>732; highly sensitive: DFS>732 days): NA	endometrioid ovarian ca.	NA	NA	T300G	no mutation
GSM1559384	NA	NA	NA	adjuvant	NA	NA	NA	NA	NA	NA	False	False	DFS<180 days; moderately sensitive: 180>DFS>732; highly sensitive: DFS>732 days): NA	endometrioid ovarian ca.	NA	NA	no mutation	mutation
GSM1559385	NA	NA	NA	adjuvant	NA	NA	NA	NA	NA	NA	False	False	DFS<180 days; moderately sensitive: 180>DFS>732; highly sensitive: DFS>732 days): NA	endometrioid ovarian ca.	NA	NA	no mutation	no mutation
GSM1559386	NA	NA	NA	adjuvant	NA	NA	NA	NA	NA	NA	False	False	DFS<180 days; moderately sensitive: 180>DFS>732; highly sensitive: DFS>732 days): NA	endometrioid ovarian ca.	NA	NA	no mutation	no mutation
GSM1559387	NA	NA	NA	adjuvant	NA	NA	NA	NA	NA	NA	False	False	DFS<180 days; moderately sensitive: 180>DFS>732; highly sensitive: DFS>732 days): NA	endometrioid ovarian ca.	NA	NA	no mutation	mutation
GSM1559388	NA	NA	NA	adjuvant	NA	NA	NA	NA	NA	NA	False	False	DFS<180 days; moderately sensitive: 180>DFS>732; highly sensitive: DFS>732 days): NA	endometrioid ovarian ca.	NA	NA	no mutation	NA
GSM1559389	NA	NA	NA	adjuvant	NA	NA	NA	NA	NA	NA	False	False	DFS<180 days; moderately sensitive: 180>DFS>732; highly sensitive: DFS>732 days): NA	undifferentiated ovarian ca.	NA	NA	no mutation	mutation
GSM1559390	NA	NA	NA	adjuvant	NA	NA	NA	NA	NA	NA	False	False	DFS<180 days; moderately sensitive: 180>DFS>732; highly sensitive: DFS>732 days): NA	endometrioid ovarian ca.	NA	NA	no mutation	no mutation
GSM1559391	NA	NA	NA	adjuvant	NA	NA	NA	NA	NA	NA	False	False	DFS<180 days; moderately sensitive: 180>DFS>732; highly sensitive: DFS>732 days): NA	clearcell ovarian ca.	NA	NA	no mutation	no mutation
GSM1559392	NA	NA	NA	adjuvant	NA	NA	NA	NA	NA	NA	False	False	DFS<180 days; moderately sensitive: 180>DFS>732; highly sensitive: DFS>732 days): NA	clearcell ovarian ca.	NA	NA	NA	NA
GSM1559393	NA	NA	NA	adjuvant	NA	NA	NA	NA	NA	NA	False	False	DFS<180 days; moderately sensitive: 180>DFS>732; highly sensitive: DFS>732 days): NA	clearcell ovarian ca.	NA	NA	NA	NA
GSM1559394	NA	NA	NA	adjuvant	NA	NA	NA	NA	NA	NA	False	False	DFS<180 days; moderately sensitive: 180>DFS>732; highly sensitive: DFS>732 days): NA	clearcell ovarian ca.	NA	NA	NA	mutation
GSM1559395	NA	NA	NA	adjuvant	NA	NA	NA	NA	NA	NA	False	False	DFS<180 days; moderately sensitive: 180>DFS>732; highly sensitive: DFS>732 days): NA	clearcell ovarian ca.	NA	NA	no mutation	mutation
GSM1559396	NA	NA	NA	adjuvant	NA	NA	NA	NA	NA	NA	False	False	DFS<180 days; moderately sensitive: 180>DFS>732; highly sensitive: DFS>732 days): NA	clearcell ovarian ca.	NA	NA	no mutation	mutation
GSM1559397	NA	NA	NA	adjuvant	NA	NA	NA	NA	NA	NA	False	False	DFS<180 days; moderately sensitive: 180>DFS>732; highly sensitive: DFS>732 days): NA	clearcell ovarian ca.	NA	NA	no mutation	mutation
GSM1559398	NA	NA	NA	adjuvant	NA	NA	NA	NA	NA	NA	False	False	DFS<180 days; moderately sensitive: 180>DFS>732; highly sensitive: DFS>732 days): NA	clearcell ovarian ca.	NA	NA	no mutation	no mutation
GSM1559399	NA	NA	NA	adjuvant	NA	NA	NA	NA	NA	NA	False	False	DFS<180 days; moderately sensitive: 180>DFS>732; highly sensitive: DFS>732 days): NA	clearcell ovarian ca.	NA	NA	no mutation	NA
