sample	tumour_type	cancer	has_expression	has_pct
X-007	GC	gastric	0	1
X-010	GC	gastric	0	1
X-011	GC	gastric	0	1
X-015	GC	gastric	0	1
X-017	GC	gastric	0	1
X-020	GC	gastric	0	1
X-023	GC	gastric	0	1
X-024	GC	gastric	0	1
X-025	GC	gastric	0	1
X-027	GC	gastric	0	1
X-028	GC	gastric	0	1
X-029	GC	gastric	0	1
X-031	GC	gastric	0	1
X-034	GC	gastric	0	1
X-035	GC	gastric	0	1
X-037	GC	gastric	0	1
X-038	GC	gastric	0	1
X-039	GC	gastric	0	1
X-050	GC	gastric	0	1
X-056	GC	gastric	0	1
X-057	GC	gastric	0	1
X-064	GC	gastric	0	1
X-065	GC	gastric	0	1
X-067	GC	gastric	0	1
X-074	GC	gastric	0	1
X-075	GC	gastric	0	1
X-077	GC	gastric	0	1
X-078	GC	gastric	0	1
X-084	GC	gastric	0	1
X-089	GC	gastric	0	1
X-090	GC	gastric	0	1
X-091	GC	gastric	0	1
X-0933	CRC	colorectal	0	1
X-096	GC	gastric	0	1
X-097	GC	gastric	0	1
X-098	GC	gastric	0	1
X-0988	CRC	colorectal	0	1
X-099	GC	gastric	0	1
X-0991	PDAC	pancreas	0	1
X-0992	CRC	colorectal	0	1
X-1004	BRCA	breast	1	1
X-1008	BRCA	breast	1	1
X-101	GC	gastric	0	1
X-102	GC	gastric	0	1
X-1027	CRC	colorectal	1	1
X-105	GC	gastric	0	1
X-1055	CRC	colorectal	0	1
X-1095			1	0
X-1119	CRC	colorectal	1	1
X-114	GC	gastric	0	1
X-1156	NSCLC	lung (NSCLC)	1	1
X-1167	CRC	colorectal	1	1
X-1169			1	0
X-1172	NSCLC	lung (NSCLC)	1	1
X-1173	CRC	colorectal	1	1
X-118	GC	gastric	0	1
X-1189	NSCLC	lung (NSCLC)	0	1
X-119	GC	gastric	0	1
X-1199	PDAC	pancreas	1	1
X-1210	CRC	colorectal	1	1
X-1228	NSCLC	lung (NSCLC)	0	1
X-1234	CRC	colorectal	1	1
X-1256	CRC	colorectal	1	1
X-127	GC	gastric	0	1
X-1270	CRC	colorectal	1	1
X-128	GC	gastric	0	1
X-1286	BRCA	breast	0	1
X-1289	PDAC	pancreas	1	1
X-129	GC	gastric	0	1
X-1290	CRC	colorectal	1	1
X-1298	BRCA	breast	1	1
X-1303	CRC	colorectal	1	1
X-131	GC	gastric	0	1
X-1310	CRC	colorectal	0	1
X-1317	PDAC	pancreas	1	1
X-1318			1	0
X-1323	NSCLC	lung (NSCLC)	1	1
X-1329	CRC	colorectal	1	1
X-1333	CRC	colorectal	0	1
X-1337			1	0
X-1349	BRCA	breast	1	1
X-135	GC	gastric	0	1
X-136	GC	gastric	0	1
X-1362	PDAC	pancreas	1	1
X-1367			1	0
X-137	GC	gastric	0	1
X-1371	BRCA	breast	1	1
X-138	GC	gastric	0	1
X-1381			1	0
X-1383	BRCA	breast	1	1
X-1402	CRC	colorectal	0	1
X-1407	BRCA	breast	1	1
X-141	GC	gastric	0	1
X-142	GC	gastric	0	1
X-144	GC	gastric	0	1
X-1441	CRC	colorectal	1	1
X-1442	NSCLC	lung (NSCLC)	1	1
X-1443	CRC	colorectal	1	1
X-1451			1	0
X-146	GC	gastric	0	1
X-1468			1	1
X-1473			1	0
X-1479	CRC	colorectal	1	1
X-1480			1	0
X-1481			1	0
X-1493			1	0
X-1499	NSCLC	lung (NSCLC)	1	1
X-1500	CRC	colorectal	1	1
X-1536	CRC	colorectal	1	1
X-1538	CRC	colorectal	1	1
X-154	GC	gastric	0	1
X-1543			1	0
X-1569			1	0
X-158	GC	gastric	0	1
X-1586	NSCLC	lung (NSCLC)	1	1
X-160	GC	gastric	0	1
X-1600	BRCA	breast	1	1
X-161	GC	gastric	0	1
X-162	GC	gastric	0	1
X-1631	BRCA	breast	1	1
X-1633			1	0
X-165	GC	gastric	0	1
X-1655	CM	melanoma	1	1
X-1658	NSCLC	lung (NSCLC)	1	1
X-166	GC	gastric	0	1
X-1678			1	0
X-1683	NSCLC	lung (NSCLC)	1	1
X-169	GC	gastric	0	1
X-171	GC	gastric	0	1
X-1725	NSCLC	lung (NSCLC)	1	1
X-1726			1	0
X-1755			1	0
X-177	GC	gastric	0	1
X-1784			1	0
X-1786			1	0
X-1787	NSCLC	lung (NSCLC)	1	1
X-1795	NSCLC	lung (NSCLC)	1	1
X-1823	NSCLC	lung (NSCLC)	1	1
X-1828	BRCA	breast	1	1
X-1832	BRCA	breast	1	1
X-1834	NSCLC	lung (NSCLC)	1	1
X-1835	NSCLC	lung (NSCLC)	1	1
X-1855	CRC	colorectal	1	1
X-1865			1	0
X-1867			1	0
X-1869	NSCLC	lung (NSCLC)	0	1
X-1870	NSCLC	lung (NSCLC)	0	1
X-1906	CM	melanoma	1	1
X-1916	BRCA	breast	1	1
X-1921	BRCA	breast	1	1
X-1934	NSCLC	lung (NSCLC)	1	1
X-1948	PDAC	pancreas	1	1
X-1959	PDAC	pancreas	1	1
X-1963			1	0
X-1970			1	0
X-1979	NSCLC	lung (NSCLC)	1	1
X-1980	NSCLC	lung (NSCLC)	1	1
X-1993	NSCLC	lung (NSCLC)	1	1
X-2017	NSCLC	lung (NSCLC)	1	1
X-2026	PDAC	pancreas	1	1
X-2030			1	0
X-2042	NSCLC	lung (NSCLC)	1	1
X-2043	PDAC	pancreas	1	1
X-2046			1	0
X-20508	NSCLC	lung (NSCLC)	0	1
X-20689	NSCLC	lung (NSCLC)	0	1
X-2081	PDAC	pancreas	1	1
X-20810	NSCLC	lung (NSCLC)	0	1
X-2082	NSCLC	lung (NSCLC)	1	1
X-2088	NSCLC	lung (NSCLC)	1	1
X-2094	NSCLC	lung (NSCLC)	1	1
X-2096			1	0
X-2116			1	0
X-2127	BRCA	breast	1	1
X-2129			1	0
X-2145	CRC	colorectal	1	1
X-2148			1	0
X-21617	NSCLC	lung (NSCLC)	0	1
X-2163	CM	melanoma	1	1
X-2182	CRC	colorectal	1	1
X-2195	BRCA	breast	1	1
X-2198			1	0
X-2207			1	0
X-2208			1	0
X-2219			1	0
X-2220			1	1
X-2239	CRC	colorectal	1	1
X-2263			1	0
X-2283	PDAC	pancreas	1	1
X-2306	CM	melanoma	1	1
X-2336			1	0
X-2339	PDAC	pancreas	1	1
X-2344	BRCA	breast	1	1
X-2347			1	0
X-2353	BRCA	breast	1	1
X-2374	CRC	colorectal	1	1
X-2376			1	0
X-2403	CRC	colorectal	1	1
X-2406			1	0
X-2428	PDAC	pancreas	1	1
X-2454			1	0
X-2458			1	0
X-2470	PDAC	pancreas	1	1
X-2471			1	0
X-2483	CRC	colorectal	1	1
X-2484	CRC	colorectal	1	1
X-2487	BRCA	breast	1	1
X-2511			1	0
X-2514	CRC	colorectal	1	1
X-2524	BRCA	breast	1	1
X-2526			1	0
X-2538	CRC	colorectal	1	1
X-2564	PDAC	pancreas	1	1
X-2569			1	0
X-2573	CRC	colorectal	1	1
X-2592			1	0
X-2597			1	0
X-2602	CM	melanoma	1	1
X-2607			1	0
X-2613	CM	melanoma	1	1
X-2628			1	0
X-2633	PDAC	pancreas	1	1
X-2640	BRCA	breast	1	1
X-2655			1	0
X-2659	CRC	colorectal	1	1
X-2681			1	0
X-2684	PDAC	pancreas	1	1
X-2697			1	0
X-2700	CM	melanoma	1	1
X-2709			1	0
X-2715			1	0
X-2723	CM	melanoma	1	1
X-2725			1	0
X-2729			1	0
X-2742			1	0
X-2753	CM	melanoma	1	1
X-2757			1	0
X-2761	CRC	colorectal	1	1
X-2762			1	0
X-2780	BRCA	breast	1	1
X-2781			1	0
X-2793			1	0
X-2805			1	0
X-2822	CRC	colorectal	1	1
X-2838	CM	melanoma	1	1
X-2846	CRC	colorectal	1	1
X-2861	CRC	colorectal	1	1
X-2863			1	0
X-2880			1	0
X-2914			1	0
X-2921	CM	melanoma	1	1
X-2930			1	0
X-2967			1	0
X-2983			1	0
X-2990			1	0
X-2991			1	0
X-2992	CM	melanoma	0	1
X-2997	PDAC	pancreas	1	1
X-3001			1	0
X-3009			1	0
X-3019			1	0
X-3020			1	0
X-3028	PDAC	pancreas	1	1
X-3029	NSCLC	lung (NSCLC)	1	1
X-3038	PDAC	pancreas	1	1
X-3041			1	0
X-3042			1	0
X-3050			1	0
X-3052	PDAC	pancreas	1	1
X-3056			1	0
X-3077	BRCA	breast	1	1
X-3078	BRCA	breast	1	1
X-3083			1	0
X-3093	CRC	colorectal	1	1
X-3102			1	0
X-3114			1	0
X-3127	CM	melanoma	1	1
X-3135			1	0
X-3147			1	0
X-3158			1	0
X-3189			1	0
X-3196			1	0
X-3200			1	0
X-3201	BRCA	breast	1	1
X-3202			1	0
X-3205	CRC	colorectal	1	1
X-3209	PDAC	pancreas	0	1
X-3211	CM	melanoma	1	1
X-3224	CRC	colorectal	1	1
X-3237	NSCLC	lung (NSCLC)	1	1
X-3239			1	0
X-3267	CRC	colorectal	1	1
X-3268	PDAC	pancreas	1	1
X-3274			1	0
X-3286			1	0
X-3298	BRCA	breast	1	1
X-3400			1	0
X-3408			1	0
X-3419			1	0
X-3425			1	0
X-3447			1	0
X-3450	BRCA	breast	1	1
X-3453	BRCA	breast	1	1
X-3468	BRCA	breast	1	1
X-3483	CM	melanoma	1	1
X-3486	CM	melanoma	1	1
X-3503	CM	melanoma	1	1
X-3558			1	0
X-3559			1	0
X-3570			1	0
X-3575			1	0
X-3588			1	0
X-3604			1	0
X-3615			1	0
X-3629			1	0
X-3662			1	0
X-3671	CRC	colorectal	1	1
X-3676	CM	melanoma	1	1
X-3682			1	0
X-3684	CRC	colorectal	1	1
X-3694			1	0
X-3697	BRCA	breast	1	1
X-3711			1	0
X-3717			1	0
X-3729			1	0
X-3735			1	0
X-3736			1	0
X-3739			1	0
X-3746	CM	melanoma	1	1
X-3749			1	0
X-3765			1	0
X-3766			1	0
X-3769			1	0
X-3773	CM	melanoma	1	1
X-3782			1	1
X-3783			1	0
X-3787			1	0
X-3792	CRC	colorectal	1	1
X-3800	PDAC	pancreas	1	1
X-3801			1	0
X-3811			1	0
X-3816	PDAC	pancreas	1	1
X-3829			1	0
X-3843	NSCLC	lung (NSCLC)	1	1
X-3846	PDAC	pancreas	1	1
X-3851	CM	melanoma	1	1
X-3861			1	0
X-3867			1	0
X-3870			1	0
X-3873	BRCA	breast	1	1
X-3880	CM	melanoma	1	1
X-3888			1	0
X-3898	PDAC	pancreas	1	1
X-3901			1	0
X-3904			1	0
X-3926			1	0
X-3939			1	0
X-3947	PDAC	pancreas	1	1
X-3949			1	0
X-3966			1	0
X-3982			1	0
X-3990	PDAC	pancreas	1	1
X-4015	PDAC	pancreas	1	1
X-4018	PDAC	pancreas	1	1
X-4026			1	0
X-4073			1	0
X-4087	CRC	colorectal	1	1
X-4132			1	0
X-4138			1	0
X-4145	CRC	colorectal	1	1
X-4157	CM	melanoma	1	1
X-4163			1	0
X-4173			1	0
X-4213			1	0
X-4215	PDAC	pancreas	1	1
X-4226	PDAC	pancreas	1	1
X-4244			1	0
X-4261			1	0
X-4279			1	0
X-4304			1	0
X-4316	PDAC	pancreas	1	1
X-4339	CM	melanoma	1	1
X-4347	BRCA	breast	1	1
X-4361			1	0
X-4367			1	0
X-4377	PDAC	pancreas	1	1
X-4378	PDAC	pancreas	1	1
X-4379			1	0
X-4412			1	0
X-4426	CM	melanoma	1	1
X-4439	PDAC	pancreas	0	1
X-4454			1	0
X-4455	CM	melanoma	1	1
X-4476			1	0
X-4484			1	0
X-4530	CM	melanoma	1	1
X-4536			1	0
X-4537			1	0
X-4538	CM	melanoma	1	1
X-4567	BRCA	breast	1	1
X-4579			1	0
X-4597			1	0
X-4624			1	0
X-4644	CM	melanoma	1	1
X-4649	PDAC	pancreas	1	1
X-4653			1	0
X-4664			1	0
X-4668	CM	melanoma	1	1
X-4676	PDAC	pancreas	1	1
X-4797			1	0
X-4799			1	0
X-4818			1	0
X-4819	NSCLC	lung (NSCLC)	1	1
X-4824	BRCA	breast	1	1
X-4826			1	0
X-4829			1	0
X-4832	CM	melanoma	1	1
X-4833			1	0
X-4849	CM	melanoma	1	1
X-4852			1	0
X-4863			1	0
X-4869			1	0
X-4882			1	0
X-4886			1	0
X-4888	BRCA	breast	1	1
X-4905			1	0
X-4927	PDAC	pancreas	1	1
X-4948			1	0
X-4949	BRCA	breast	1	1
X-4979			1	0
X-5018			1	0
X-5041			1	0
X-5077			1	0
X-5094			1	0
X-5189	CM	melanoma	1	1
X-5205	PDAC	pancreas	1	1
X-5238	CRC	colorectal	1	1
X-5249	BRCA	breast	1	1
X-5254	CRC	colorectal	1	1
X-5261			1	0
X-5267	NSCLC	lung (NSCLC)	0	1
X-5273			1	0
X-5307			1	0
X-5316			1	0
X-5355	BRCA	breast	1	1
X-5374			1	0
X-5388			1	0
X-5405	CRC	colorectal	1	1
X-5415			1	0
X-5421	CRC	colorectal	1	1
X-5438	CRC	colorectal	1	1
X-5441			1	0
X-5446	CRC	colorectal	1	1
X-5462			1	0
X-5490			1	0
X-5493			1	0
X-5494	CRC	colorectal	1	1
X-5495	CRC	colorectal	1	1
X-5502	BRCA	breast	1	1
X-5508			1	0
X-5536	CRC	colorectal	0	1
X-5541	BRCA	breast	1	1
X-5563			1	0
X-5566			1	0
X-5578	CRC	colorectal	1	1
X-5584			1	0
X-5593			1	0
X-5594			1	0
X-5595			1	0
X-5627			1	0
X-5643			1	0
X-5645			1	0
X-5693			1	0
X-5694			1	0
X-5696			1	0
X-5713			1	0
X-5717			1	0
X-5727			1	0
X-5739			1	0
X-5808			1	0
X-5959			1	0
X-5974			1	0
X-5975	BRCA	breast	1	1
X-6030			1	0
X-6047	BRCA	breast	1	1
