sample	drug	response	metric	direction	n
hF2	FLUOROURACIL	0.7659	AUC	lower = more sensitive	1
hF23	FLUOROURACIL	0.7451	AUC	lower = more sensitive	1
hF24	FLUOROURACIL	0.6459	AUC	lower = more sensitive	1
hF27	FLUOROURACIL	0.7098	AUC	lower = more sensitive	1
hF28	FLUOROURACIL	0.7949	AUC	lower = more sensitive	1
hF3	FLUOROURACIL	0.7473	AUC	lower = more sensitive	1
hF31	FLUOROURACIL	0.7235	AUC	lower = more sensitive	1
hF32	FLUOROURACIL	0.8078	AUC	lower = more sensitive	1
hF39	FLUOROURACIL	0.7849	AUC	lower = more sensitive	1
hF43	FLUOROURACIL	0.7802	AUC	lower = more sensitive	1
hF44	FLUOROURACIL	0.7583	AUC	lower = more sensitive	1
hF45	FLUOROURACIL	0.8223	AUC	lower = more sensitive	1
hF50	FLUOROURACIL	0.7297	AUC	lower = more sensitive	1
hF54	FLUOROURACIL	0.705	AUC	lower = more sensitive	1
hF57	FLUOROURACIL	0.7273	AUC	lower = more sensitive	1
hF68	FLUOROURACIL	0.7328	AUC	lower = more sensitive	1
hF70	FLUOROURACIL	0.9175	AUC	lower = more sensitive	1
hF71	FLUOROURACIL	0.7238	AUC	lower = more sensitive	1
hF72	FLUOROURACIL	0.8242	AUC	lower = more sensitive	1
hF74	FLUOROURACIL	0.7248	AUC	lower = more sensitive	1
hF77	FLUOROURACIL	0.7707	AUC	lower = more sensitive	1
hF78	FLUOROURACIL	0.815	AUC	lower = more sensitive	1
hF81	FLUOROURACIL	0.818	AUC	lower = more sensitive	1
hF82	FLUOROURACIL	0.8282	AUC	lower = more sensitive	1
hM17D	FLUOROURACIL	0.7165	AUC	lower = more sensitive	1
hM19A	FLUOROURACIL	0.7639	AUC	lower = more sensitive	1
hM1A	FLUOROURACIL	0.7633	AUC	lower = more sensitive	1
hM8	FLUOROURACIL	0.6781	AUC	lower = more sensitive	1
hT1	FLUOROURACIL	0.7136	AUC	lower = more sensitive	1
hT101	FLUOROURACIL	0.6866	AUC	lower = more sensitive	1
hT102	FLUOROURACIL	0.7684	AUC	lower = more sensitive	1
hT103	FLUOROURACIL	0.8836	AUC	lower = more sensitive	1
hT105	FLUOROURACIL	0.7284	AUC	lower = more sensitive	1
hT106	FLUOROURACIL	0.8889	AUC	lower = more sensitive	1
hT108	FLUOROURACIL	0.6979	AUC	lower = more sensitive	1
hT117	FLUOROURACIL	0.6524	AUC	lower = more sensitive	1
hT123	FLUOROURACIL	0.8223	AUC	lower = more sensitive	1
hT125	FLUOROURACIL	0.8154	AUC	lower = more sensitive	1
hT127	FLUOROURACIL	0.7442	AUC	lower = more sensitive	1
hT133	FLUOROURACIL	0.8165	AUC	lower = more sensitive	1
hT134	FLUOROURACIL	0.8777	AUC	lower = more sensitive	1
hT25	FLUOROURACIL	0.8116	AUC	lower = more sensitive	1
hT3	FLUOROURACIL	0.6569	AUC	lower = more sensitive	1
hT30	FLUOROURACIL	0.8067	AUC	lower = more sensitive	1
hT44	FLUOROURACIL	0.8343	AUC	lower = more sensitive	1
hT48	FLUOROURACIL	0.7353	AUC	lower = more sensitive	1
hT58	FLUOROURACIL	0.8125	AUC	lower = more sensitive	1
hT60	FLUOROURACIL	0.7827	AUC	lower = more sensitive	1
hT64	FLUOROURACIL	0.7637	AUC	lower = more sensitive	1
hT81	FLUOROURACIL	0.7942	AUC	lower = more sensitive	1
hT82	FLUOROURACIL	0.648	AUC	lower = more sensitive	1
hT83	FLUOROURACIL	0.7633	AUC	lower = more sensitive	1
hT85	FLUOROURACIL	0.7621	AUC	lower = more sensitive	1
hT87	FLUOROURACIL	0.7392	AUC	lower = more sensitive	1
hT89	FLUOROURACIL	0.8479	AUC	lower = more sensitive	1
hT91	FLUOROURACIL	0.8305	AUC	lower = more sensitive	1
hT93	FLUOROURACIL	0.7567	AUC	lower = more sensitive	1
hT98	FLUOROURACIL	0.8029	AUC	lower = more sensitive	1
hF2	GEMCITABINE	0.3646	AUC	lower = more sensitive	1
hF23	GEMCITABINE	0.2917	AUC	lower = more sensitive	1
hF24	GEMCITABINE	0.3472	AUC	lower = more sensitive	1
hF27	GEMCITABINE	0.4559	AUC	lower = more sensitive	1
hF28	GEMCITABINE	0.479	AUC	lower = more sensitive	1
hF3	GEMCITABINE	0.3574	AUC	lower = more sensitive	1
hF31	GEMCITABINE	0.3581	AUC	lower = more sensitive	1
hF32	GEMCITABINE	0.3274	AUC	lower = more sensitive	1
hF39	GEMCITABINE	0.5485	AUC	lower = more sensitive	1
hF43	GEMCITABINE	0.3482	AUC	lower = more sensitive	1
hF44	GEMCITABINE	0.3481	AUC	lower = more sensitive	1
hF45	GEMCITABINE	0.4327	AUC	lower = more sensitive	1
hF50	GEMCITABINE	0.3688	AUC	lower = more sensitive	1
hF54	GEMCITABINE	0.3338	AUC	lower = more sensitive	1
hF57	GEMCITABINE	0.4462	AUC	lower = more sensitive	1
hF68	GEMCITABINE	0.3497	AUC	lower = more sensitive	1
hF70	GEMCITABINE	0.7557	AUC	lower = more sensitive	1
hF71	GEMCITABINE	0.3054	AUC	lower = more sensitive	1
hF72	GEMCITABINE	0.3877	AUC	lower = more sensitive	1
hF74	GEMCITABINE	0.4355	AUC	lower = more sensitive	1
hF77	GEMCITABINE	0.4568	AUC	lower = more sensitive	1
hF78	GEMCITABINE	0.4875	AUC	lower = more sensitive	1
hF81	GEMCITABINE	0.5033	AUC	lower = more sensitive	1
hF82	GEMCITABINE	0.5036	AUC	lower = more sensitive	1
hM17D	GEMCITABINE	0.374	AUC	lower = more sensitive	1
hM19A	GEMCITABINE	0.4398	AUC	lower = more sensitive	1
hM1A	GEMCITABINE	0.4783	AUC	lower = more sensitive	1
hM8	GEMCITABINE	0.3032	AUC	lower = more sensitive	1
hT1	GEMCITABINE	0.3743	AUC	lower = more sensitive	1
hT101	GEMCITABINE	0.3637	AUC	lower = more sensitive	1
hT102	GEMCITABINE	0.2904	AUC	lower = more sensitive	1
hT103	GEMCITABINE	0.384	AUC	lower = more sensitive	1
hT105	GEMCITABINE	0.3589	AUC	lower = more sensitive	1
hT106	GEMCITABINE	0.4751	AUC	lower = more sensitive	1
hT108	GEMCITABINE	0.2853	AUC	lower = more sensitive	1
hT117	GEMCITABINE	0.3712	AUC	lower = more sensitive	1
hT123	GEMCITABINE	0.3276	AUC	lower = more sensitive	1
hT125	GEMCITABINE	0.3249	AUC	lower = more sensitive	1
hT127	GEMCITABINE	0.4361	AUC	lower = more sensitive	1
hT133	GEMCITABINE	0.4571	AUC	lower = more sensitive	1
hT134	GEMCITABINE	0.3508	AUC	lower = more sensitive	1
hT25	GEMCITABINE	0.3958	AUC	lower = more sensitive	1
hT3	GEMCITABINE	0.4247	AUC	lower = more sensitive	1
hT30	GEMCITABINE	0.507	AUC	lower = more sensitive	1
hT44	GEMCITABINE	0.3351	AUC	lower = more sensitive	1
hT48	GEMCITABINE	0.4122	AUC	lower = more sensitive	1
hT58	GEMCITABINE	0.6521	AUC	lower = more sensitive	1
hT60	GEMCITABINE	0.4397	AUC	lower = more sensitive	1
hT64	GEMCITABINE	0.4898	AUC	lower = more sensitive	1
hT81	GEMCITABINE	0.6032	AUC	lower = more sensitive	1
hT82	GEMCITABINE	0.3359	AUC	lower = more sensitive	1
hT83	GEMCITABINE	0.4591	AUC	lower = more sensitive	1
hT85	GEMCITABINE	0.3124	AUC	lower = more sensitive	1
hT87	GEMCITABINE	0.3483	AUC	lower = more sensitive	1
hT89	GEMCITABINE	0.6004	AUC	lower = more sensitive	1
hT91	GEMCITABINE	0.4391	AUC	lower = more sensitive	1
hT93	GEMCITABINE	0.4406	AUC	lower = more sensitive	1
hT98	GEMCITABINE	0.3376	AUC	lower = more sensitive	1
hF2	OXALIPLATIN	0.8159	AUC	lower = more sensitive	1
hF23	OXALIPLATIN	0.747	AUC	lower = more sensitive	1
hF24	OXALIPLATIN	0.7461	AUC	lower = more sensitive	1
hF27	OXALIPLATIN	0.7655	AUC	lower = more sensitive	1
hF28	OXALIPLATIN	0.7759	AUC	lower = more sensitive	1
hF3	OXALIPLATIN	0.8303	AUC	lower = more sensitive	1
hF31	OXALIPLATIN	0.7485	AUC	lower = more sensitive	1
hF32	OXALIPLATIN	0.7821	AUC	lower = more sensitive	1
hF39	OXALIPLATIN	0.7735	AUC	lower = more sensitive	1
hF43	OXALIPLATIN	0.8324	AUC	lower = more sensitive	1
hF44	OXALIPLATIN	0.7768	AUC	lower = more sensitive	1
hF45	OXALIPLATIN	0.8207	AUC	lower = more sensitive	1
hF50	OXALIPLATIN	0.7296	AUC	lower = more sensitive	1
hF54	OXALIPLATIN	0.7526	AUC	lower = more sensitive	1
hF57	OXALIPLATIN	0.7947	AUC	lower = more sensitive	1
hF68	OXALIPLATIN	0.7512	AUC	lower = more sensitive	1
hF70	OXALIPLATIN	0.9364	AUC	lower = more sensitive	1
hF71	OXALIPLATIN	0.6542	AUC	lower = more sensitive	1
hF72	OXALIPLATIN	0.7359	AUC	lower = more sensitive	1
hF74	OXALIPLATIN	0.7576	AUC	lower = more sensitive	1
hF77	OXALIPLATIN	0.8176	AUC	lower = more sensitive	1
hF78	OXALIPLATIN	0.7637	AUC	lower = more sensitive	1
hF81	OXALIPLATIN	0.7977	AUC	lower = more sensitive	1
hF82	OXALIPLATIN	0.8256	AUC	lower = more sensitive	1
hM17D	OXALIPLATIN	0.8228	AUC	lower = more sensitive	1
hM19A	OXALIPLATIN	0.8236	AUC	lower = more sensitive	1
hM1A	OXALIPLATIN	0.7898	AUC	lower = more sensitive	1
hM8	OXALIPLATIN	0.6227	AUC	lower = more sensitive	1
hT1	OXALIPLATIN	0.7931	AUC	lower = more sensitive	1
hT101	OXALIPLATIN	0.7743	AUC	lower = more sensitive	1
hT102	OXALIPLATIN	0.6833	AUC	lower = more sensitive	1
hT103	OXALIPLATIN	0.7995	AUC	lower = more sensitive	1
hT105	OXALIPLATIN	0.7095	AUC	lower = more sensitive	1
hT106	OXALIPLATIN	0.8674	AUC	lower = more sensitive	1
hT108	OXALIPLATIN	0.715	AUC	lower = more sensitive	1
hT117	OXALIPLATIN	0.8021	AUC	lower = more sensitive	1
hT123	OXALIPLATIN	0.7863	AUC	lower = more sensitive	1
hT125	OXALIPLATIN	0.719	AUC	lower = more sensitive	1
hT127	OXALIPLATIN	0.8016	AUC	lower = more sensitive	1
hT133	OXALIPLATIN	0.8335	AUC	lower = more sensitive	1
hT134	OXALIPLATIN	0.8006	AUC	lower = more sensitive	1
hT25	OXALIPLATIN	0.7988	AUC	lower = more sensitive	1
hT3	OXALIPLATIN	0.7048	AUC	lower = more sensitive	1
hT30	OXALIPLATIN	0.8207	AUC	lower = more sensitive	1
hT44	OXALIPLATIN	0.724	AUC	lower = more sensitive	1
hT48	OXALIPLATIN	0.726	AUC	lower = more sensitive	1
hT58	OXALIPLATIN	0.8015	AUC	lower = more sensitive	1
hT60	OXALIPLATIN	0.824	AUC	lower = more sensitive	1
hT64	OXALIPLATIN	0.7567	AUC	lower = more sensitive	1
hT81	OXALIPLATIN	0.8344	AUC	lower = more sensitive	1
hT82	OXALIPLATIN	0.7712	AUC	lower = more sensitive	1
hT83	OXALIPLATIN	0.7973	AUC	lower = more sensitive	1
hT85	OXALIPLATIN	0.7059	AUC	lower = more sensitive	1
hT87	OXALIPLATIN	0.7282	AUC	lower = more sensitive	1
hT89	OXALIPLATIN	0.8095	AUC	lower = more sensitive	1
hT91	OXALIPLATIN	0.8287	AUC	lower = more sensitive	1
hT93	OXALIPLATIN	0.7785	AUC	lower = more sensitive	1
hT98	OXALIPLATIN	0.7284	AUC	lower = more sensitive	1
hF2	PACLITAXEL	0.478	AUC	lower = more sensitive	1
hF23	PACLITAXEL	0.2799	AUC	lower = more sensitive	1
hF24	PACLITAXEL	0.5082	AUC	lower = more sensitive	1
hF27	PACLITAXEL	0.3997	AUC	lower = more sensitive	1
hF28	PACLITAXEL	0.457	AUC	lower = more sensitive	1
hF3	PACLITAXEL	0.3027	AUC	lower = more sensitive	1
hF31	PACLITAXEL	0.3259	AUC	lower = more sensitive	1
hF32	PACLITAXEL	0.3594	AUC	lower = more sensitive	1
hF39	PACLITAXEL	0.5384	AUC	lower = more sensitive	1
hF43	PACLITAXEL	0.4345	AUC	lower = more sensitive	1
hF44	PACLITAXEL	0.3131	AUC	lower = more sensitive	1
hF45	PACLITAXEL	0.4688	AUC	lower = more sensitive	1
hF50	PACLITAXEL	0.41	AUC	lower = more sensitive	1
hF54	PACLITAXEL	0.346	AUC	lower = more sensitive	1
hF57	PACLITAXEL	0.3316	AUC	lower = more sensitive	1
hF68	PACLITAXEL	0.4542	AUC	lower = more sensitive	1
hF70	PACLITAXEL	0.6011	AUC	lower = more sensitive	1
hF71	PACLITAXEL	0.4611	AUC	lower = more sensitive	1
hF72	PACLITAXEL	0.3242	AUC	lower = more sensitive	1
hF74	PACLITAXEL	0.3652	AUC	lower = more sensitive	1
hF77	PACLITAXEL	0.3416	AUC	lower = more sensitive	1
hF78	PACLITAXEL	0.4925	AUC	lower = more sensitive	1
hF81	PACLITAXEL	0.4047	AUC	lower = more sensitive	1
hF82	PACLITAXEL	0.5448	AUC	lower = more sensitive	1
hM17D	PACLITAXEL	0.3887	AUC	lower = more sensitive	1
hM19A	PACLITAXEL	0.4248	AUC	lower = more sensitive	1
hM1A	PACLITAXEL	0.4765	AUC	lower = more sensitive	1
hM8	PACLITAXEL	0.3255	AUC	lower = more sensitive	1
hT1	PACLITAXEL	0.3136	AUC	lower = more sensitive	1
hT101	PACLITAXEL	0.3314	AUC	lower = more sensitive	1
hT102	PACLITAXEL	0.318	AUC	lower = more sensitive	1
hT103	PACLITAXEL	0.3994	AUC	lower = more sensitive	1
hT105	PACLITAXEL	0.2734	AUC	lower = more sensitive	1
hT106	PACLITAXEL	0.4963	AUC	lower = more sensitive	1
hT108	PACLITAXEL	0.3096	AUC	lower = more sensitive	1
hT117	PACLITAXEL	0.3282	AUC	lower = more sensitive	1
hT123	PACLITAXEL	0.3634	AUC	lower = more sensitive	1
hT125	PACLITAXEL	0.3887	AUC	lower = more sensitive	1
hT127	PACLITAXEL	0.42	AUC	lower = more sensitive	1
hT133	PACLITAXEL	0.4595	AUC	lower = more sensitive	1
hT134	PACLITAXEL	0.3517	AUC	lower = more sensitive	1
hT25	PACLITAXEL	0.3727	AUC	lower = more sensitive	1
hT3	PACLITAXEL	0.3506	AUC	lower = more sensitive	1
hT30	PACLITAXEL	0.4687	AUC	lower = more sensitive	1
hT44	PACLITAXEL	0.3302	AUC	lower = more sensitive	1
hT48	PACLITAXEL	0.3792	AUC	lower = more sensitive	1
hT58	PACLITAXEL	0.6896	AUC	lower = more sensitive	1
hT60	PACLITAXEL	0.4127	AUC	lower = more sensitive	1
hT64	PACLITAXEL	0.4228	AUC	lower = more sensitive	1
hT81	PACLITAXEL	0.5245	AUC	lower = more sensitive	1
hT82	PACLITAXEL	0.3002	AUC	lower = more sensitive	1
hT83	PACLITAXEL	0.4269	AUC	lower = more sensitive	1
hT85	PACLITAXEL	0.3564	AUC	lower = more sensitive	1
hT87	PACLITAXEL	0.4617	AUC	lower = more sensitive	1
hT89	PACLITAXEL	0.583	AUC	lower = more sensitive	1
hT91	PACLITAXEL	0.3258	AUC	lower = more sensitive	1
hT93	PACLITAXEL	0.357	AUC	lower = more sensitive	1
hT98	PACLITAXEL	0.3507	AUC	lower = more sensitive	1
hF2	SN-38	0.3417	AUC	lower = more sensitive	1
hF23	SN-38	0.3026	AUC	lower = more sensitive	1
hF24	SN-38	0.297	AUC	lower = more sensitive	1
hF27	SN-38	0.3279	AUC	lower = more sensitive	1
hF28	SN-38	0.4427	AUC	lower = more sensitive	1
hF3	SN-38	0.3186	AUC	lower = more sensitive	1
hF31	SN-38	0.3	AUC	lower = more sensitive	1
hF32	SN-38	0.3606	AUC	lower = more sensitive	1
hF39	SN-38	0.4666	AUC	lower = more sensitive	1
hF43	SN-38	0.2977	AUC	lower = more sensitive	1
hF44	SN-38	0.3112	AUC	lower = more sensitive	1
hF45	SN-38	0.4633	AUC	lower = more sensitive	1
hF50	SN-38	0.3098	AUC	lower = more sensitive	1
hF54	SN-38	0.317	AUC	lower = more sensitive	1
hF57	SN-38	0.3998	AUC	lower = more sensitive	1
hF68	SN-38	0.3677	AUC	lower = more sensitive	1
hF70	SN-38	0.6024	AUC	lower = more sensitive	1
hF71	SN-38	0.2748	AUC	lower = more sensitive	1
hF72	SN-38	0.3088	AUC	lower = more sensitive	1
hF74	SN-38	0.3409	AUC	lower = more sensitive	1
hF77	SN-38	0.3822	AUC	lower = more sensitive	1
hF78	SN-38	0.4112	AUC	lower = more sensitive	1
hF81	SN-38	0.3411	AUC	lower = more sensitive	1
hF82	SN-38	0.4666	AUC	lower = more sensitive	1
hM17D	SN-38	0.3524	AUC	lower = more sensitive	1
hM19A	SN-38	0.3237	AUC	lower = more sensitive	1
hM1A	SN-38	0.3883	AUC	lower = more sensitive	1
hM8	SN-38	0.356	AUC	lower = more sensitive	1
hT1	SN-38	0.2973	AUC	lower = more sensitive	1
hT101	SN-38	0.3197	AUC	lower = more sensitive	1
hT102	SN-38	0.3063	AUC	lower = more sensitive	1
hT103	SN-38	0.4063	AUC	lower = more sensitive	1
hT105	SN-38	0.3153	AUC	lower = more sensitive	1
hT106	SN-38	0.5115	AUC	lower = more sensitive	1
hT108	SN-38	0.2601	AUC	lower = more sensitive	1
hT117	SN-38	0.3065	AUC	lower = more sensitive	1
hT123	SN-38	0.3199	AUC	lower = more sensitive	1
hT125	SN-38	0.3284	AUC	lower = more sensitive	1
hT127	SN-38	0.325	AUC	lower = more sensitive	1
hT133	SN-38	0.3958	AUC	lower = more sensitive	1
hT134	SN-38	0.3273	AUC	lower = more sensitive	1
hT25	SN-38	0.335	AUC	lower = more sensitive	1
hT3	SN-38	0.3516	AUC	lower = more sensitive	1
hT30	SN-38	0.3726	AUC	lower = more sensitive	1
hT44	SN-38	0.3079	AUC	lower = more sensitive	1
hT48	SN-38	0.3478	AUC	lower = more sensitive	1
hT58	SN-38	0.616	AUC	lower = more sensitive	1
hT60	SN-38	0.3512	AUC	lower = more sensitive	1
hT64	SN-38	0.4103	AUC	lower = more sensitive	1
hT81	SN-38	0.4708	AUC	lower = more sensitive	1
hT82	SN-38	0.2626	AUC	lower = more sensitive	1
hT83	SN-38	0.443	AUC	lower = more sensitive	1
hT85	SN-38	0.2965	AUC	lower = more sensitive	1
hT87	SN-38	0.3404	AUC	lower = more sensitive	1
hT89	SN-38	0.4462	AUC	lower = more sensitive	1
hT91	SN-38	0.3439	AUC	lower = more sensitive	1
hT93	SN-38	0.37	AUC	lower = more sensitive	1
hT98	SN-38	0.2601	AUC	lower = more sensitive	1
