sample	cancer_type
HCCO4	hepatocellular carcinoma
HCCO5	hepatocellular carcinoma
HCCO6	hepatocellular carcinoma
HCCO7	hepatocellular carcinoma
HCCO8	hepatocellular carcinoma
HCCO9	hepatocellular carcinoma
HCCO10	hepatocellular carcinoma
HCCO11	hepatocellular carcinoma
HCCO12	hepatocellular carcinoma
HCCO13	hepatocellular carcinoma
HCCO14	hepatocellular carcinoma
HCCO15	hepatocellular carcinoma
HCCO16	hepatocellular carcinoma
HCCO17	hepatocellular carcinoma
HCCO18	hepatocellular carcinoma
HCCO19	hepatocellular carcinoma
HCCO20	hepatocellular carcinoma
HCCO21	hepatocellular carcinoma
HCCO22	hepatocellular carcinoma
HCCO23	hepatocellular carcinoma
HCCO24	hepatocellular carcinoma
HCCO25	hepatocellular carcinoma
HCCO27	hepatocellular carcinoma
HCCO28	hepatocellular carcinoma
HCCO29	hepatocellular carcinoma
HCCO30	hepatocellular carcinoma
HCCO31	hepatocellular carcinoma
HCCO32	hepatocellular carcinoma
HCCO33	hepatocellular carcinoma
HCCO34	hepatocellular carcinoma
HCCO35	hepatocellular carcinoma
HCCO36	hepatocellular carcinoma
HCCO37	hepatocellular carcinoma
HCCO38	hepatocellular carcinoma
HCCO39	hepatocellular carcinoma
HCCO40	hepatocellular carcinoma
HCCO41	hepatocellular carcinoma
HCCO42	hepatocellular carcinoma
HCCO43	hepatocellular carcinoma
HCCO44	hepatocellular carcinoma
HCCO45	hepatocellular carcinoma
ICCO1	intrahepatic cholangiocarcinoma
ICCO2	intrahepatic cholangiocarcinoma
ICCO3	intrahepatic cholangiocarcinoma
ICCO4	intrahepatic cholangiocarcinoma
ICCO5	intrahepatic cholangiocarcinoma
ICCO7	intrahepatic cholangiocarcinoma
ICCO8	intrahepatic cholangiocarcinoma
ICCO9	intrahepatic cholangiocarcinoma
ICCO10	intrahepatic cholangiocarcinoma
ICCO11	intrahepatic cholangiocarcinoma
ICCO12	intrahepatic cholangiocarcinoma
ICCO13	intrahepatic cholangiocarcinoma
CHCO1	combined hepatocellular-cholangiocarcinoma
CHCO2	combined hepatocellular-cholangiocarcinoma
CHCO3	combined hepatocellular-cholangiocarcinoma
CHCO4	combined hepatocellular-cholangiocarcinoma
HBO1	hepatoblastoma
HBO2	hepatoblastoma
HBO3	hepatoblastoma
HBO4	hepatoblastoma
HBO5	hepatoblastoma
