ML	k	pathways	logrank_p	os5_responder	os5_nonresponder
Ridge	2	REACTOME_EGFR_DOWNREGULATION;REACTOME_IL_6_SIGNALING	0.7750504106236731	0.4219753841348254	0.5218240251941232
Ridge	3	REACTOME_EGFR_DOWNREGULATION;REACTOME_IL_6_SIGNALING;REACTOME_RECYCLING_OF_BILE_ACIDS_AND_SALTS	0.7741266249331371	0.4122807242019064	0.5257903079331653
Ridge	4	REACTOME_EGFR_DOWNREGULATION;REACTOME_IL_6_SIGNALING;REACTOME_RECYCLING_OF_BILE_ACIDS_AND_SALTS;REACTOME_FORMATION_OF_INCISION_COMPLEX_IN_GG_NER	0.6627494227974011	0.5412421630094045	0.0
Ridge	5	REACTOME_EGFR_DOWNREGULATION;REACTOME_IL_6_SIGNALING;REACTOME_RECYCLING_OF_BILE_ACIDS_AND_SALTS;REACTOME_FORMATION_OF_INCISION_COMPLEX_IN_GG_NER;REACTOME_TRAF6_MEDIATED_INDUCTION_OF_TAK1_COMPLEX	0.6667035461455226	0.5517241379310346	0.27557294014974276
Ridge	6	REACTOME_EGFR_DOWNREGULATION;REACTOME_IL_6_SIGNALING;REACTOME_RECYCLING_OF_BILE_ACIDS_AND_SALTS;REACTOME_FORMATION_OF_INCISION_COMPLEX_IN_GG_NER;REACTOME_TRAF6_MEDIATED_INDUCTION_OF_TAK1_COMPLEX;REACTOME_SYNTHESIS_SECRETION_AND_INACTIVATION_OF_GIP	0.4931248556283391	0.6043292903098738	0.24172028723770211
Ridge	7	REACTOME_EGFR_DOWNREGULATION;REACTOME_IL_6_SIGNALING;REACTOME_RECYCLING_OF_BILE_ACIDS_AND_SALTS;REACTOME_FORMATION_OF_INCISION_COMPLEX_IN_GG_NER;REACTOME_TRAF6_MEDIATED_INDUCTION_OF_TAK1_COMPLEX;REACTOME_SYNTHESIS_SECRETION_AND_INACTIVATION_OF_GIP;REACTOME_ACTIVATION_OF_BH3_ONLY_PROTEINS	0.057301487872807186	0.6633424941573945	0.20204590131934885
Ridge	8	REACTOME_EGFR_DOWNREGULATION;REACTOME_IL_6_SIGNALING;REACTOME_RECYCLING_OF_BILE_ACIDS_AND_SALTS;REACTOME_FORMATION_OF_INCISION_COMPLEX_IN_GG_NER;REACTOME_TRAF6_MEDIATED_INDUCTION_OF_TAK1_COMPLEX;REACTOME_SYNTHESIS_SECRETION_AND_INACTIVATION_OF_GIP;REACTOME_ACTIVATION_OF_BH3_ONLY_PROTEINS;REACTOME_G1_PHASE	0.18984417179917834	0.6330316148497968	0.22719984920233371
Ridge	9	REACTOME_EGFR_DOWNREGULATION;REACTOME_IL_6_SIGNALING;REACTOME_RECYCLING_OF_BILE_ACIDS_AND_SALTS;REACTOME_FORMATION_OF_INCISION_COMPLEX_IN_GG_NER;REACTOME_TRAF6_MEDIATED_INDUCTION_OF_TAK1_COMPLEX;REACTOME_SYNTHESIS_SECRETION_AND_INACTIVATION_OF_GIP;REACTOME_ACTIVATION_OF_BH3_ONLY_PROTEINS;REACTOME_G1_PHASE;REACTOME_AMINE_COMPOUND_SLC_TRANSPORTERS	0.5422848462217987	0.5911678538602942	0.3382265119707594
Ridge	10	REACTOME_EGFR_DOWNREGULATION;REACTOME_IL_6_SIGNALING;REACTOME_RECYCLING_OF_BILE_ACIDS_AND_SALTS;REACTOME_FORMATION_OF_INCISION_COMPLEX_IN_GG_NER;REACTOME_TRAF6_MEDIATED_INDUCTION_OF_TAK1_COMPLEX;REACTOME_SYNTHESIS_SECRETION_AND_INACTIVATION_OF_GIP;REACTOME_ACTIVATION_OF_BH3_ONLY_PROTEINS;REACTOME_G1_PHASE;REACTOME_AMINE_COMPOUND_SLC_TRANSPORTERS;REACTOME_ACTIVATION_OF_IRF3_IRF7_MEDIATED_BY_TBK1_IKK_EPSILON	0.4814258892327484	0.596075148809524	0.335424660201446
SVR	2	REACTOME_EGFR_DOWNREGULATION;REACTOME_IL_6_SIGNALING	0.8256020463810722	0.4501070764104804	0.5218240251941232
SVR	3	REACTOME_EGFR_DOWNREGULATION;REACTOME_IL_6_SIGNALING;REACTOME_RECYCLING_OF_BILE_ACIDS_AND_SALTS	0.7741266249331371	0.4122807242019064	0.5257903079331653
SVR	4	REACTOME_EGFR_DOWNREGULATION;REACTOME_IL_6_SIGNALING;REACTOME_RECYCLING_OF_BILE_ACIDS_AND_SALTS;REACTOME_FORMATION_OF_INCISION_COMPLEX_IN_GG_NER	0.6627494227974011	0.5412421630094045	0.0
SVR	5	REACTOME_EGFR_DOWNREGULATION;REACTOME_IL_6_SIGNALING;REACTOME_RECYCLING_OF_BILE_ACIDS_AND_SALTS;REACTOME_FORMATION_OF_INCISION_COMPLEX_IN_GG_NER;REACTOME_TRAF6_MEDIATED_INDUCTION_OF_TAK1_COMPLEX	0.6667035461455226	0.5517241379310346	0.27557294014974276
SVR	6	REACTOME_EGFR_DOWNREGULATION;REACTOME_IL_6_SIGNALING;REACTOME_RECYCLING_OF_BILE_ACIDS_AND_SALTS;REACTOME_FORMATION_OF_INCISION_COMPLEX_IN_GG_NER;REACTOME_TRAF6_MEDIATED_INDUCTION_OF_TAK1_COMPLEX;REACTOME_SYNTHESIS_SECRETION_AND_INACTIVATION_OF_GIP	0.23250029712970238	0.6245101880877743	0.2331171296688539
SVR	7	REACTOME_EGFR_DOWNREGULATION;REACTOME_IL_6_SIGNALING;REACTOME_RECYCLING_OF_BILE_ACIDS_AND_SALTS;REACTOME_FORMATION_OF_INCISION_COMPLEX_IN_GG_NER;REACTOME_TRAF6_MEDIATED_INDUCTION_OF_TAK1_COMPLEX;REACTOME_SYNTHESIS_SECRETION_AND_INACTIVATION_OF_GIP;REACTOME_ACTIVATION_OF_BH3_ONLY_PROTEINS	0.15704206712300028	0.6435697054471001	0.20876447431170075
SVR	8	REACTOME_EGFR_DOWNREGULATION;REACTOME_IL_6_SIGNALING;REACTOME_RECYCLING_OF_BILE_ACIDS_AND_SALTS;REACTOME_FORMATION_OF_INCISION_COMPLEX_IN_GG_NER;REACTOME_TRAF6_MEDIATED_INDUCTION_OF_TAK1_COMPLEX;REACTOME_SYNTHESIS_SECRETION_AND_INACTIVATION_OF_GIP;REACTOME_ACTIVATION_OF_BH3_ONLY_PROTEINS;REACTOME_G1_PHASE	0.18984417179917834	0.6330316148497968	0.22719984920233371
SVR	9	REACTOME_EGFR_DOWNREGULATION;REACTOME_IL_6_SIGNALING;REACTOME_RECYCLING_OF_BILE_ACIDS_AND_SALTS;REACTOME_FORMATION_OF_INCISION_COMPLEX_IN_GG_NER;REACTOME_TRAF6_MEDIATED_INDUCTION_OF_TAK1_COMPLEX;REACTOME_SYNTHESIS_SECRETION_AND_INACTIVATION_OF_GIP;REACTOME_ACTIVATION_OF_BH3_ONLY_PROTEINS;REACTOME_G1_PHASE;REACTOME_AMINE_COMPOUND_SLC_TRANSPORTERS	0.5422848462217987	0.5911678538602942	0.3382265119707594
SVR	10	REACTOME_EGFR_DOWNREGULATION;REACTOME_IL_6_SIGNALING;REACTOME_RECYCLING_OF_BILE_ACIDS_AND_SALTS;REACTOME_FORMATION_OF_INCISION_COMPLEX_IN_GG_NER;REACTOME_TRAF6_MEDIATED_INDUCTION_OF_TAK1_COMPLEX;REACTOME_SYNTHESIS_SECRETION_AND_INACTIVATION_OF_GIP;REACTOME_ACTIVATION_OF_BH3_ONLY_PROTEINS;REACTOME_G1_PHASE;REACTOME_AMINE_COMPOUND_SLC_TRANSPORTERS;REACTOME_ACTIVATION_OF_IRF3_IRF7_MEDIATED_BY_TBK1_IKK_EPSILON	0.4814258892327484	0.596075148809524	0.335424660201446
LinearRegression	2	REACTOME_EGFR_DOWNREGULATION;REACTOME_IL_6_SIGNALING	0.3618932980468218	0.39566900420757356	0.5629023361742257
LinearRegression	3	REACTOME_EGFR_DOWNREGULATION;REACTOME_IL_6_SIGNALING;REACTOME_RECYCLING_OF_BILE_ACIDS_AND_SALTS	0.7741266249331371	0.4122807242019064	0.5257903079331653
LinearRegression	4	REACTOME_EGFR_DOWNREGULATION;REACTOME_IL_6_SIGNALING;REACTOME_RECYCLING_OF_BILE_ACIDS_AND_SALTS;REACTOME_FORMATION_OF_INCISION_COMPLEX_IN_GG_NER	0.6627494227974011	0.5412421630094045	0.0
LinearRegression	5	REACTOME_EGFR_DOWNREGULATION;REACTOME_IL_6_SIGNALING;REACTOME_RECYCLING_OF_BILE_ACIDS_AND_SALTS;REACTOME_FORMATION_OF_INCISION_COMPLEX_IN_GG_NER;REACTOME_SYNTHESIS_SECRETION_AND_INACTIVATION_OF_GIP	0.48133891927428696	0.6026075544400452	0.24061316776762595
LinearRegression	6	REACTOME_EGFR_DOWNREGULATION;REACTOME_IL_6_SIGNALING;REACTOME_RECYCLING_OF_BILE_ACIDS_AND_SALTS;REACTOME_FORMATION_OF_INCISION_COMPLEX_IN_GG_NER;REACTOME_SYNTHESIS_SECRETION_AND_INACTIVATION_OF_GIP;REACTOME_TRAF6_MEDIATED_INDUCTION_OF_TAK1_COMPLEX	0.4931248556283391	0.6043292903098738	0.24172028723770211
LinearRegression	7	REACTOME_EGFR_DOWNREGULATION;REACTOME_IL_6_SIGNALING;REACTOME_RECYCLING_OF_BILE_ACIDS_AND_SALTS;REACTOME_FORMATION_OF_INCISION_COMPLEX_IN_GG_NER;REACTOME_SYNTHESIS_SECRETION_AND_INACTIVATION_OF_GIP;REACTOME_TRAF6_MEDIATED_INDUCTION_OF_TAK1_COMPLEX;REACTOME_ACTIVATION_OF_BH3_ONLY_PROTEINS	0.057301487872807186	0.6633424941573945	0.20204590131934885
LinearRegression	8	REACTOME_EGFR_DOWNREGULATION;REACTOME_IL_6_SIGNALING;REACTOME_RECYCLING_OF_BILE_ACIDS_AND_SALTS;REACTOME_FORMATION_OF_INCISION_COMPLEX_IN_GG_NER;REACTOME_SYNTHESIS_SECRETION_AND_INACTIVATION_OF_GIP;REACTOME_TRAF6_MEDIATED_INDUCTION_OF_TAK1_COMPLEX;REACTOME_ACTIVATION_OF_BH3_ONLY_PROTEINS;REACTOME_G1_PHASE	0.2850357248901472	0.6182650862068966	0.3237737912067416
LinearRegression	9	REACTOME_EGFR_DOWNREGULATION;REACTOME_IL_6_SIGNALING;REACTOME_RECYCLING_OF_BILE_ACIDS_AND_SALTS;REACTOME_FORMATION_OF_INCISION_COMPLEX_IN_GG_NER;REACTOME_SYNTHESIS_SECRETION_AND_INACTIVATION_OF_GIP;REACTOME_TRAF6_MEDIATED_INDUCTION_OF_TAK1_COMPLEX;REACTOME_ACTIVATION_OF_BH3_ONLY_PROTEINS;REACTOME_G1_PHASE;REACTOME_ACTIVATION_OF_IRF3_IRF7_MEDIATED_BY_TBK1_IKK_EPSILON	0.18984417179917834	0.6330316148497968	0.22719984920233371
LinearRegression	10	REACTOME_EGFR_DOWNREGULATION;REACTOME_IL_6_SIGNALING;REACTOME_RECYCLING_OF_BILE_ACIDS_AND_SALTS;REACTOME_FORMATION_OF_INCISION_COMPLEX_IN_GG_NER;REACTOME_SYNTHESIS_SECRETION_AND_INACTIVATION_OF_GIP;REACTOME_TRAF6_MEDIATED_INDUCTION_OF_TAK1_COMPLEX;REACTOME_ACTIVATION_OF_BH3_ONLY_PROTEINS;REACTOME_G1_PHASE;REACTOME_ACTIVATION_OF_IRF3_IRF7_MEDIATED_BY_TBK1_IKK_EPSILON;REACTOME_AMINE_COMPOUND_SLC_TRANSPORTERS	0.4814258892327484	0.596075148809524	0.335424660201446
