sample	drug	response	metric	direction
SARC0069-2	A-769662	79.3	viability_pct	lower = more sensitive
SARC0069-2	AT9283	114.6	viability_pct	lower = more sensitive
SARC0069-2	BI-2536	129.1	viability_pct	lower = more sensitive
SARC0069-2	BI-D1870	81.6	viability_pct	lower = more sensitive
SARC0069-2	CABOZANTINIB	100.4	viability_pct	lower = more sensitive
SARC0114	CABOZANTINIB	85	viability_pct	lower = more sensitive
SARC0117	CABOZANTINIB	83	viability_pct	lower = more sensitive
SARC0131	CABOZANTINIB	83.5	viability_pct	lower = more sensitive
SARC0134	CABOZANTINIB	66.4	viability_pct	lower = more sensitive
SARC0135-2	CABOZANTINIB	78.7	viability_pct	lower = more sensitive
SARC0136	CABOZANTINIB	73.9	viability_pct	lower = more sensitive
SARC0069-2	CARFILZOMIB	95.6	viability_pct	lower = more sensitive
SARC0117	CARFILZOMIB	32.4	viability_pct	lower = more sensitive
SARC0131	CARFILZOMIB	57.9	viability_pct	lower = more sensitive
SARC0134	CARFILZOMIB	44.6	viability_pct	lower = more sensitive
SARC0069-2	CEDIRANIB	65.2	viability_pct	lower = more sensitive
SARC0065	CERALASERTIB	109.5	viability_pct	lower = more sensitive
SARC0114	CERALASERTIB	87.2	viability_pct	lower = more sensitive
SARC0117	CERALASERTIB	118.7	viability_pct	lower = more sensitive
SARC0125	CERALASERTIB	98.9	viability_pct	lower = more sensitive
SARC0126	CERALASERTIB	100.8	viability_pct	lower = more sensitive
SARC0127-2	CERALASERTIB	100.3	viability_pct	lower = more sensitive
SARC0131	CERALASERTIB	83.2	viability_pct	lower = more sensitive
SARC0133	CERALASERTIB	115.8	viability_pct	lower = more sensitive
SARC0135-2	CERALASERTIB	106.5	viability_pct	lower = more sensitive
SARC0139-2	CERALASERTIB	109.9	viability_pct	lower = more sensitive
SARC0139_1	CERALASERTIB	97.5	viability_pct	lower = more sensitive
SARC0069-2	CRIZOTINIB	77.7	viability_pct	lower = more sensitive
SARC0095	CRIZOTINIB	35.5	viability_pct	lower = more sensitive
SARC0114	CRIZOTINIB	90.8	viability_pct	lower = more sensitive
SARC0117	CRIZOTINIB	104.9	viability_pct	lower = more sensitive
SARC0131	CRIZOTINIB	79.6	viability_pct	lower = more sensitive
SARC0134	CRIZOTINIB	89	viability_pct	lower = more sensitive
SARC0136	CRIZOTINIB	75.7	viability_pct	lower = more sensitive
SARC0139-2	CRIZOTINIB	97.5	viability_pct	lower = more sensitive
SARC0139_1	CRIZOTINIB	69.1	viability_pct	lower = more sensitive
SARC0069-2	DANUSERTIB	92.7	viability_pct	lower = more sensitive
SARC0131	DANUSERTIB	79.2	viability_pct	lower = more sensitive
SARC0134	DANUSERTIB	100	viability_pct	lower = more sensitive
SARC0069-2	DASATINIB	115.6	viability_pct	lower = more sensitive
SARC0114	DASATINIB	100	viability_pct	lower = more sensitive
SARC0117	DASATINIB	96.7	viability_pct	lower = more sensitive
SARC0126	DASATINIB	105.2	viability_pct	lower = more sensitive
SARC0131	DASATINIB	66.8	viability_pct	lower = more sensitive
SARC0134	DASATINIB	107.3	viability_pct	lower = more sensitive
SARC0136	DASATINIB	103.6	viability_pct	lower = more sensitive
SARC0139-2	DASATINIB	107.9	viability_pct	lower = more sensitive
SARC0139_1	DASATINIB	95	viability_pct	lower = more sensitive
SARC0065	DOCETAXEL	92.4	viability_pct	lower = more sensitive
SARC0069-2	DOCETAXEL	105.9	viability_pct	lower = more sensitive
SARC0095	DOCETAXEL	62.5	viability_pct	lower = more sensitive
SARC0114	DOCETAXEL	100.7	viability_pct	lower = more sensitive
SARC0117	DOCETAXEL	122.6	viability_pct	lower = more sensitive
SARC0120	DOCETAXEL	93.7	viability_pct	lower = more sensitive
SARC0125	DOCETAXEL	120.8	viability_pct	lower = more sensitive
SARC0126	DOCETAXEL	91.9	viability_pct	lower = more sensitive
SARC0127-2	DOCETAXEL	91.4	viability_pct	lower = more sensitive
SARC0131	DOCETAXEL	101.9	viability_pct	lower = more sensitive
SARC0133	DOCETAXEL	85.2	viability_pct	lower = more sensitive
SARC0134	DOCETAXEL	91.9	viability_pct	lower = more sensitive
SARC0135-2	DOCETAXEL	115.8	viability_pct	lower = more sensitive
SARC0136	DOCETAXEL	93.8	viability_pct	lower = more sensitive
SARC0137	DOCETAXEL	109.7	viability_pct	lower = more sensitive
SARC0139-2	DOCETAXEL	113.7	viability_pct	lower = more sensitive
SARC0065	DOVITINIB	71.2	viability_pct	lower = more sensitive
SARC0069-2	DOVITINIB	115	viability_pct	lower = more sensitive
SARC0126	DOVITINIB	77.9	viability_pct	lower = more sensitive
SARC0131	DOVITINIB	62.4	viability_pct	lower = more sensitive
SARC0133	DOVITINIB	104.7	viability_pct	lower = more sensitive
SARC0135-2	DOVITINIB	73.8	viability_pct	lower = more sensitive
SARC0136	DOVITINIB	104	viability_pct	lower = more sensitive
SARC0137	DOVITINIB	70.6	viability_pct	lower = more sensitive
SARC0139-2	DOVITINIB	97.9	viability_pct	lower = more sensitive
SARC0139_1	DOVITINIB	59.4	viability_pct	lower = more sensitive
SARC0065	EVEROLIMUS	96.3	viability_pct	lower = more sensitive
SARC0069-2	EVEROLIMUS	101.8	viability_pct	lower = more sensitive
SARC0114	EVEROLIMUS	98	viability_pct	lower = more sensitive
SARC0117	EVEROLIMUS	91.6	viability_pct	lower = more sensitive
SARC0120	EVEROLIMUS	83.2	viability_pct	lower = more sensitive
SARC0125	EVEROLIMUS	132.1	viability_pct	lower = more sensitive
SARC0126	EVEROLIMUS	95.3	viability_pct	lower = more sensitive
SARC0127-2	EVEROLIMUS	86.8	viability_pct	lower = more sensitive
SARC0131	EVEROLIMUS	81.4	viability_pct	lower = more sensitive
SARC0133	EVEROLIMUS	115.3	viability_pct	lower = more sensitive
SARC0134	EVEROLIMUS	96.2	viability_pct	lower = more sensitive
SARC0135-2	EVEROLIMUS	70.9	viability_pct	lower = more sensitive
SARC0136	EVEROLIMUS	78.4	viability_pct	lower = more sensitive
SARC0137	EVEROLIMUS	70.1	viability_pct	lower = more sensitive
SARC0139-2	EVEROLIMUS	104.2	viability_pct	lower = more sensitive
SARC0139_1	EVEROLIMUS	85.9	viability_pct	lower = more sensitive
SARC0069-2	GEFITINIB	79.1	viability_pct	lower = more sensitive
SARC0114	GEFITINIB	151.9	viability_pct	lower = more sensitive
SARC0117	GEFITINIB	115	viability_pct	lower = more sensitive
SARC0126	GEFITINIB	106.4	viability_pct	lower = more sensitive
SARC0131	GEFITINIB	99.6	viability_pct	lower = more sensitive
SARC0135-2	GEFITINIB	94.2	viability_pct	lower = more sensitive
SARC0139-2	GEFITINIB	91.4	viability_pct	lower = more sensitive
SARC0139_1	GEFITINIB	109.6	viability_pct	lower = more sensitive
SARC0065	GEMCITABINE	114.7	viability_pct	lower = more sensitive
SARC0069-2	GEMCITABINE	104.6	viability_pct	lower = more sensitive
SARC0095	GEMCITABINE	39.4	viability_pct	lower = more sensitive
SARC0114	GEMCITABINE	95.9	viability_pct	lower = more sensitive
SARC0117	GEMCITABINE	120.4	viability_pct	lower = more sensitive
SARC0120	GEMCITABINE	109.9	viability_pct	lower = more sensitive
SARC0125	GEMCITABINE	131.6	viability_pct	lower = more sensitive
SARC0126	GEMCITABINE	88.9	viability_pct	lower = more sensitive
SARC0127-2	GEMCITABINE	90.2	viability_pct	lower = more sensitive
SARC0131	GEMCITABINE	82.4	viability_pct	lower = more sensitive
SARC0133	GEMCITABINE	92.3	viability_pct	lower = more sensitive
SARC0134	GEMCITABINE	97.8	viability_pct	lower = more sensitive
SARC0135-2	GEMCITABINE	102.8	viability_pct	lower = more sensitive
SARC0136	GEMCITABINE	104.3	viability_pct	lower = more sensitive
SARC0137	GEMCITABINE	112.1	viability_pct	lower = more sensitive
SARC0139-2	GEMCITABINE	118.5	viability_pct	lower = more sensitive
SARC0065	LAPATINIB	80.2	viability_pct	lower = more sensitive
SARC0069-2	LAPATINIB	120.1	viability_pct	lower = more sensitive
SARC0114	LAPATINIB	77.8	viability_pct	lower = more sensitive
SARC0117	LAPATINIB	98.9	viability_pct	lower = more sensitive
SARC0126	LAPATINIB	101.6	viability_pct	lower = more sensitive
SARC0135-2	LAPATINIB	95.9	viability_pct	lower = more sensitive
SARC0137	LAPATINIB	89.5	viability_pct	lower = more sensitive
SARC0139-2	LAPATINIB	92	viability_pct	lower = more sensitive
SARC0139_1	LAPATINIB	105.2	viability_pct	lower = more sensitive
SARC0065	LENVATINIB	57.7	viability_pct	lower = more sensitive
SARC0069-2	LENVATINIB	63.5	viability_pct	lower = more sensitive
SARC0114	LENVATINIB	100.7	viability_pct	lower = more sensitive
SARC0117	LENVATINIB	104.1	viability_pct	lower = more sensitive
SARC0125	LENVATINIB	97	viability_pct	lower = more sensitive
SARC0126	LENVATINIB	89.9	viability_pct	lower = more sensitive
SARC0127-2	LENVATINIB	94.3	viability_pct	lower = more sensitive
SARC0131	LENVATINIB	107.4	viability_pct	lower = more sensitive
SARC0133	LENVATINIB	77	viability_pct	lower = more sensitive
SARC0135-2	LENVATINIB	100.6	viability_pct	lower = more sensitive
SARC0136	LENVATINIB	73.2	viability_pct	lower = more sensitive
SARC0137	LENVATINIB	88.6	viability_pct	lower = more sensitive
SARC0139-2	LENVATINIB	116.2	viability_pct	lower = more sensitive
SARC0139_1	LENVATINIB	68.8	viability_pct	lower = more sensitive
SARC0069-2	LINSITINIB	152	viability_pct	lower = more sensitive
SARC0095	LINSITINIB	53.2	viability_pct	lower = more sensitive
SARC0114	LINSITINIB	67.9	viability_pct	lower = more sensitive
SARC0117	LINSITINIB	99	viability_pct	lower = more sensitive
SARC0125	LINSITINIB	63.6	viability_pct	lower = more sensitive
SARC0126	LINSITINIB	90.6	viability_pct	lower = more sensitive
SARC0127-2	LINSITINIB	79.3	viability_pct	lower = more sensitive
SARC0131	LINSITINIB	74.5	viability_pct	lower = more sensitive
SARC0133	LINSITINIB	132.1	viability_pct	lower = more sensitive
SARC0134	LINSITINIB	70.1	viability_pct	lower = more sensitive
SARC0135-2	LINSITINIB	59.9	viability_pct	lower = more sensitive
SARC0136	LINSITINIB	66.8	viability_pct	lower = more sensitive
SARC0137	LINSITINIB	61.9	viability_pct	lower = more sensitive
SARC0139-2	LINSITINIB	77.2	viability_pct	lower = more sensitive
SARC0139_1	LINSITINIB	71.3	viability_pct	lower = more sensitive
SARC0117	MOCETINOSTAT	120.5	viability_pct	lower = more sensitive
SARC0125	MOCETINOSTAT	90.1	viability_pct	lower = more sensitive
SARC0127-2	MOCETINOSTAT	95.4	viability_pct	lower = more sensitive
SARC0131	MOCETINOSTAT	107	viability_pct	lower = more sensitive
SARC0133	MOCETINOSTAT	109	viability_pct	lower = more sensitive
SARC0114	OLAPARIB	102.6	viability_pct	lower = more sensitive
SARC0117	OLAPARIB	108.6	viability_pct	lower = more sensitive
SARC0125	OLAPARIB	101.8	viability_pct	lower = more sensitive
SARC0127-2	OLAPARIB	107.1	viability_pct	lower = more sensitive
SARC0131	OLAPARIB	101.4	viability_pct	lower = more sensitive
SARC0133	OLAPARIB	48	viability_pct	lower = more sensitive
SARC0134	OLAPARIB	98.8	viability_pct	lower = more sensitive
SARC0135-2	OLAPARIB	90.3	viability_pct	lower = more sensitive
SARC0069-2	OSI-930	79.4	viability_pct	lower = more sensitive
SARC0065	PALBOCICLIB	99	viability_pct	lower = more sensitive
SARC0114	PALBOCICLIB	113.9	viability_pct	lower = more sensitive
SARC0117	PALBOCICLIB	110.1	viability_pct	lower = more sensitive
SARC0120	PALBOCICLIB	91	viability_pct	lower = more sensitive
SARC0125	PALBOCICLIB	103.5	viability_pct	lower = more sensitive
SARC0126	PALBOCICLIB	95.5	viability_pct	lower = more sensitive
SARC0127-2	PALBOCICLIB	99.1	viability_pct	lower = more sensitive
SARC0131	PALBOCICLIB	100.7	viability_pct	lower = more sensitive
SARC0133	PALBOCICLIB	73.3	viability_pct	lower = more sensitive
SARC0134	PALBOCICLIB	99.5	viability_pct	lower = more sensitive
SARC0135-2	PALBOCICLIB	87.3	viability_pct	lower = more sensitive
SARC0137	PALBOCICLIB	94.4	viability_pct	lower = more sensitive
SARC0139-2	PALBOCICLIB	106.1	viability_pct	lower = more sensitive
SARC0139_1	PALBOCICLIB	113	viability_pct	lower = more sensitive
SARC0065	PANOBINOSTAT	161.3	viability_pct	lower = more sensitive
SARC0069-2	PANOBINOSTAT	65.1	viability_pct	lower = more sensitive
SARC0114	PANOBINOSTAT	18.8	viability_pct	lower = more sensitive
SARC0117	PANOBINOSTAT	117.3	viability_pct	lower = more sensitive
SARC0125	PANOBINOSTAT	106.7	viability_pct	lower = more sensitive
SARC0126	PANOBINOSTAT	103.3	viability_pct	lower = more sensitive
SARC0127-2	PANOBINOSTAT	107.3	viability_pct	lower = more sensitive
SARC0131	PANOBINOSTAT	74.9	viability_pct	lower = more sensitive
SARC0133	PANOBINOSTAT	68.7	viability_pct	lower = more sensitive
SARC0135-2	PANOBINOSTAT	86.6	viability_pct	lower = more sensitive
SARC0137	PANOBINOSTAT	37.3	viability_pct	lower = more sensitive
SARC0139-2	PANOBINOSTAT	132.2	viability_pct	lower = more sensitive
SARC0139_1	PANOBINOSTAT	117.7	viability_pct	lower = more sensitive
SARC0065	PAZOPANIB	68.5	viability_pct	lower = more sensitive
SARC0069-2	PAZOPANIB	153.7	viability_pct	lower = more sensitive
SARC0114	PAZOPANIB	71.2	viability_pct	lower = more sensitive
SARC0117	PAZOPANIB	91.8	viability_pct	lower = more sensitive
SARC0120	PAZOPANIB	101.2	viability_pct	lower = more sensitive
SARC0125	PAZOPANIB	86.2	viability_pct	lower = more sensitive
SARC0126	PAZOPANIB	78.9	viability_pct	lower = more sensitive
SARC0127-2	PAZOPANIB	86.8	viability_pct	lower = more sensitive
SARC0131	PAZOPANIB	110.3	viability_pct	lower = more sensitive
SARC0133	PAZOPANIB	73.5	viability_pct	lower = more sensitive
SARC0134	PAZOPANIB	96.9	viability_pct	lower = more sensitive
SARC0135-2	PAZOPANIB	71.4	viability_pct	lower = more sensitive
SARC0136	PAZOPANIB	109.5	viability_pct	lower = more sensitive
SARC0137	PAZOPANIB	96.6	viability_pct	lower = more sensitive
SARC0139-2	PAZOPANIB	125.8	viability_pct	lower = more sensitive
SARC0069-2	RUXOLITINIB	20.1	viability_pct	lower = more sensitive
SARC0131	RUXOLITINIB	80.1	viability_pct	lower = more sensitive
SARC0133	RUXOLITINIB	118.4	viability_pct	lower = more sensitive
SARC0134	RUXOLITINIB	78.8	viability_pct	lower = more sensitive
SARC0065	SIROLIMUS	98	viability_pct	lower = more sensitive
SARC0069-2	SIROLIMUS	114.3	viability_pct	lower = more sensitive
SARC0114	SIROLIMUS	84.1	viability_pct	lower = more sensitive
SARC0117	SIROLIMUS	79.3	viability_pct	lower = more sensitive
SARC0120	SIROLIMUS	74.3	viability_pct	lower = more sensitive
SARC0125	SIROLIMUS	110.9	viability_pct	lower = more sensitive
SARC0126	SIROLIMUS	107.5	viability_pct	lower = more sensitive
SARC0127-2	SIROLIMUS	100.3	viability_pct	lower = more sensitive
SARC0131	SIROLIMUS	96.4	viability_pct	lower = more sensitive
SARC0133	SIROLIMUS	53.8	viability_pct	lower = more sensitive
SARC0134	SIROLIMUS	116.5	viability_pct	lower = more sensitive
SARC0135-2	SIROLIMUS	82	viability_pct	lower = more sensitive
SARC0136	SIROLIMUS	110.9	viability_pct	lower = more sensitive
SARC0137	SIROLIMUS	63.9	viability_pct	lower = more sensitive
SARC0139-2	SIROLIMUS	97.6	viability_pct	lower = more sensitive
SARC0139_1	SIROLIMUS	92.6	viability_pct	lower = more sensitive
SARC0065	SORAFENIB	73	viability_pct	lower = more sensitive
SARC0069-2	SORAFENIB	99.7	viability_pct	lower = more sensitive
SARC0114	SORAFENIB	126.5	viability_pct	lower = more sensitive
SARC0117	SORAFENIB	89.2	viability_pct	lower = more sensitive
SARC0120	SORAFENIB	99.4	viability_pct	lower = more sensitive
SARC0125	SORAFENIB	103.8	viability_pct	lower = more sensitive
SARC0126	SORAFENIB	86.4	viability_pct	lower = more sensitive
SARC0127-2	SORAFENIB	104.9	viability_pct	lower = more sensitive
SARC0131	SORAFENIB	86	viability_pct	lower = more sensitive
SARC0133	SORAFENIB	93.1	viability_pct	lower = more sensitive
SARC0134	SORAFENIB	98	viability_pct	lower = more sensitive
SARC0135-2	SORAFENIB	122.2	viability_pct	lower = more sensitive
SARC0136	SORAFENIB	97	viability_pct	lower = more sensitive
SARC0137	SORAFENIB	94.3	viability_pct	lower = more sensitive
SARC0139-2	SORAFENIB	120.5	viability_pct	lower = more sensitive
SARC0139_1	SORAFENIB	112.5	viability_pct	lower = more sensitive
SARC0065	TOPOTECAN	157	viability_pct	lower = more sensitive
SARC0069-2	TOPOTECAN	58.1	viability_pct	lower = more sensitive
SARC0095	TOPOTECAN	51.9	viability_pct	lower = more sensitive
SARC0114	TOPOTECAN	97.3	viability_pct	lower = more sensitive
SARC0117	TOPOTECAN	97.3	viability_pct	lower = more sensitive
SARC0126	TOPOTECAN	142.4	viability_pct	lower = more sensitive
SARC0131	TOPOTECAN	107.4	viability_pct	lower = more sensitive
SARC0139-2	TOPOTECAN	143.5	viability_pct	lower = more sensitive
SARC0139_1	TOPOTECAN	134	viability_pct	lower = more sensitive
SARC0065	TRAMETINIB	77.8	viability_pct	lower = more sensitive
SARC0069-2	TRAMETINIB	136.7	viability_pct	lower = more sensitive
SARC0117	TRAMETINIB	95.7	viability_pct	lower = more sensitive
SARC0120	TRAMETINIB	84	viability_pct	lower = more sensitive
SARC0126	TRAMETINIB	97.8	viability_pct	lower = more sensitive
SARC0127-2	TRAMETINIB	65.5	viability_pct	lower = more sensitive
SARC0131	TRAMETINIB	91.2	viability_pct	lower = more sensitive
SARC0133	TRAMETINIB	72.8	viability_pct	lower = more sensitive
SARC0134	TRAMETINIB	82.4	viability_pct	lower = more sensitive
SARC0135-2	TRAMETINIB	80.4	viability_pct	lower = more sensitive
SARC0137	TRAMETINIB	74	viability_pct	lower = more sensitive
SARC0139-2	TRAMETINIB	92.7	viability_pct	lower = more sensitive
SARC0139_1	TRAMETINIB	73.5	viability_pct	lower = more sensitive
SARC0065	VINORELBINE	110.9	viability_pct	lower = more sensitive
SARC0125	VINORELBINE	117.8	viability_pct	lower = more sensitive
SARC0126	VINORELBINE	66.8	viability_pct	lower = more sensitive
SARC0127-2	VINORELBINE	113.9	viability_pct	lower = more sensitive
SARC0131	VINORELBINE	114	viability_pct	lower = more sensitive
SARC0133	VINORELBINE	39.3	viability_pct	lower = more sensitive
SARC0137	VINORELBINE	108.9	viability_pct	lower = more sensitive
SARC0139-2	VINORELBINE	106.9	viability_pct	lower = more sensitive
SARC0069-2	WHI-P154	110.9	viability_pct	lower = more sensitive
SARC0117	WP1130	82.2	viability_pct	lower = more sensitive
