cohort	cancer	drug	n	responders	pathway	z	q	stability	direction	rank
GSE104580	liver (HCC)	TACE	147	81	REACTOME_XENOBIOTICS	5.624751956648299	2.9302632824458677e-06	0.57	response	1
GSE104580	liver (HCC)	TACE	147	81	REACTOME_ADENYLATE_CYCLASE_ACTIVATING_PATHWAY	5.614811967095466	2.9302632824458677e-06	0.49	response	2
GSE104580	liver (HCC)	TACE	147	81	REACTOME_ADENYLATE_CYCLASE_INHIBITORY_PATHWAY	5.599572306544659	2.9302632824458677e-06	0.48	response	3
GSE104580	liver (HCC)	TACE	147	81	REACTOME_ETHANOL_OXIDATION	5.349448148697743	6.784365579294359e-06	0.365	response	4
GSE104580	liver (HCC)	TACE	147	81	REACTOME_PHASE1_FUNCTIONALIZATION_OF_COMPOUNDS	5.301681638970861	7.710582265033458e-06	0.34	response	5
GSE104580	liver (HCC)	TACE	147	81	REACTOME_GLUCOSE_TRANSPORT	-5.690753750262312	2.9302632824458677e-06	0.535	resistance	1
GSE104580	liver (HCC)	TACE	147	81	REACTOME_REGULATION_OF_HYPOXIA_INDUCIBLE_FACTOR_HIF_BY_OXYGEN	-5.597053421391877	2.9302632824458677e-06	0.46	resistance	2
GSE104580	liver (HCC)	TACE	147	81	REACTOME_SHC1_EVENTS_IN_ERBB4_SIGNALING	-5.548602538176083	3.2251741898333258e-06	0.435	resistance	3
GSE104580	liver (HCC)	TACE	147	81	REACTOME_OXYGEN_DEPENDENT_PROLINE_HYDROXYLATION_OF_HYPOXIA_INDUCIBLE_FACTOR_ALPHA	-5.438314472480421	5.163549910898902e-06	0.365	resistance	4
GSE104580	liver (HCC)	TACE	147	81	REACTOME_EGFR_DOWNREGULATION	-5.344110679897106	6.784365579294359e-06	0.39	resistance	5
EMTAB3267	kidney (ccRCC)	SUNITINIB	43	19	REACTOME_REGULATION_OF_PYRUVATE_DEHYDROGENASE_PDH_COMPLEX	2.616914044070429	0.6237370266175665	0.35	response	1
EMTAB3267	kidney (ccRCC)	SUNITINIB	43	19	REACTOME_NOREPINEPHRINE_NEUROTRANSMITTER_RELEASE_CYCLE	2.511100904746299	0.6237370266175665	0.19	response	2
EMTAB3267	kidney (ccRCC)	SUNITINIB	43	19	REACTOME_RAP1_SIGNALLING	2.4566087135558603	0.6237370266175665	0.18	response	3
EMTAB3267	kidney (ccRCC)	SUNITINIB	43	19	REACTOME_RECYCLING_OF_BILE_ACIDS_AND_SALTS	2.3783155469901316	0.6237370266175665	0.14	response	4
EMTAB3267	kidney (ccRCC)	SUNITINIB	43	19	REACTOME_NUCLEAR_RECEPTOR_TRANSCRIPTION_PATHWAY	2.3750108801092225	0.6237370266175665	0.125	response	5
EMTAB3267	kidney (ccRCC)	SUNITINIB	43	19	REACTOME_VITAMIN_B5_PANTOTHENATE_METABOLISM	-2.5669599765144477	0.6237370266175665	0.28	resistance	1
EMTAB3267	kidney (ccRCC)	SUNITINIB	43	19	REACTOME_ACYL_CHAIN_REMODELLING_OF_PI	-2.525729638473487	0.6237370266175665	0.235	resistance	2
EMTAB3267	kidney (ccRCC)	SUNITINIB	43	19	REACTOME_MICRORNA_MIRNA_BIOGENESIS	-2.511858832613837	0.6237370266175665	0.28	resistance	3
EMTAB3267	kidney (ccRCC)	SUNITINIB	43	19	REACTOME_ELEVATION_OF_CYTOSOLIC_CA2_LEVELS	-2.4737933898662803	0.6237370266175665	0.2	resistance	4
EMTAB3267	kidney (ccRCC)	SUNITINIB	43	19	REACTOME_KINESINS	-2.472436520462195	0.6237370266175665	0.14	resistance	5
BRAUN2020_CHECKMATE	kidney (ccRCC)	NIVOLUMAB	172	39	REACTOME_PLATELET_ADHESION_TO_EXPOSED_COLLAGEN	2.8449010301631605	0.8887830533165508	0.27	response	1
BRAUN2020_CHECKMATE	kidney (ccRCC)	NIVOLUMAB	172	39	REACTOME_THE_NLRP3_INFLAMMASOME	2.662349732691517	0.8887830533165508	0.275	response	2
BRAUN2020_CHECKMATE	kidney (ccRCC)	NIVOLUMAB	172	39	REACTOME_SIGNALING_BY_GPCR	2.607573615200082	0.8887830533165508	0.24	response	3
BRAUN2020_CHECKMATE	kidney (ccRCC)	NIVOLUMAB	172	39	REACTOME_GPCR_LIGAND_BINDING	2.4036155460271758	0.8887830533165508	0.16	response	4
BRAUN2020_CHECKMATE	kidney (ccRCC)	NIVOLUMAB	172	39	REACTOME_GPCR_DOWNSTREAM_SIGNALING	2.366430819708679	0.8887830533165508	0.12	response	5
BRAUN2020_CHECKMATE	kidney (ccRCC)	NIVOLUMAB	172	39	REACTOME_REGULATORY_RNA_PATHWAYS	-2.8364748670137994	0.8887830533165508	0.34	resistance	1
BRAUN2020_CHECKMATE	kidney (ccRCC)	NIVOLUMAB	172	39	REACTOME_TRANSPORT_OF_VITAMINS_NUCLEOSIDES_AND_RELATED_MOLECULES	-2.757062890222888	0.8887830533165508	0.315	resistance	2
BRAUN2020_CHECKMATE	kidney (ccRCC)	NIVOLUMAB	172	39	REACTOME_MICRORNA_MIRNA_BIOGENESIS	-2.7061121399952563	0.8887830533165508	0.29	resistance	3
BRAUN2020_CHECKMATE	kidney (ccRCC)	NIVOLUMAB	172	39	REACTOME_PEROXISOMAL_LIPID_METABOLISM	-2.595742500216552	0.8887830533165508	0.175	resistance	4
BRAUN2020_CHECKMATE	kidney (ccRCC)	NIVOLUMAB	172	39	REACTOME_RORA_ACTIVATES_CIRCADIAN_EXPRESSION	-2.4912015900396165	0.8887830533165508	0.28	resistance	5
BRAUN2020_CHECKMATE	kidney (ccRCC)	EVEROLIMUS	109	5	REACTOME_CGMP_EFFECTS	2.8938778613333667	0.9929265197578548	0.628140703517588	response	1
BRAUN2020_CHECKMATE	kidney (ccRCC)	EVEROLIMUS	109	5	REACTOME_RAP1_SIGNALLING	2.8536899866666996	0.9929265197578548	0.5678391959798995	response	2
BRAUN2020_CHECKMATE	kidney (ccRCC)	EVEROLIMUS	109	5	REACTOME_NITRIC_OXIDE_STIMULATES_GUANYLATE_CYCLASE	2.830065849202744	0.9929265197578548	0.6231155778894473	response	3
BRAUN2020_CHECKMATE	kidney (ccRCC)	EVEROLIMUS	109	5	REACTOME_PLATELET_HOMEOSTASIS	2.497190920751253	0.9929265197578548	0.35678391959798994	response	4
BRAUN2020_CHECKMATE	kidney (ccRCC)	EVEROLIMUS	109	5	REACTOME_REGULATION_OF_KIT_SIGNALING	2.2998592272698337	0.9929265197578548	0.3316582914572864	response	5
BRAUN2020_CHECKMATE	kidney (ccRCC)	EVEROLIMUS	109	5	REACTOME_HIGHLY_CALCIUM_PERMEABLE_POSTSYNAPTIC_NICOTINIC_ACETYLCHOLINE_RECEPTORS	-1.91708358933187	0.9929265197578548	0.06532663316582915	resistance	1
BRAUN2020_CHECKMATE	kidney (ccRCC)	EVEROLIMUS	109	5	REACTOME_ANDROGEN_BIOSYNTHESIS	-1.7161976214541663	0.9929265197578548	0.035175879396984924	resistance	2
BRAUN2020_CHECKMATE	kidney (ccRCC)	EVEROLIMUS	109	5	REACTOME_ACETYLCHOLINE_BINDING_AND_DOWNSTREAM_EVENTS	-1.603473630241026	0.9929265197578548	0.010050251256281407	resistance	3
BRAUN2020_CHECKMATE	kidney (ccRCC)	EVEROLIMUS	109	5	REACTOME_RECRUITMENT_OF_MITOTIC_CENTROSOME_PROTEINS_AND_COMPLEXES	-1.547631581251324	0.9929265197578548	0.08542713567839195	resistance	4
BRAUN2020_CHECKMATE	kidney (ccRCC)	EVEROLIMUS	109	5	REACTOME_DOWNREGULATION_OF_ERBB2_ERBB3_SIGNALING	-1.4652843291885982	0.9929265197578548	0.020100502512562814	resistance	5
GSE91061	melanoma	NIVOLUMAB	49	10	REACTOME_HIGHLY_CALCIUM_PERMEABLE_POSTSYNAPTIC_NICOTINIC_ACETYLCHOLINE_RECEPTORS	2.4167160206737686	0.8217526516588252	0.33	response	1
GSE91061	melanoma	NIVOLUMAB	49	10	REACTOME_IRAK2_MEDIATED_ACTIVATION_OF_TAK1_COMPLEX_UPON_TLR7_8_OR_9_STIMULATION	2.321778145499579	0.8217526516588252	0.115	response	2
GSE91061	melanoma	NIVOLUMAB	49	10	REACTOME_PURINE_METABOLISM	2.2247048389123276	0.8217526516588252	0.165	response	3
GSE91061	melanoma	NIVOLUMAB	49	10	REACTOME_P2Y_RECEPTORS	2.2062331278817617	0.8217526516588252	0.12	response	4
GSE91061	melanoma	NIVOLUMAB	49	10	REACTOME_RAP1_SIGNALLING	2.2029444428284513	0.8217526516588252	0.155	response	5
GSE91061	melanoma	NIVOLUMAB	49	10	REACTOME_RETROGRADE_NEUROTROPHIN_SIGNALLING	-2.6270813323888276	0.8217526516588252	0.285	resistance	1
GSE91061	melanoma	NIVOLUMAB	49	10	REACTOME_POST_TRANSLATIONAL_MODIFICATION_SYNTHESIS_OF_GPI_ANCHORED_PROTEINS	-2.4161565166866366	0.8217526516588252	0.14	resistance	2
GSE91061	melanoma	NIVOLUMAB	49	10	REACTOME_METABOLISM_OF_PROTEINS	-2.3551926195206025	0.8217526516588252	0.145	resistance	3
GSE91061	melanoma	NIVOLUMAB	49	10	REACTOME_SYNTHESIS_OF_GLYCOSYLPHOSPHATIDYLINOSITOL_GPI	-2.341010170718136	0.8217526516588252	0.085	resistance	4
GSE91061	melanoma	NIVOLUMAB	49	10	REACTOME_HORMONE_LIGAND_BINDING_RECEPTORS	-2.1265943951126833	0.8217526516588252	0.15	resistance	5
GSE78220	melanoma	PEMBROLIZUMAB	28	15	REACTOME_PHOSPHOLIPID_METABOLISM	2.6236718502464313	0.5860009811795707	0.155	response	1
GSE78220	melanoma	PEMBROLIZUMAB	28	15	REACTOME_GLYCOGEN_BREAKDOWN_GLYCOGENOLYSIS	2.579951346729446	0.5860009811795707	0.255	response	2
GSE78220	melanoma	PEMBROLIZUMAB	28	15	REACTOME_ENDOSOMAL_SORTING_COMPLEX_REQUIRED_FOR_TRANSPORT_ESCRT	2.546300381382179	0.5860009811795707	0.24	response	3
GSE78220	melanoma	PEMBROLIZUMAB	28	15	REACTOME_SYNTHESIS_OF_PA	2.533708927568206	0.5860009811795707	0.2	response	4
GSE78220	melanoma	PEMBROLIZUMAB	28	15	REACTOME_GLYCEROPHOSPHOLIPID_BIOSYNTHESIS	2.427995169988429	0.5860009811795707	0.115	response	5
GSE78220	melanoma	PEMBROLIZUMAB	28	15	REACTOME_YAP1_AND_WWTR1_TAZ_STIMULATED_GENE_EXPRESSION	-2.914498316054122	0.5860009811795707	0.38	resistance	1
GSE78220	melanoma	PEMBROLIZUMAB	28	15	REACTOME_HS_GAG_DEGRADATION	-2.8707541021188003	0.5860009811795707	0.37	resistance	2
GSE78220	melanoma	PEMBROLIZUMAB	28	15	REACTOME_G_ALPHA_S_SIGNALLING_EVENTS	-2.8396962965941572	0.5860009811795707	0.31	resistance	3
GSE78220	melanoma	PEMBROLIZUMAB	28	15	REACTOME_HS_GAG_BIOSYNTHESIS	-2.6746192425372515	0.5860009811795707	0.205	resistance	4
GSE78220	melanoma	PEMBROLIZUMAB	28	15	REACTOME_CLASS_B_2_SECRETIN_FAMILY_RECEPTORS	-2.637042443904101	0.5860009811795707	0.165	resistance	5
