test	n	pathway	interaction_z	main_z	agree_sign	q
kidney CM-025 nivolumab vs everolimus (PFS)	250	REACTOME_NRIF_SIGNALS_CELL_DEATH_FROM_THE_NUCLEUS	-2.8476102623974304	1.6082468399427665		0.6979860386411365
kidney CM-025 nivolumab vs everolimus (PFS)	250	REACTOME_GABA_SYNTHESIS_RELEASE_REUPTAKE_AND_DEGRADATION	-2.8348012756681507	2.2454560489265356		0.6979860386411365
kidney CM-025 nivolumab vs everolimus (PFS)	250	REACTOME_SIGNALING_BY_TGF_BETA_RECEPTOR_COMPLEX	2.65616108843258	-1.3233654571144327		0.6979860386411365
kidney CM-025 nivolumab vs everolimus (PFS)	250	REACTOME_REGULATORY_RNA_PATHWAYS	-2.4200352651003536	-0.45482215000169934		0.6979860386411365
kidney CM-025 nivolumab vs everolimus (PFS)	250	REACTOME_SIGNALING_BY_NOTCH3	-2.4095516591009902	1.253375331609527		0.6979860386411365
kidney CM-025 nivolumab vs everolimus (PFS)	250	REACTOME_SIGNALING_BY_NOTCH2	-2.377882062087772	1.0955415686408676		0.6979860386411365
kidney CM-025 nivolumab vs everolimus (PFS)	250	REACTOME_PROSTANOID_LIGAND_RECEPTORS	2.358055392977561	-0.10398289173796318		0.6979860386411365
kidney CM-025 nivolumab vs everolimus (PFS)	250	REACTOME_GLUCAGON_TYPE_LIGAND_RECEPTORS	2.353021209371725	-1.5932823450820293		0.6979860386411365
kidney CM-025 nivolumab vs everolimus (PFS)	250	REACTOME_NUCLEOTIDE_EXCISION_REPAIR	-2.3336730619827515	-0.5368035527777556		0.6979860386411365
kidney CM-025 nivolumab vs everolimus (PFS)	250	REACTOME_NEUROTRANSMITTER_RELEASE_CYCLE	-2.3284194760386843	2.093078669930861		0.6979860386411365
CGGA all glioma TMZ vs no TMZ (OS)	636	REACTOME_SULFUR_AMINO_ACID_METABOLISM	2.777487789135221	-1.2407868922851966		0.9923771117608876
CGGA all glioma TMZ vs no TMZ (OS)	636	REACTOME_REGULATION_OF_INSULIN_SECRETION_BY_ACETYLCHOLINE	-2.560794812539235	4.14532196792857		0.9923771117608876
CGGA all glioma TMZ vs no TMZ (OS)	636	REACTOME_TANDEM_PORE_DOMAIN_POTASSIUM_CHANNELS	-2.2079185111953215	3.39772990570018		0.9923771117608876
CGGA all glioma TMZ vs no TMZ (OS)	636	REACTOME_UNBLOCKING_OF_NMDA_RECEPTOR_GLUTAMATE_BINDING_AND_ACTIVATION	-2.168527908912423	3.327567292728789		0.9923771117608876
CGGA all glioma TMZ vs no TMZ (OS)	636	REACTOME_PLATELET_HOMEOSTASIS	-2.1248911924751686	3.3625526907152166		0.9923771117608876
CGGA all glioma TMZ vs no TMZ (OS)	636	REACTOME_ACTIVATION_OF_NMDA_RECEPTOR_UPON_GLUTAMATE_BINDING_AND_POSTSYNAPTIC_EVENTS	-2.0447301595647196	3.0628469986155076		0.9923771117608876
CGGA all glioma TMZ vs no TMZ (OS)	636	REACTOME_CREB_PHOSPHORYLATION_THROUGH_THE_ACTIVATION_OF_RAS	-2.0307835891118646	3.0496092092070755		0.9923771117608876
CGGA all glioma TMZ vs no TMZ (OS)	636	REACTOME_G0_AND_EARLY_G1	1.9872473516793994	-4.589619308897321		0.9923771117608876
CGGA all glioma TMZ vs no TMZ (OS)	636	REACTOME_TRAFFICKING_OF_GLUR2_CONTAINING_AMPA_RECEPTORS	-1.9862061795052868	3.1246501993295333		0.9923771117608876
CGGA all glioma TMZ vs no TMZ (OS)	636	REACTOME_GABA_B_RECEPTOR_ACTIVATION	-1.9487176151225802	2.5488125965442174		0.9923771117608876
CGGA GBM (WHO IV) TMZ vs no TMZ (OS)	226	REACTOME_METABOLISM_OF_VITAMINS_AND_COFACTORS	2.482058828941875	-1.5361669105893845		0.9668396392533204
CGGA GBM (WHO IV) TMZ vs no TMZ (OS)	226	REACTOME_THE_ACTIVATION_OF_ARYLSULFATASES	2.2479214027061434	-1.8286542413424745		0.9668396392533204
CGGA GBM (WHO IV) TMZ vs no TMZ (OS)	226	REACTOME_CS_DS_DEGRADATION	2.1050776989581017	-2.4364959130934003		0.9668396392533204
CGGA GBM (WHO IV) TMZ vs no TMZ (OS)	226	REACTOME_METABOLISM_OF_LIPIDS_AND_LIPOPROTEINS	2.092155905052734	-1.0538614468010212		0.9668396392533204
CGGA GBM (WHO IV) TMZ vs no TMZ (OS)	226	REACTOME_SULFUR_AMINO_ACID_METABOLISM	2.010766028792365	-1.2456700837248866		0.9668396392533204
CGGA GBM (WHO IV) TMZ vs no TMZ (OS)	226	REACTOME_ELEVATION_OF_CYTOSOLIC_CA2_LEVELS	1.9512712304522635	-1.4636954405607117		0.9668396392533204
CGGA GBM (WHO IV) TMZ vs no TMZ (OS)	226	REACTOME_HEPARAN_SULFATE_HEPARIN_HS_GAG_METABOLISM	1.9043642120268902	-2.0986032285944747		0.9668396392533204
CGGA GBM (WHO IV) TMZ vs no TMZ (OS)	226	REACTOME_FATTY_ACYL_COA_BIOSYNTHESIS	1.87782739877955	-0.6891002564796663		0.9668396392533204
CGGA GBM (WHO IV) TMZ vs no TMZ (OS)	226	REACTOME_ALPHA_LINOLENIC_ACID_ALA_METABOLISM	1.8550963269120382	-1.7135806943812306		0.9668396392533204
CGGA GBM (WHO IV) TMZ vs no TMZ (OS)	226	REACTOME_REGULATION_OF_BETA_CELL_DEVELOPMENT	-1.8494882893348232	0.5674363649648251		0.9668396392533204
GSE7696 GBM RT+TMZ vs RT (OS)	70	REACTOME_GPCR_LIGAND_BINDING	3.2696693190495085	-1.59652340410332		0.420753457920872
GSE7696 GBM RT+TMZ vs RT (OS)	70	REACTOME_CLASS_A1_RHODOPSIN_LIKE_RECEPTORS	3.114188957991265	-1.495532288469656		0.420753457920872
GSE7696 GBM RT+TMZ vs RT (OS)	70	REACTOME_SIGNALING_BY_GPCR	3.0377886222489368	-1.6826367872469454		0.420753457920872
GSE7696 GBM RT+TMZ vs RT (OS)	70	REACTOME_SYNTHESIS_OF_GLYCOSYLPHOSPHATIDYLINOSITOL_GPI	-2.995011662195158	2.8553028921081256		0.420753457920872
GSE7696 GBM RT+TMZ vs RT (OS)	70	REACTOME_AMINO_ACID_TRANSPORT_ACROSS_THE_PLASMA_MEMBRANE	2.858624234403582	-2.2365029927332944		0.420753457920872
GSE7696 GBM RT+TMZ vs RT (OS)	70	REACTOME_GPCR_DOWNSTREAM_SIGNALING	2.822988284534616	-1.6625393451191186		0.420753457920872
GSE7696 GBM RT+TMZ vs RT (OS)	70	REACTOME_AMINE_LIGAND_BINDING_RECEPTORS	2.77212867407252	-1.8889797087971438		0.420753457920872
GSE7696 GBM RT+TMZ vs RT (OS)	70	REACTOME_PEPTIDE_LIGAND_BINDING_RECEPTORS	2.744390081983062	-1.3726921895966873		0.420753457920872
GSE7696 GBM RT+TMZ vs RT (OS)	70	REACTOME_SEROTONIN_RECEPTORS	2.644735434198788	-1.4404948559763537		0.420753457920872
GSE7696 GBM RT+TMZ vs RT (OS)	70	REACTOME_TRANSPORT_OF_INORGANIC_CATIONS_ANIONS_AND_AMINO_ACIDS_OLIGOPEPTIDES	2.625845735043349	-2.4844420384522756		0.420753457920872
GBM meta (CGGA WHO IV + GSE7696), Stouffer	296	REACTOME_DEFENSINS	2.819085606695128		True	0.6695488383562908
GBM meta (CGGA WHO IV + GSE7696), Stouffer	296	REACTOME_AMINO_ACID_TRANSPORT_ACROSS_THE_PLASMA_MEMBRANE	2.8175864975921785		True	0.6695488383562908
GBM meta (CGGA WHO IV + GSE7696), Stouffer	296	REACTOME_GPCR_LIGAND_BINDING	2.5776099819812535		True	0.6695488383562908
GBM meta (CGGA WHO IV + GSE7696), Stouffer	296	REACTOME_TRANSPORT_OF_INORGANIC_CATIONS_ANIONS_AND_AMINO_ACIDS_OLIGOPEPTIDES	2.512532794957218		True	0.6695488383562908
GBM meta (CGGA WHO IV + GSE7696), Stouffer	296	REACTOME_IL1_SIGNALING	2.462514630186217		True	0.6695488383562908
GBM meta (CGGA WHO IV + GSE7696), Stouffer	296	REACTOME_SIGNALING_BY_GPCR	2.3934680145882328		True	0.6695488383562908
GBM meta (CGGA WHO IV + GSE7696), Stouffer	296	REACTOME_LYSOSOME_VESICLE_BIOGENESIS	2.3665791226879174		True	0.6695488383562908
GBM meta (CGGA WHO IV + GSE7696), Stouffer	296	REACTOME_CLASS_A1_RHODOPSIN_LIKE_RECEPTORS	2.3396775870219817		True	0.6695488383562908
GBM meta (CGGA WHO IV + GSE7696), Stouffer	296	REACTOME_SEROTONIN_RECEPTORS	2.285209343563282		True	0.6695488383562908
GBM meta (CGGA WHO IV + GSE7696), Stouffer	296	REACTOME_ELEVATION_OF_CYTOSOLIC_CA2_LEVELS	2.2735350230511524		True	0.6695488383562908
