sample	CCLE_Name	stripped_cell_line_name	lineage	lineage_subtype	primary_disease	Subtype	COSMICID	Sanger_Model_ID	has_expression
ACH-000007	LS513_LARGE_INTESTINE	LS513	colorectal	colorectal_adenocarcinoma	Colon/Colorectal Cancer	Adenocarcinoma	907795.0	SIDM00677	True
ACH-000008	A101D_SKIN	A101D	skin	melanoma	Skin Cancer	Melanoma	910921.0	SIDM00801	True
ACH-000011	253J_URINARY_TRACT	253J	urinary_tract	bladder_carcinoma	Bladder Cancer	Carcinoma			True
ACH-000012	HCC827_LUNG	HCC827	lung	NSCLC	Lung Cancer	Non-Small Cell Lung Cancer (NSCLC), Adenocarcinoma	1240146.0	SIDM01067	True
ACH-000013	ONCODG1_OVARY	ONCODG1	ovary	ovary_adenocarcinoma	Ovarian Cancer	Adenocarcinoma, high grade serous		SIDM00093	True
ACH-000014	HS294T_SKIN	HS294T	skin	melanoma	Skin Cancer	Melanoma		SIDM00800	True
ACH-000015	NCIH1581_LUNG	NCIH1581	lung	NSCLC	Lung Cancer	Non-Small Cell Lung Cancer (NSCLC), Large Cell Carcinoma	908471.0	SIDM00748	True
ACH-000018	T24_URINARY_TRACT	T24	urinary_tract	bladder_carcinoma	Bladder Cancer	Carcinoma	724812.0	SIDM01184	True
ACH-000019	MCF7_BREAST	MCF7	breast	breast_carcinoma	Breast Cancer	Carcinoma	905946.0	SIDM00148	True
ACH-000021	NCIH1693_LUNG	NCIH1693	lung	NSCLC	Lung Cancer	Non-Small Cell Lung Cancer (NSCLC), Adenocarcinoma	687802.0	SIDM00742	True
ACH-000022	PATU8988S_PANCREAS	PATU8988S	pancreas	exocrine	Pancreatic Cancer	Ductal Adenocarcinoma, exocrine		SIDM00452	True
ACH-000023	PATU8988T_PANCREAS	PATU8988T	pancreas	exocrine	Pancreatic Cancer	Ductal Adenocarcinoma, exocrine	1240201.0	SIDM00453	True
ACH-000026	253JBV_URINARY_TRACT	253JBV	urinary_tract	bladder_carcinoma	Bladder Cancer	Carcinoma			True
ACH-000027	GOS3_CENTRAL_NERVOUS_SYSTEM	GOS3	central_nervous_system	glioma	Brain Cancer	Glioblastoma			True
ACH-000030	PC14_LUNG	PC14	lung	NSCLC	Lung Cancer	Non-Small Cell Lung Cancer (NSCLC), Adenocarcinoma	753608.0	SIDM00237	True
ACH-000035	NCIH1650_LUNG	NCIH1650	lung	NSCLC	Lung Cancer	Non-Small Cell Lung Cancer (NSCLC), Adenocarcinoma	687800.0	SIDM00745	True
ACH-000037	S117_THYROID	S117	soft_tissue	thyroid_sarcoma	Sarcoma	Thyroid Sarcoma		SIDM00035	True
ACH-000040	U118MG_CENTRAL_NERVOUS_SYSTEM	U118MG	central_nervous_system	glioma	Brain Cancer	Astrocytoma	687588.0	SIDM01193	True
ACH-000042	PANC0203_PANCREAS	PANC0203	pancreas	exocrine	Pancreatic Cancer	Ductal Adenocarcinoma, exocrine	1298475.0	SIDM01139	True
ACH-000046	ACHN_KIDNEY	ACHN	kidney	renal_cell_carcinoma	Kidney Cancer	Renal Cell Carcinoma	905950.0	SIDM00123	True
ACH-000047	GCIY_STOMACH	GCIY	gastric	gastric_adenocarcinoma	Gastric Cancer	Adenocarcinoma	906869.0	SIDM00274	False
ACH-000048	TOV112D_OVARY	TOV112D	ovary	ovary_adenocarcinoma	Ovarian Cancer	Adenocarcinoma, endometrioid	1299070.0	SIDM01170	True
ACH-000052	A673_BONE	A673	bone	Ewing_sarcoma	Bone Cancer	Ewings Sarcoma	684052.0	SIDM00848	True
ACH-000054	HT1080_SOFT_TISSUE	HT1080	soft_tissue	fibrosarcoma	Sarcoma	Fibrosarcoma	907064.0	SIDM00828	True
ACH-000060	PANC1005_PANCREAS	PANC1005	pancreas	exocrine	Pancreatic Cancer	Ductal Adenocarcinoma, exocrine	925348.0	SIDM01135	True
ACH-000062	RERFLCMS_LUNG	RERFLCMS	lung	NSCLC	Lung Cancer	Non-Small Cell Lung Cancer (NSCLC), Adenocarcinoma	910931.0	SIDM00355	True
ACH-000066	HCC4006_LUNG	HCC4006	lung	NSCLC	Lung Cancer	Non-Small Cell Lung Cancer (NSCLC), Adenocarcinoma			True
ACH-000082	G292CLONEA141B1_BONE	G292CLONEA141B1	bone	osteosarcoma	Bone Cancer	Osteosarcoma	1290807.0	SIDM00858	True
ACH-000086	ACCMESO1_PLEURA	ACCMESO1	lung	mesothelioma	Lung Cancer	Mesothelioma			True
ACH-000087	SKES1_BONE	SKES1	bone	Ewing_sarcoma	Bone Cancer	Ewings Sarcoma	684072.0	SIDM01111	True
ACH-000090	PC3_PROSTATE	PC3	prostate	prostate_adenocarcinoma	Prostate Cancer	Adenocarcinoma	905934.0	SIDM00088	True
ACH-000091	OV56_OVARY	OV56	ovary	ovary_adenocarcinoma	Ovarian Cancer	Adenocarcinoma, serous	1480362.0	SIDM00475	True
ACH-000092	NCIH2452_PLEURA	NCIH2452	lung	mesothelioma	Lung Cancer	Mesothelioma	908462.0	SIDM00722	True
ACH-000096	G401_SOFT_TISSUE	G401	kidney	malignant_rhabdoid_tumor	Rhabdoid	Malignant Rhabdoid Tumor	907299.0	SIDM00856	True
ACH-000097	ZR751_BREAST	ZR751	breast	breast_ductal_carcinoma	Breast Cancer	Breast Ductal Carcinoma		SIDM00314	True
ACH-000098	GAMG_CENTRAL_NERVOUS_SYSTEM	GAMG	central_nervous_system	glioma	Brain Cancer	Glioblastoma	906868.0	SIDM01055	True
ACH-000099	SIMA_AUTONOMIC_GANGLIA	SIMA	peripheral_nervous_system	neuroblastoma	Neuroblastoma		753620.0	SIDM00395	True
ACH-000102	GMS10_CENTRAL_NERVOUS_SYSTEM	GMS10	central_nervous_system	glioma	Brain Cancer	Glioblastoma	906873.0	SIDM01074	True
ACH-000107	CAPAN2_PANCREAS	CAPAN2	pancreas	exocrine	Pancreatic Cancer	Ductal Adenocarcinoma, exocrine	910915.0	SIDM00943	True
ACH-000108	KP3_PANCREAS	KP3	pancreas	exocrine	Pancreatic Cancer	Ductal Adenosquamous Carcinoma, exocrine	1298219.0	SIDM00571	True
ACH-000117	EFM192A_BREAST	EFM192A	breast	breast_adenocarcinoma	Breast Cancer	Adenocarcinoma	1290798.0	SIDM01002	True
ACH-000118	HUPT3_PANCREAS	HUPT3	pancreas	exocrine	Pancreatic Cancer	Ductal Adenocarcinoma, exocrine	907285.0	SIDM00533	True
ACH-000123	COV434_OVARY	COV434	ovary	ovary_adenocarcinoma	Ovarian Cancer	Adenocarcinoma, endometrioid			True
ACH-000132	JHOS2_OVARY	JHOS2	ovary	ovary_adenocarcinoma	Ovarian Cancer	Adenocarcinoma, high grade serous	1479995.0	SIDM00305	True
ACH-000133	HS729_SOFT_TISSUE	HS729	fibroblast	fibroblast_soft_tissue	Fibroblast	Soft tissue			True
ACH-000137	8MGBA_CENTRAL_NERVOUS_SYSTEM	8MGBA	central_nervous_system	glioma	Brain Cancer	Astrocytoma	687562.0	SIDM00998	True
ACH-000138	CFPAC1_PANCREAS	CFPAC1	pancreas	exocrine	Pancreatic Cancer	Ductal Adenocarcinoma, exocrine	906821.0	SIDM00130	True
ACH-000139	PANC0327_PANCREAS	PANC0327	pancreas	exocrine	Pancreatic Cancer	Ductal Adenocarcinoma, exocrine	925346.0	SIDM01138	True
ACH-000141	SNU308_BILIARY_TRACT	SNU308	bile_duct	gallbladder_adenocarcinoma	Gallbladder Cancer	Adenocarcinoma		SIDM00161	True
ACH-000142	CAL29_URINARY_TRACT	CAL29	urinary_tract	bladder_carcinoma	Bladder Cancer	Transitional Cell Carcinoma	1290730.0	SIDM00936	True
ACH-000147	T47D_BREAST	T47D	breast	breast_ductal_carcinoma	Breast Cancer	Breast Ductal Carcinoma	905945.0	SIDM00097	True
ACH-000153	NCIH2052_PLEURA	NCIH2052	lung	mesothelioma	Lung Cancer	Mesothelioma	688058.0	SIDM00713	True
ACH-000155	SW1990_PANCREAS	SW1990	pancreas	exocrine	Pancreatic Cancer	Ductal Adenocarcinoma, exocrine	910907.0	SIDM01165	True
ACH-000159	OSRC2_KIDNEY	OSRC2	kidney	renal_cell_carcinoma	Kidney Cancer	Renal Cell Carcinoma	909250.0	SIDM00239	True
ACH-000161	CORL105_LUNG	CORL105	lung	NSCLC	Lung Cancer	Non-Small Cell Lung Cancer (NSCLC), Adenocarcinoma	906805.0	SIDM00513	True
ACH-000163	SW579_THYROID	SW579	thyroid	thyroid_squamous	Thyroid Cancer	Squamous Cell Carcinoma		SIDM01167	True
ACH-000164	PANC1_PANCREAS	PANC1	pancreas	exocrine	Pancreatic Cancer	Ductal Adenocarcinoma, exocrine		SIDM00610	True
ACH-000169	RD_SOFT_TISSUE	RD	soft_tissue	rhabdomyosarcoma	Sarcoma	Rhabdomyosarcoma, embryonal	909264.0	SIDM00847	True
ACH-000171	VMRCRCZ_KIDNEY	VMRCRCZ	kidney	renal_cell_carcinoma	Kidney Cancer	Renal Cell Carcinoma	909781.0	SIDM00317	True
ACH-000172	TM87_SOFT_TISSUE	TM87	soft_tissue	malignant_rhabdoid_tumor	Rhabdoid	Malignant Rhabdoid Tumor			True
ACH-000174	CAL62_THYROID	CAL62	thyroid	thyroid_carcinoma	Thyroid Cancer	Carcinoma, anaplastic	906828.0	SIDM00931	True
ACH-000176	LOUNH91_LUNG	LOUNH91	lung	NSCLC	Lung Cancer	Non-Small Cell Lung Cancer (NSCLC), Squamous Cell Carcinoma	1298226.0	SIDM00341	True
ACH-000178	HS766T_PANCREAS	HS766T	pancreas	exocrine	Pancreatic Cancer	Ductal Adenocarcinoma, exocrine	1298141.0	SIDM00664	True
ACH-000182	SNU869_BILIARY_TRACT	SNU869	bile_duct	cholangiocarcinoma	Bile Duct Cancer	Cholangiocarcinoma, extrahepatic		SIDM00159	True
ACH-000186	NCIH2444_LUNG	NCIH2444	lung	NSCLC	Lung Cancer	Non-Small Cell Lung Cancer (NSCLC), unspecified	1298356.0	SIDM00723	True
ACH-000188	SCC25_UPPER_AERODIGESTIVE_TRACT	SCC25	upper_aerodigestive	upper_aerodigestive_squamous	Head and Neck Cancer	Squamous Cell Carcinoma	910701.0	SIDM01082	True
ACH-000189	RCC10RGB_KIDNEY	RCC10RGB	kidney	renal_cell_carcinoma	Kidney Cancer	Renal Cell Carcinoma	909974.0	SIDM00235	True
ACH-000191	BHT101_THYROID	BHT101	thyroid	thyroid_carcinoma	Thyroid Cancer	Carcinoma, papillary	906696.0	SIDM00987	True
ACH-000192	MFE280_ENDOMETRIUM	MFE280	uterus	endometrial_adenocarcinoma	Endometrial/Uterine Cancer	Endometrial Adenocarcinoma	908129.0	SIDM00335	True
ACH-000201	A204_SOFT_TISSUE	A204	soft_tissue	malignant_rhabdoid_tumor	Rhabdoid	Malignant Rhabdoid Tumor	910784.0	SIDM00798	True
ACH-000205	PK59_PANCREAS	PK59	pancreas	exocrine	Pancreatic Cancer	Ductal Adenocarcinoma, exocrine			True
ACH-000207	DETROIT562_UPPER_AERODIGESTIVE_TRACT	DETROIT562	upper_aerodigestive	upper_aerodigestive_squamous	Head and Neck Cancer	Squamous Cell Carcinoma, pharynx	906837.0	SIDM00831	True
ACH-000209	SNU1079_BILIARY_TRACT	SNU1079	bile_duct	cholangiocarcinoma	Bile Duct Cancer	Cholangiocarcinoma, intrahepatic		SIDM00164	True
ACH-000210	CADOES1_BONE	CADOES1	bone	Ewing_sarcoma	Bone Cancer	Ewings Sarcoma	753539.0	SIDM00961	True
ACH-000211	DAOY_CENTRAL_NERVOUS_SYSTEM	DAOY	central_nervous_system	medulloblastoma	Brain Cancer	Medulloblastoma	906833.0	SIDM00887	True
ACH-000212	CAL120_BREAST	CAL120	breast	breast_carcinoma	Breast Cancer	Carcinoma	906826.0	SIDM00940	True
ACH-000217	JHH6_LIVER	JHH6	liver	hepatocellular_carcinoma	Liver Cancer	Hepatocellular Carcinoma	1240159.0	SIDM00615	True
ACH-000219	A375_SKIN	A375	skin	melanoma	Skin Cancer	Melanoma	906793.0	SIDM00795	True
ACH-000221	SNU398_LIVER	SNU398	liver	hepatocellular_carcinoma	Liver Cancer	Hepatocellular Carcinoma	1240217.0	SIDM01181	True
ACH-000222	ASPC1_PANCREAS	ASPC1	pancreas	exocrine	Pancreatic Cancer	Ductal Adenocarcinoma, exocrine	910702.0	SIDM00899	True
ACH-000223	HCC1937_BREAST	HCC1937	breast	breast_ductal_carcinoma	Breast Cancer	Breast Ductal Carcinoma	749714.0	SIDM00874	True
ACH-000228	BICR31_UPPER_AERODIGESTIVE_TRACT	BICR31	upper_aerodigestive	upper_aerodigestive_squamous	Head and Neck Cancer	Squamous Cell Carcinoma, oral	1290725.0	SIDM00078	True
ACH-000231	KALS1_CENTRAL_NERVOUS_SYSTEM	KALS1	central_nervous_system	glioma	Brain Cancer	Glioblastoma	907271.0	SIDM00613	True
ACH-000232	U251MG_CENTRAL_NERVOUS_SYSTEM	U251MG	central_nervous_system	glioma	Brain Cancer	Astrocytoma	905983.0	SIDM00111	True
ACH-000235	PANC0403_PANCREAS	PANC0403	pancreas	exocrine	Pancreatic Cancer	Ductal Adenocarcinoma, exocrine	1298476.0	SIDM01137	True
ACH-000237	JHOM1_OVARY	JHOM1	ovary	ovary_adenocarcinoma	Ovarian Cancer	Adenocarcinoma, mucinous			True
ACH-000242	RT4_URINARY_TRACT	RT4	urinary_tract	bladder_carcinoma	Bladder Cancer	Transitional Cell Carcinoma	687455.0	SIDM01085	True
ACH-000243	DANG_PANCREAS	DANG	pancreas	exocrine	Pancreatic Cancer	Ductal Adenocarcinoma, exocrine	1290797.0	SIDM00950	True
ACH-000244	DKMG_CENTRAL_NERVOUS_SYSTEM	DKMG	central_nervous_system	glioma	Brain Cancer	Glioblastoma	906839.0	SIDM00947	True
ACH-000250	KMRC20_KIDNEY	KMRC20	kidney	renal_cell_carcinoma	Kidney Cancer	Renal Cell Carcinoma	1298169.0	SIDM00609	True
ACH-000252	LS1034_LARGE_INTESTINE	LS1034	colorectal	colorectal_adenocarcinoma	Colon/Colorectal Cancer	Adenocarcinoma	917486.0	SIDM00681	True
ACH-000255	LMSU_STOMACH	LMSU	gastric	gastric_adenocarcinoma	Gastric Cancer	Adenocarcinoma			True
ACH-000259	KELLY_AUTONOMIC_GANGLIA	KELLY	peripheral_nervous_system	neuroblastoma	Neuroblastoma		753618.0	SIDM01009	True
ACH-000260	SKNAS_AUTONOMIC_GANGLIA	SKNAS	peripheral_nervous_system	neuroblastoma	Neuroblastoma		724828.0	SIDM01101	True
ACH-000261	RERFLCAI_LUNG	RERFLCAI	lung	NSCLC	Lung Cancer	Non-Small Cell Lung Cancer (NSCLC), Squamous Cell Carcinoma		SIDM00307	True
ACH-000264	CALU6_LUNG	CALU6	lung	NSCLC	Lung Cancer	Non-Small Cell Lung Cancer (NSCLC), unspecified	724859.0	SIDM00921	True
ACH-000265	KP4_PANCREAS	KP4	pancreas	exocrine	Pancreatic Cancer	Ductal Adenocarcinoma, exocrine	753572.0	SIDM00301	True
ACH-000266	SNU213_PANCREAS	SNU213	pancreas	exocrine	Pancreatic Cancer	Ductal Adenocarcinoma, exocrine			True
ACH-000268	SNU245_BILIARY_TRACT	SNU245	bile_duct	cholangiocarcinoma	Bile Duct Cancer	Cholangiocarcinoma, extrahepatic		SIDM00162	True
ACH-000270	HPAC_PANCREAS	HPAC	pancreas	exocrine	Pancreatic Cancer	Ductal Adenocarcinoma, exocrine	1298136.0	SIDM00670	True
ACH-000273	SF539_CENTRAL_NERVOUS_SYSTEM	SF539	central_nervous_system	glioma	Brain Cancer	Glioma	905984.0	SIDM00083	True
ACH-000274	HS852T_SKIN	HS852T	skin	melanoma	Skin Cancer	Melanoma			True
ACH-000276	HCC38_BREAST	HCC38	breast	breast_ductal_carcinoma	Breast Cancer	Breast Ductal Carcinoma	749717.0	SIDM00675	True
ACH-000277	HCC1419_BREAST	HCC1419	breast	breast_ductal_carcinoma	Breast Cancer	Breast Ductal Carcinoma	907045.0	SIDM00882	True
ACH-000278	COV362_OVARY	COV362	ovary	ovary_adenocarcinoma	Ovarian Cancer	Adenocarcinoma, high grade serous			True
ACH-000279	EWS502_BONE	EWS502	bone	Ewing_sarcoma	Bone Cancer	Ewings Sarcoma			True
ACH-000280	SNU840_OVARY	SNU840	ovary	brenner_tumor	Ovarian Cancer	Carcinoma, brenner			True
ACH-000281	KP2_PANCREAS	KP2	pancreas	exocrine	Pancreatic Cancer	Ductal Adenocarcinoma, exocrine	1298218.0	SIDM00582	True
ACH-000288	BT549_BREAST	BT549	breast	breast_ductal_carcinoma	Breast Cancer	Breast Ductal Carcinoma	905951.0	SIDM00122	True
ACH-000289	SNU466_CENTRAL_NERVOUS_SYSTEM	SNU466	central_nervous_system	glioma	Brain Cancer	Glioblastoma			True
ACH-000292	NCIH841_LUNG	NCIH841	lung	SCLC	Lung Cancer	Small Cell Lung Cancer (SCLC)	1240192.0	SIDM01134	True
ACH-000296	OUMS23_LARGE_INTESTINE	OUMS23	colorectal	colorectal_adenocarcinoma	Colon/Colorectal Cancer	Adenocarcinoma		SIDM00036	True
ACH-000302	SNU1077_ENDOMETRIUM	SNU1077	uterus	mullerian_carcinoma	Endometrial/Uterine Cancer	Mullerian Carcinoma		SIDM00166	True
ACH-000305	ECGI10_OESOPHAGUS	ECGI10	esophagus	esophagus_squamous	Esophageal Cancer	Squamous Cell Carcinoma	753555.0	SIDM00278	True
ACH-000307	PK1_PANCREAS	PK1	pancreas	exocrine	Pancreatic Cancer	Ductal Adenocarcinoma, exocrine			True
ACH-000308	EFO21_OVARY	EFO21	ovary	ovary_adenocarcinoma	Ovarian Cancer	Adenocarcinoma, clear cell	911905.0	SIDM01052	True
ACH-000309	SKLU1_LUNG	SKLU1	lung	NSCLC	Lung Cancer	Non-Small Cell Lung Cancer (NSCLC), Adenocarcinoma	909721.0	SIDM01108	False
ACH-000311	NCIH2122_LUNG	NCIH2122	lung	NSCLC	Lung Cancer	Non-Small Cell Lung Cancer (NSCLC), Adenocarcinoma	722046.0	SIDM00702	True
ACH-000312	SKNBE2_AUTONOMIC_GANGLIA	SKNBE2	peripheral_nervous_system	neuroblastoma	Neuroblastoma			SIDM00894	True
ACH-000313	KMRC3_KIDNEY	KMRC3	kidney	renal_cell_carcinoma	Kidney Cancer	Renal Carcinoma, clear cell			True
ACH-000316	SNU886_LIVER	SNU886	liver	hepatocellular_carcinoma	Liver Cancer	Hepatocellular Carcinoma			True
ACH-000318	TE10_OESOPHAGUS	TE10	esophagus	esophagus_squamous	Esophageal Cancer	Squamous Cell Carcinoma	753622.0	SIDM00349	True
ACH-000319	MPP89_PLEURA	MPP89	lung	mesothelioma	Lung Cancer	Mesothelioma	908150.0	SIDM00222	True
ACH-000320	PSN1_PANCREAS	PSN1	pancreas	exocrine	Pancreatic Cancer	Ductal Adenocarcinoma, exocrine	910546.0	SIDM00469	True
ACH-000322	HT144_SKIN	HT144	skin	melanoma	Skin Cancer	Melanoma	907067.0	SIDM00695	True
ACH-000323	42MGBA_CENTRAL_NERVOUS_SYSTEM	42MGBA	central_nervous_system	glioma	Brain Cancer	Astrocytoma	687561.0	SIDM00982	True
ACH-000324	JHOC5_OVARY	JHOC5	ovary	ovary_adenocarcinoma	Ovarian Cancer	Adenocarcinoma, clear cell			True
ACH-000329	CCFSTTG1_CENTRAL_NERVOUS_SYSTEM	CCFSTTG1	central_nervous_system	glioma	Brain Cancer	Astrocytoma	906823.0	SIDM00131	True
ACH-000331	ISTMES2_PLEURA	ISTMES2	lung	mesothelioma	Lung Cancer	Mesothelioma			True
ACH-000332	YAPC_PANCREAS	YAPC	pancreas	exocrine	Pancreatic Cancer	Ductal Adenocarcinoma, exocrine	909904.0	SIDM00411	True
ACH-000335	MSTO211H_PLEURA	MSTO211H	lung	mesothelioma	Lung Cancer	Mesothelioma	908152.0	SIDM00640	True
ACH-000343	NCIH522_LUNG	NCIH522	lung	NSCLC	Lung Cancer	Non-Small Cell Lung Cancer (NSCLC), Adenocarcinoma	905944.0	SIDM00116	True
ACH-000344	SNU668_STOMACH	SNU668	gastric	gastric_adenocarcinoma	Gastric Cancer	Adenocarcinoma			True
ACH-000347	QGP1_PANCREAS	QGP1	pancreas	endocrine	Pancreatic Cancer	Somatostatinoma	1298534.0	SIDM00360	True
ACH-000351	MKN1_STOMACH	MKN1	gastric	gastric_adenocarcinoma	Gastric Cancer	Adenocarcinoma	908138.0	SIDM00271	True
ACH-000352	HCC1428_BREAST	HCC1428	breast	breast_carcinoma	Breast Cancer	Carcinoma	1290905.0	SIDM00881	True
ACH-000356	MKN45_STOMACH	MKN45	gastric	gastric_adenocarcinoma	Gastric Cancer	Adenocarcinoma	925340.0	SIDM00247	True
ACH-000359	MG63_BONE	MG63	bone	osteosarcoma	Bone Cancer	Osteosarcoma	908131.0	SIDM00525	True
ACH-000361	SKHEP1_LIVER	SKHEP1	liver	hepatocellular_carcinoma	Liver Cancer	Hepatocellular Carcinoma	909719.0	SIDM01110	True
ACH-000364	U2OS_BONE	U2OS	bone	osteosarcoma	Bone Cancer	Osteosarcoma	909776.0	SIDM01191	True
ACH-000367	NCIH226_LUNG	NCIH226	lung	NSCLC	Lung Cancer	Non-Small Cell Lung Cancer (NSCLC), Squamous Cell Carcinoma	905941.0	SIDM00139	True
ACH-000368	SNU1105_CENTRAL_NERVOUS_SYSTEM	SNU1105	central_nervous_system	glioma	Brain Cancer	Glioblastoma			True
ACH-000374	HCC1143_BREAST	HCC1143	breast	breast_ductal_carcinoma	Breast Cancer	Breast Ductal Carcinoma	749710.0	SIDM00866	True
ACH-000375	G402_SOFT_TISSUE	G402	soft_tissue	malignant_rhabdoid_tumor	Kidney Cancer	Renal Leiomyoblastoma	907298.0	SIDM00855	True
ACH-000376	SF295_CENTRAL_NERVOUS_SYSTEM	SF295	central_nervous_system	glioma	Brain Cancer	Glioblastoma	905985.0	SIDM00084	True
ACH-000383	OE33_OESOPHAGUS	OE33	esophagus	esophagus_adenocarcinoma	Esophageal Cancer	Adenocarcinoma	910549.0	SIDM00477	True
ACH-000384	SW780_URINARY_TRACT	SW780	urinary_tract	bladder_carcinoma	Bladder Cancer	Transitional Cell Carcinoma	687457.0	SIDM01160	True
ACH-000389	H4_CENTRAL_NERVOUS_SYSTEM	H4	central_nervous_system	glioma	Brain Cancer	Glioma	907042.0	SIDM00852	True
ACH-000390	LUDLU1_LUNG	LUDLU1	lung	NSCLC	Lung Cancer	Non-Small Cell Lung Cancer (NSCLC), Squamous Cell Carcinoma			True
ACH-000391	MHHES1_BONE	MHHES1	bone	Ewing_sarcoma	Bone Cancer	Ewings Sarcoma	908134.0	SIDM00386	True
ACH-000393	HLF_LIVER	HLF	liver	hepatocellular_carcinoma	Liver Cancer	Hepatocellular Carcinoma		SIDM00065	True
ACH-000395	NCIH520_LUNG	NCIH520	lung	NSCLC	Lung Cancer	Non-Small Cell Lung Cancer (NSCLC), Squamous Cell Carcinoma	908443.0	SIDM01130	True
ACH-000396	J82_URINARY_TRACT	J82	urinary_tract	bladder_carcinoma	Bladder Cancer	Transitional Cell Carcinoma	753566.0	SIDM00693	True
ACH-000397	TEN_ENDOMETRIUM	TEN	uterus	clear_cell_carcinoma	Endometrial/Uterine Cancer	Clear Cell Carcinoma			True
ACH-000401	COLO800_SKIN	COLO800	skin	melanoma	Skin Cancer	Melanoma	906813.0	SIDM00515	True
ACH-000403	NCIH747_LARGE_INTESTINE	NCIH747	colorectal	colorectal_adenocarcinoma	Colon/Colorectal Cancer	Adenocarcinoma	908457.0	SIDM00778	True
ACH-000404	K029AX_SKIN	K029AX	skin	melanoma	Skin Cancer	Melanoma			True
ACH-000407	SNU685_ENDOMETRIUM	SNU685	uterus	MMMT	Endometrial/Uterine Cancer	Malignant Mixed Mullerian Tumor (MMMT)		SIDM00165	True
ACH-000408	TE5_OESOPHAGUS	TE5	esophagus	esophagus_squamous	Esophageal Cancer	Squamous Cell Carcinoma	735784.0	SIDM00347	True
ACH-000411	769P_KIDNEY	769P	kidney	renal_cell_carcinoma	Kidney Cancer	Renal Carcinoma, clear cell	910922.0	SIDM00803	True
ACH-000414	NCIH1944_LUNG	NCIH1944	lung	NSCLC	Lung Cancer	Non-Small Cell Lung Cancer (NSCLC), Adenocarcinoma	1240185.0	SIDM00762	True
ACH-000415	BICR6_UPPER_AERODIGESTIVE_TRACT	BICR6	upper_aerodigestive	upper_aerodigestive_squamous	Head and Neck Cancer	Squamous Cell Carcinoma, oral			True
ACH-000416	NCIH838_LUNG	NCIH838	lung	NSCLC	Lung Cancer	Non-Small Cell Lung Cancer (NSCLC), Adenocarcinoma	910399.0	SIDM01150	True
ACH-000417	PANC0813_PANCREAS	PANC0813	pancreas	exocrine	Pancreatic Cancer	Ductal Adenocarcinoma, exocrine	925347.0	SIDM01136	True
ACH-000418	SW1353_BONE	SW1353	bone	chondrosarcoma	Bone Cancer	Chondrosarcoma			True
ACH-000420	SNU449_LIVER	SNU449	liver	hepatocellular_carcinoma	Liver Cancer	Hepatocellular Carcinoma	909738.0	SIDM01194	True
ACH-000421	SW837_LARGE_INTESTINE	SW837	colorectal	colorectal_adenocarcinoma	Colon/Colorectal Cancer	Adenocarcinoma	909755.0	SIDM00833	True
ACH-000423	SKMEL3_SKIN	SKMEL3	skin	melanoma	Skin Cancer	Melanoma	909724.0	SIDM01105	True
ACH-000425	UACC62_SKIN	UACC62	skin	melanoma	Skin Cancer	Melanoma	905976.0	SIDM00107	True
ACH-000427	NCIN87_STOMACH	NCIN87	gastric	gastric_adenocarcinoma	Gastric Cancer	Adenocarcinoma, tubular	908461.0	SIDM01147	True
ACH-000428	UO31_KIDNEY	UO31	kidney	renal_cell_carcinoma	Kidney Cancer	Renal Cell Carcinoma	905981.0	SIDM00112	True
ACH-000429	A704_KIDNEY	A704	kidney	renal_cell_carcinoma	Kidney Cancer	Renal Cell Carcinoma	910920.0	SIDM00849	True
ACH-000433	CAKI1_KIDNEY	CAKI1	kidney	renal_cell_carcinoma	Kidney Cancer	Renal Carcinoma, clear cell	905963.0	SIDM00941	True
ACH-000434	NCIH1915_LUNG	NCIH1915	lung	NSCLC	Lung Cancer	Non-Small Cell Lung Cancer (NSCLC), Large Cell Carcinoma	1240184.0	SIDM00763	True
ACH-000437	SW1088_CENTRAL_NERVOUS_SYSTEM	SW1088	central_nervous_system	glioma	Brain Cancer	Astrocytoma	909745.0	SIDM01155	True
ACH-000441	SH4_SKIN	SH4	skin	melanoma	Skin Cancer	Melanoma	909713.0	SIDM01079	True
ACH-000444	LU99_LUNG	LU99	lung	NSCLC	Lung Cancer	Non-Small Cell Lung Cancer (NSCLC), Large Cell Carcinoma		SIDM00546	True
ACH-000445	KNS60_CENTRAL_NERVOUS_SYSTEM	KNS60	central_nervous_system	glioma	Brain Cancer	Glioblastoma			True
ACH-000447	NCIH2228_LUNG	NCIH2228	lung	NSCLC	Lung Cancer	Non-Small Cell Lung Cancer (NSCLC), Adenocarcinoma	687816.0	SIDM00729	True
ACH-000449	MESSA_SOFT_TISSUE	MESSA	soft_tissue	uterine_sarcoma	Sarcoma	Uterine Sarcoma	908127.0	SIDM00625	True
ACH-000450	MELHO_SKIN	MELHO	skin	melanoma	Skin Cancer	Melanoma	908124.0	SIDM00337	True
ACH-000452	TE8_OESOPHAGUS	TE8	esophagus	esophagus_squamous	Esophageal Cancer	Squamous Cell Carcinoma	753623.0	SIDM00326	True
ACH-000454	HCC95_LUNG	HCC95	lung	NSCLC	Lung Cancer	Non-Small Cell Lung Cancer (NSCLC), Squamous Cell Carcinoma			True
ACH-000456	BCPAP_THYROID	BCPAP	thyroid	thyroid_carcinoma	Thyroid Cancer	Carcinoma, papillary	924104.0	SIDM00992	True
ACH-000457	CAL54_KIDNEY	CAL54	kidney	renal_cell_carcinoma	Kidney Cancer	Renal Cell Carcinoma	910952.0	SIDM00932	True
ACH-000458	CJM_SKIN	CJM	skin	melanoma	Skin Cancer	Melanoma			True
ACH-000461	SNU1196_BILIARY_TRACT	SNU1196	bile_duct	cholangiocarcinoma	Bile Duct Cancer	Cholangiocarcinoma, extrahepatic		SIDM00163	True
ACH-000463	NCIH460_LUNG	NCIH460	lung	NSCLC	Lung Cancer	Non-Small Cell Lung Cancer (NSCLC), Large Cell Carcinoma	905943.0	SIDM00144	True
ACH-000467	HCC56_LARGE_INTESTINE	HCC56	colorectal	colorectal_adenocarcinoma	Colon/Colorectal Cancer	Adenocarcinoma	1290907.0	SIDM00597	True
ACH-000468	PK45H_PANCREAS	PK45H	pancreas	exocrine	Pancreatic Cancer	Ductal Adenocarcinoma, exocrine			True
ACH-000469	YH13_CENTRAL_NERVOUS_SYSTEM	YH13	central_nervous_system	glioma	Brain Cancer	Glioblastoma	909905.0	SIDM00316	True
ACH-000471	LI7_LIVER	LI7	liver		Liver Cancer				True
ACH-000472	HSC2_UPPER_AERODIGESTIVE_TRACT	HSC2	upper_aerodigestive	upper_aerodigestive_squamous	Head and Neck Cancer	Squamous Cell Carcinoma	753562.0	SIDM00590	True
ACH-000473	RT112_URINARY_TRACT	RT112	urinary_tract	bladder_carcinoma	Bladder Cancer	Transitional Cell Carcinoma	909704.0	SIDM00402	True
ACH-000476	JHH4_LIVER	JHH4	liver	hepatocellular_carcinoma	Liver Cancer	Hepatocellular Carcinoma	1240158.0	SIDM00616	True
ACH-000477	MALME3M_SKIN	MALME3M	skin	melanoma	Skin Cancer	Melanoma		SIDM00011	True
ACH-000479	KNS81_CENTRAL_NERVOUS_SYSTEM	KNS81	central_nervous_system	glioma	Brain Cancer	Glioblastoma		SIDM00605	True
ACH-000480	HUH7_LIVER	HUH7	liver	hepatocellular_carcinoma	Liver Cancer	Hepatocellular Carcinoma	907071.0	SIDM00585	True
ACH-000481	NCIH2170_LUNG	NCIH2170	lung	NSCLC	Lung Cancer	Non-Small Cell Lung Cancer (NSCLC), Squamous Cell Carcinoma	687815.0	SIDM00716	True
ACH-000482	RERFLCKJ_LUNG	RERFLCKJ	lung	NSCLC	Lung Cancer	Non-Small Cell Lung Cancer (NSCLC), Adenocarcinoma	1298537.0	SIDM00356	True
ACH-000484	VMRCRCW_KIDNEY	VMRCRCW	kidney	renal_cell_carcinoma	Kidney Cancer	Renal Cell Carcinoma	1240224.0	SIDM00318	True
ACH-000486	KU1919_URINARY_TRACT	KU1919	urinary_tract	bladder_carcinoma	Bladder Cancer	Transitional Cell Carcinoma	907312.0	SIDM01033	True
ACH-000488	TE11_OESOPHAGUS	TE11	esophagus	esophagus_squamous	Esophageal Cancer	Squamous Cell Carcinoma	946354.0	SIDM00348	True
ACH-000493	SNU423_LIVER	SNU423	liver	hepatocellular_carcinoma	Liver Cancer	Hepatocellular Carcinoma	909737.0	SIDM01199	True
ACH-000495	TUHR4TKB_KIDNEY	TUHR4TKB	kidney	renal_cell_carcinoma	Kidney Cancer	Renal Cell Carcinoma			True
ACH-000496	NCIH1792_LUNG	NCIH1792	lung	NSCLC	Lung Cancer	Non-Small Cell Lung Cancer (NSCLC), Adenocarcinoma	724868.0	SIDM00771	True
ACH-000500	SNU46_UPPER_AERODIGESTIVE_TRACT	SNU46	upper_aerodigestive	upper_aerodigestive_squamous	Head and Neck Cancer	Squamous Cell Carcinoma, laryngeal			True
ACH-000502	TCCPAN2_PANCREAS	TCCPAN2	pancreas	exocrine	Pancreatic Cancer	Ductal Adenocarcinoma, exocrine			True
ACH-000503	BICR16_UPPER_AERODIGESTIVE_TRACT	BICR16	upper_aerodigestive	upper_aerodigestive_squamous	Head and Neck Cancer	Squamous Cell Carcinoma, oral			True
ACH-000504	SNB75_CENTRAL_NERVOUS_SYSTEM	SNB75	central_nervous_system	glioma	Brain Cancer	Glioma	905982.0	SIDM00095	True
ACH-000505	RKN_SOFT_TISSUE	RKN	soft_tissue	leiomyosarcoma	Sarcoma	Leiomyosarcoma	1298539.0	SIDM00353	True
ACH-000510	NCIH1299_LUNG	NCIH1299	lung	NSCLC	Lung Cancer	Non-Small Cell Lung Cancer (NSCLC), Large Cell Carcinoma	724831.0	SIDM00649	True
ACH-000516	CAL78_BONE	CAL78	bone	chondrosarcoma	Bone Cancer	Chondrosarcoma	1290765.0	SIDM00929	True
ACH-000517	SNU410_PANCREAS	SNU410	pancreas	exocrine	Pancreatic Cancer	Ductal Adenocarcinoma, exocrine			True
ACH-000521	NCIH2030_LUNG	NCIH2030	lung	NSCLC	Lung Cancer	Non-Small Cell Lung Cancer (NSCLC), Adenocarcinoma	722045.0	SIDM00715	True
ACH-000524	KURAMOCHI_OVARY	KURAMOCHI	ovary	ovary_adenocarcinoma	Ovarian Cancer	Adenocarcinoma, high grade serous	909975.0	SIDM00554	True
ACH-000527	OVISE_OVARY	OVISE	ovary	ovary_adenocarcinoma	Ovarian Cancer	Adenocarcinoma, clear cell	1240198.0	SIDM00564	True
ACH-000528	ABC1_LUNG	ABC1	lung	NSCLC	Lung Cancer	Non-Small Cell Lung Cancer (NSCLC), Adenocarcinoma	906791.0	SIDM00494	True
ACH-000532	SNU61_LARGE_INTESTINE	SNU61	colorectal	colorectal_adenocarcinoma	Colon/Colorectal Cancer	Adenocarcinoma	1660035.0	SIDM00194	True
ACH-000535	BXPC3_PANCREAS	BXPC3	pancreas	exocrine	Pancreatic Cancer	Ductal Adenocarcinoma, exocrine	906693.0	SIDM00132	True
ACH-000537	SNU761_LIVER	SNU761	liver	hepatocellular_carcinoma	Liver Cancer	Hepatocellular Carcinoma			True
ACH-000542	HEYA8_OVARY	HEYA8	ovary	ovary_adenocarcinoma	Ovarian Cancer	Adenocarcinoma, low grade serous		SIDM01215	True
ACH-000544	OE21_OESOPHAGUS	OE21	esophagus	esophagus_squamous	Esophageal Cancer	Squamous Cell Carcinoma	1298359.0	SIDM00478	True
ACH-000545	VMCUB1_URINARY_TRACT	VMCUB1	urinary_tract	bladder_carcinoma	Bladder Cancer	Transitional Cell Carcinoma	909780.0	SIDM00414	True
ACH-000549	SNU1076_UPPER_AERODIGESTIVE_TRACT	SNU1076	upper_aerodigestive	upper_aerodigestive_squamous	Head and Neck Cancer	Squamous Cell Carcinoma, laryngeal		SIDM00168	True
ACH-000552	HT29_LARGE_INTESTINE	HT29	colorectal	colorectal_adenocarcinoma	Colon/Colorectal Cancer	Adenocarcinoma	905939.0	SIDM00136	True
ACH-000553	SQ1_LUNG	SQ1	lung	NSCLC	Lung Cancer	Non-Small Cell Lung Cancer (NSCLC), Squamous Cell Carcinoma			True
ACH-000558	A172_CENTRAL_NERVOUS_SYSTEM	A172	central_nervous_system	glioma	Brain Cancer	Glioblastoma	687563.0	SIDM00799	True
ACH-000561	TT_OESOPHAGUS	TDOTT	esophagus	esophagus_squamous	Esophageal Cancer	Squamous Cell Carcinoma	1299064.0	SIDM00322	True
ACH-000562	HCC78_LUNG	HCC78	lung	NSCLC	Lung Cancer	Non-Small Cell Lung Cancer (NSCLC), Adenocarcinoma	1290908.0	SIDM01068	True
ACH-000563	EBC1_LUNG	EBC1	lung	NSCLC	Lung Cancer	Non-Small Cell Lung Cancer (NSCLC), Squamous Cell Carcinoma	753554.0	SIDM00486	True
ACH-000565	RCM1_LARGE_INTESTINE	RCM1	colorectal	colorectal_adenocarcinoma	Colon/Colorectal Cancer	Adenocarcinoma	909263.0	SIDM00359	True
ACH-000566	SW1710_URINARY_TRACT	SW1710	urinary_tract	bladder_carcinoma	Bladder Cancer	Transitional Cell Carcinoma	909749.0	SIDM00420	True
ACH-000569	ISTMES1_PLEURA	ISTMES1	lung	mesothelioma	Lung Cancer	Mesothelioma	907173.0	SIDM00224	True
ACH-000570	YKG1_CENTRAL_NERVOUS_SYSTEM	YKG1	central_nervous_system	glioma	Brain Cancer	Glioblastoma	687592.0	SIDM00315	True
ACH-000571	T98G_CENTRAL_NERVOUS_SYSTEM	T98G	central_nervous_system	glioma	Brain Cancer	Glioblastoma	687586.0	SIDM01171	True
ACH-000572	G361_SKIN	G361	skin	melanoma	Skin Cancer	Melanoma	906865.0	SIDM00857	True
ACH-000573	MDAMB436_BREAST	MDAMB436	breast	breast_carcinoma	Breast Cancer	Carcinoma	1240172.0	SIDM00629	True
ACH-000579	UACC257_SKIN	UACC257	skin	melanoma	Skin Cancer	Melanoma	905977.0	SIDM00108	True
ACH-000582	COLO741_SKIN	COLO741	skin	melanoma	Skin Cancer	Melanoma			True
ACH-000587	NCIH1975_LUNG	NCIH1975	lung	NSCLC	Lung Cancer	Non-Small Cell Lung Cancer (NSCLC), Adenocarcinoma	924244.0	SIDM00759	True
ACH-000589	NCIH1437_LUNG	NCIH1437	lung	NSCLC	Lung Cancer	Non-Small Cell Lung Cancer (NSCLC), Adenocarcinoma	687794.0	SIDM00734	True
ACH-000592	TM31_CENTRAL_NERVOUS_SYSTEM	TM31	central_nervous_system	glioma	Brain Cancer	Glioma			True
ACH-000593	BC3C_URINARY_TRACT	BC3C	urinary_tract	bladder_carcinoma	Bladder Cancer	Transitional Cell Carcinoma			True
ACH-000595	LN229_CENTRAL_NERVOUS_SYSTEM	LN229	central_nervous_system	glioma	Brain Cancer	Glioblastoma	1240169.0	SIDM00684	True
ACH-000599	PATU8902_PANCREAS	PATU8902	pancreas	exocrine	Pancreatic Cancer	Ductal Adenocarcinoma, exocrine	1298526.0	SIDM00455	True
ACH-000601	MIAPACA2_PANCREAS	MIAPACA2	pancreas	exocrine	Pancreatic Cancer	Ductal Adenocarcinoma, exocrine	724870.0	SIDM00505	True
ACH-000603	BEN_LUNG	BEN	lung	NSCLC	Lung Cancer	Non-Small Cell Lung Cancer (NSCLC), unspecified	753534.0	SIDM00990	True
ACH-000605	TE6_OESOPHAGUS	TE6	esophagus	esophagus_squamous	Esophageal Cancer	Squamous Cell Carcinoma	946355.0	SIDM00328	True
ACH-000609	SF126_CENTRAL_NERVOUS_SYSTEM	SF126	central_nervous_system	glioma	Brain Cancer	Astrocytoma	909712.0	SIDM00382	True
ACH-000613	HOS_BONE	HOS	bone	osteosarcoma	Bone Cancer	Osteosarcoma	907060.0	SIDM00806	True
ACH-000614	RVH421_SKIN	RVH421	skin	melanoma	Skin Cancer	Melanoma	909706.0	SIDM00401	True
ACH-000618	SNU1041_UPPER_AERODIGESTIVE_TRACT	SNU1041	upper_aerodigestive	upper_aerodigestive_squamous	Head and Neck Cancer	Squamous Cell Carcinoma, hypopharyngeal		SIDM00173	True
ACH-000619	PECAPJ15_UPPER_AERODIGESTIVE_TRACT	PECAPJ15	upper_aerodigestive	upper_aerodigestive_squamous	Head and Neck Cancer	Squamous Cell Carcinoma, oral	1240207.0	SIDM00473	True
ACH-000620	JHH1_LIVER	JHH1	liver	hepatocellular_carcinoma	Liver Cancer	Hepatocellular Carcinoma	1298151.0	SIDM00618	True
ACH-000622	KNS42_CENTRAL_NERVOUS_SYSTEM	KNS42	central_nervous_system	glioma	Brain Cancer	Glioblastoma	907282.0	SIDM00607	True
ACH-000624	HCC1806_BREAST	HCC1806	breast	breast_ductal_carcinoma	Breast Cancer	Breast Ductal Carcinoma	907047.0	SIDM00875	True
ACH-000625	HEP3B217_LIVER	HEP3B217	liver	hepatocellular_carcinoma	Liver Cancer	Hepatocellular Carcinoma	1240147.0	SIDM00672	True
ACH-000627	LCLC103H_LUNG	LCLC103H	lung	NSCLC	Lung Cancer	Non-Small Cell Lung Cancer (NSCLC), Large Cell Carcinoma	753586.0	SIDM00345	True
ACH-000628	NCIH596_LUNG	NCIH596	lung	NSCLC	Lung Cancer	Non-Small Cell Lung Cancer (NSCLC), Adenosquamous Carcinoma	908459.0	SIDM01127	True
ACH-000630	YD8_UPPER_AERODIGESTIVE_TRACT	YD8	upper_aerodigestive	upper_aerodigestive_squamous	Head and Neck Cancer	Squamous Cell Carcinoma, tongue			True
ACH-000632	HS944T_SKIN	HS944T	skin	melanoma	Skin Cancer	Melanoma		SIDM00063	True
ACH-000637	KYSE520_OESOPHAGUS	KYSE520	esophagus	esophagus_squamous	Esophageal Cancer	Squamous Cell Carcinoma	753575.0	SIDM01025	True
ACH-000643	HDQP1_BREAST	HDQP1	breast	breast_ductal_carcinoma	Breast Cancer	Breast Ductal Carcinoma	1290922.0	SIDM01062	True
ACH-000647	TE1_OESOPHAGUS	TE1	esophagus	esophagus_squamous	Esophageal Cancer	Squamous Cell Carcinoma	753621.0	SIDM00369	True
ACH-000648	NCIH28_PLEURA	NCIH28	lung	mesothelioma	Lung Cancer	Mesothelioma	908470.0	SIDM00720	True
ACH-000649	786O_KIDNEY	786O	kidney	renal_cell_carcinoma	Kidney Cancer	Renal Carcinoma, clear cell	905947.0	SIDM00125	True
ACH-000650	IGR37_SKIN	IGR37	skin	melanoma	Skin Cancer	Melanoma	1240153.0	SIDM01066	True
ACH-000651	SW620_LARGE_INTESTINE	SW620	colorectal	colorectal_adenocarcinoma	Colon/Colorectal Cancer	Adenocarcinoma	905962.0	SIDM00841	True
ACH-000652	SUIT2_PANCREAS	SUIT2	pancreas	exocrine	Pancreatic Cancer	Ductal Adenocarcinoma, exocrine	1240219.0	SIDM00371	True
ACH-000657	A2780_OVARY	A2780	ovary	ovary_adenocarcinoma	Ovarian Cancer	Adenocarcinoma, endometrioid	906804.0	SIDM00210	True
ACH-000661	WM1799_SKIN	WM1799	skin	melanoma	Skin Cancer	Melanoma			True
ACH-000662	CORL23_LUNG	CORL23	lung	NSCLC	Lung Cancer	Non-Small Cell Lung Cancer (NSCLC), Large Cell Carcinoma	687780.0	SIDM00512	True
ACH-000663	OVTOKO_OVARY	OVTOKO	ovary	ovary_adenocarcinoma	Ovarian Cancer	Adenocarcinoma, clear cell	1298365.0	SIDM00425	True
ACH-000665	SKMES1_LUNG	SKMES1	lung	NSCLC	Lung Cancer	Non-Small Cell Lung Cancer (NSCLC), Squamous Cell Carcinoma	909728.0	SIDM01103	True
ACH-000666	NCIH1355_LUNG	NCIH1355	lung	NSCLC	Lung Cancer	Non-Small Cell Lung Cancer (NSCLC), Adenocarcinoma	724866.0	SIDM00645	True
ACH-000667	HCC44_LUNG	HCC44	lung	NSCLC	Lung Cancer	Non-Small Cell Lung Cancer (NSCLC), Adenocarcinoma	1240145.0	SIDM01069	True
ACH-000669	SW900_LUNG	SW900	lung	NSCLC	Lung Cancer	Non-Small Cell Lung Cancer (NSCLC), Squamous Cell Carcinoma	724879.0	SIDM01158	True
ACH-000670	SBC5_LUNG	SBC5	lung	SCLC	Lung Cancer	Small Cell Lung Cancer (SCLC)	713880.0	SIDM00368	True
ACH-000671	HUH6_LIVER	HUH6	liver	hepatoblastoma	Liver Cancer	Hepatoblastoma		SIDM00062	True
ACH-000672	IALM_LUNG	IALM	lung	NSCLC	Lung Cancer	Non-Small Cell Lung Cancer (NSCLC), Large Cell Carcinoma	910779.0	SIDM00306	True
ACH-000674	NUGC4_STOMACH	NUGC4	gastric	gastric_adenocarcinoma	Gastric Cancer	Adenocarcinoma	1298357.0	SIDM00570	True
ACH-000677	SW1573_LUNG	SW1573	lung	NSCLC	Lung Cancer	Non-Small Cell Lung Cancer (NSCLC), Adenocarcinoma	724878.0	SIDM01163	True
ACH-000678	MKN7_STOMACH	MKN7	gastric	gastric_adenocarcinoma	Gastric Cancer	Adenocarcinoma, tubular	924250.0	SIDM00560	True
ACH-000679	OE19_OESOPHAGUS	OE19	esophagus	esophagus_squamous	Esophageal Cancer	Squamous Cell Carcinoma	910079.0	SIDM00479	True
ACH-000680	SW948_LARGE_INTESTINE	SW948	colorectal	colorectal_adenocarcinoma	Colon/Colorectal Cancer	Adenocarcinoma	909757.0	SIDM00832	True
ACH-000681	A549_LUNG	A549	lung	NSCLC	Lung Cancer	Non-Small Cell Lung Cancer (NSCLC), Adenocarcinoma	905949.0	SIDM00903	True
ACH-000682	SNU1066_UPPER_AERODIGESTIVE_TRACT	SNU1066	upper_aerodigestive	upper_aerodigestive_squamous	Head and Neck Cancer	Squamous Cell Carcinoma		SIDM00170	True
ACH-000684	KMRC1_KIDNEY	KMRC1	kidney	renal_cell_carcinoma	Kidney Cancer	Renal Carcinoma, clear cell	1298168.0	SIDM00611	True
ACH-000685	L33_PANCREAS	L33	pancreas	exocrine	Pancreatic Cancer	Ductal Adenosquamous Carcinoma			True
ACH-000688	OV7_OVARY	OV7	ovary	ovary_adenocarcinoma	Ovarian Cancer	Adenocarcinoma, mixed	1480360.0	SIDM00474	True
ACH-000693	KYSE180_OESOPHAGUS	KYSE180	esophagus	esophagus_squamous	Esophageal Cancer	Squamous Cell Carcinoma	907318.0	SIDM01030	True
ACH-000694	TE9_OESOPHAGUS	TE9	esophagus	esophagus_squamous	Esophageal Cancer	Squamous Cell Carcinoma	946353.0	SIDM00325	True
ACH-000696	OVCAR8_OVARY	OVCAR8	ovary	ovary_adenocarcinoma	Ovarian Cancer	Adenocarcinoma, high grade serous	905991.0	SIDM00090	True
ACH-000701	RMUGS_OVARY	RMUGS	ovary	ovary_adenocarcinoma	Ovarian Cancer	Cystadenocarcinoma, mucinous			True
ACH-000704	OAW42_OVARY	OAW42	ovary	ovary_carcinoma	Ovarian Cancer	Carcinoma	910548.0	SIDM00480	True
ACH-000711	JIMT1_BREAST	JIMT1	breast	breast_ductal_carcinoma	Breast Cancer	Breast Ductal Carcinoma	1298157.0	SIDM01037	True
ACH-000713	CAOV3_OVARY	CAOV3	ovary	ovary_adenocarcinoma	Ovarian Cancer	Adenocarcinoma, high grade serous	906825.0	SIDM00919	True
ACH-000715	SNU1214_UPPER_AERODIGESTIVE_TRACT	SNU1214	upper_aerodigestive	upper_aerodigestive_squamous	Head and Neck Cancer	Squamous Cell Carcinoma, laryngeal		SIDM00167	True
ACH-000716	TT2609C02_THYROID	TT2609C02	thyroid	thyroid_carcinoma	Thyroid Cancer	Carcinoma, follicular	1240223.0	SIDM00418	True
ACH-000717	COLO680N_OESOPHAGUS	COLO680N	esophagus	esophagus_squamous	Esophageal Cancer	Squamous Cell Carcinoma	906817.0	SIDM00956	True
ACH-000719	RMGI_OVARY	RMGI	ovary	ovary_adenocarcinoma	Ovarian Cancer	Adenocarcinoma, clear cell	909699.0	SIDM00352	True
ACH-000720	TCCSUP_URINARY_TRACT	TCCSUP	urinary_tract	bladder_carcinoma	Bladder Cancer	Transitional Cell Carcinoma	687459.0	SIDM01190	True
ACH-000721	HMC18_BREAST	HMC18	breast	breast_carcinoma	Breast Cancer	Carcinoma			True
ACH-000723	YD10B_UPPER_AERODIGESTIVE_TRACT	YD10B	upper_aerodigestive	upper_aerodigestive_squamous	Head and Neck Cancer	Squamous Cell Carcinoma, tongue			True
ACH-000724	HT1376_URINARY_TRACT	HT1376	urinary_tract	bladder_carcinoma	Bladder Cancer	Carcinoma	907066.0	SIDM00678	True
ACH-000726	TE14_OESOPHAGUS	TE14	esophagus	esophagus_squamous	Esophageal Cancer	Squamous Cell Carcinoma			True
ACH-000730	SKMEL5_SKIN	SKMEL5	skin	melanoma	Skin Cancer	Melanoma	905956.0	SIDM00080	True
ACH-000732	PECAPJ41CLONED2_UPPER_AERODIGESTIVE_TRACT	PECAPJ41CLONED2	upper_aerodigestive	upper_aerodigestive_squamous	Head and Neck Cancer	Squamous Cell Carcinoma, oral			True
ACH-000733	NCIH1838_LUNG	NCIH1838	lung	NSCLC	Lung Cancer	Non-Small Cell Lung Cancer (NSCLC), Adenocarcinoma	687807.0	SIDM00769	True
ACH-000734	JHH5_LIVER	JHH5	liver	hepatocellular_carcinoma	Liver Cancer	Hepatocellular Carcinoma			True
ACH-000735	PECAPJ49_UPPER_AERODIGESTIVE_TRACT	PECAPJ49	upper_aerodigestive	upper_aerodigestive_squamous	Head and Neck Cancer	Squamous Cell Carcinoma, oral			True
ACH-000736	SNU601_STOMACH	SNU601	gastric	gastric_adenocarcinoma	Gastric Cancer	Adenocarcinoma, signet ring cell			True
ACH-000738	GB1_CENTRAL_NERVOUS_SYSTEM	GB1	central_nervous_system	glioma	Brain Cancer	Glioblastoma	687568.0	SIDM00581	True
ACH-000741	UBLC1_URINARY_TRACT	UBLC1	urinary_tract	bladder_carcinoma	Bladder Cancer	Transitional Cell Carcinoma			True
ACH-000744	NCIH1623_LUNG	NCIH1623	lung	NSCLC	Lung Cancer	Non-Small Cell Lung Cancer (NSCLC), Adenocarcinoma	687798.0	SIDM00747	True
ACH-000747	NCIH1703_LUNG	NCIH1703	lung	NSCLC	Lung Cancer	Non-Small Cell Lung Cancer (NSCLC), Squamous Cell Carcinoma	908474.0	SIDM00740	True
ACH-000748	SJSA1_BONE	SJSA1	bone	osteosarcoma	Bone Cancer	Osteosarcoma	909717.0	SIDM01112	True
ACH-000749	DMS273_LUNG	DMS273	lung	SCLC	Lung Cancer	Small Cell Lung Cancer (SCLC)	687985.0	SIDM00522	True
ACH-000750	LOXIMVI_SKIN	LOXIMVI	skin	melanoma	Skin Cancer	Melanoma	905974.0	SIDM00149	True
ACH-000753	JMSU1_URINARY_TRACT	JMSU1	urinary_tract	bladder_carcinoma	Bladder Cancer	Carcinoma			True
ACH-000756	GI1_CENTRAL_NERVOUS_SYSTEM	GI1	central_nervous_system	glioma	Brain Cancer	Glioblastoma	906871.0	SIDM00273	True
ACH-000758	MKN74_STOMACH	MKN74	gastric	gastric_adenocarcinoma	Gastric Cancer	Adenocarcinoma		SIDM00248	True
ACH-000759	MDAMB175VII_BREAST	MDAMB175VII	breast	breast_ductal_carcinoma	Breast Cancer	Breast Ductal Carcinoma	908120.0	SIDM00633	True
ACH-000762	YD38_UPPER_AERODIGESTIVE_TRACT	YD38	upper_aerodigestive	upper_aerodigestive_squamous	Head and Neck Cancer	Squamous Cell Carcinoma			True
ACH-000764	SH10TC_STOMACH	SH10TC	gastric	gastric_adenocarcinoma	Gastric Cancer	Adenocarcinoma, mucinous			True
ACH-000765	WM983B_SKIN	WM983B	skin	melanoma	Skin Cancer	Melanoma			True
ACH-000766	NCIH1648_LUNG	NCIH1648	lung	NSCLC	Lung Cancer	Non-Small Cell Lung Cancer (NSCLC), Adenocarcinoma	687799.0	SIDM00746	True
ACH-000768	MDAMB231_BREAST	MDAMB231	breast	breast_carcinoma	Breast Cancer	Carcinoma	905960.0	SIDM00146	True
ACH-000769	LK2_LUNG	LK2	lung	NSCLC	Lung Cancer	Non-Small Cell Lung Cancer (NSCLC), Squamous Cell Carcinoma	687787.0	SIDM00548	True
ACH-000771	BICR56_UPPER_AERODIGESTIVE_TRACT	BICR56	upper_aerodigestive	upper_aerodigestive_squamous	Head and Neck Cancer	Squamous Cell Carcinoma, oral			True
ACH-000774	RERFLCAD2_LUNG	RERFLCAD2	lung	NSCLC	Lung Cancer	Non-Small Cell Lung Cancer (NSCLC), Adenocarcinoma			True
ACH-000775	NCIH727_LUNG	NCIH727	lung	lung_carcinoid	Lung Cancer	Carcinoid	724855.0	SIDM01119	True
ACH-000776	ONS76_CENTRAL_NERVOUS_SYSTEM	ONS76	central_nervous_system	medulloblastoma	Brain Cancer	Medulloblastoma	909248.0	SIDM00567	True
ACH-000777	KYSE30_OESOPHAGUS	KYSE30	esophagus	esophagus_squamous	Esophageal Cancer	Squamous Cell Carcinoma		SIDM00015	True
ACH-000778	HSC3_UPPER_AERODIGESTIVE_TRACT	HSC3	upper_aerodigestive	upper_aerodigestive_squamous	Head and Neck Cancer	Squamous Cell Carcinoma	907061.0	SIDM00589	True
ACH-000781	NCIH2023_LUNG	NCIH2023	lung	NSCLC	Lung Cancer	Non-Small Cell Lung Cancer (NSCLC), Adenocarcinoma	1240187.0	SIDM00753	True
ACH-000783	CAMA1_BREAST	CAMA1	breast	breast_carcinoma	Breast Cancer	Carcinoma	946382.0	SIDM00920	True
ACH-000784	KYSE70_OESOPHAGUS	KYSE70	esophagus	esophagus_squamous	Esophageal Cancer	Squamous Cell Carcinoma	753576.0	SIDM01024	True
ACH-000785	NCIH2126_LUNG	NCIH2126	lung	NSCLC	Lung Cancer	Non-Small Cell Lung Cancer (NSCLC), Adenocarcinoma		SIDM00775	True
ACH-000787	LXF289_LUNG	LXF289	lung	NSCLC	Lung Cancer	Non-Small Cell Lung Cancer (NSCLC), Adenocarcinoma	753592.0	SIDM00339	True
ACH-000788	A2058_SKIN	A2058	skin	melanoma	Skin Cancer	Melanoma	906792.0	SIDM00797	True
ACH-000791	RERFLCAD1_LUNG	RERFLCAD1	lung	NSCLC	Lung Cancer	Non-Small Cell Lung Cancer (NSCLC), Adenocarcinoma			True
ACH-000792	BFTC909_KIDNEY	BFTC909	kidney	renal_cell_carcinoma	Kidney Cancer	Renal Carcinoma, transitional cell	910698.0	SIDM00988	True
ACH-000796	MCAS_OVARY	MCAS	ovary	ovary_adenocarcinoma	Ovarian Cancer	Cystadenocarcinoma, mucinous		SIDM00008	True
ACH-000800	NCIH446_LUNG	NCIH446	lung	SCLC	Lung Cancer	Small Cell Lung Cancer (SCLC)	688023.0	SIDM00965	True
ACH-000802	BFTC905_URINARY_TRACT	BFTC905	urinary_tract	bladder_carcinoma	Bladder Cancer	Transitional Cell Carcinoma	910926.0	SIDM00989	True
ACH-000803	COLO668_LUNG	COLO668	lung	SCLC	Lung Cancer	Small Cell Lung Cancer (SCLC)	910692.0	SIDM00143	True
ACH-000804	NB1_AUTONOMIC_GANGLIA	NB1	peripheral_nervous_system	neuroblastoma	Neuroblastoma		949179.0	SIDM00578	True
ACH-000805	COLO679_SKIN	COLO679	skin	melanoma	Skin Cancer	Melanoma	906818.0	SIDM00284	True
ACH-000808	HUH28_BILIARY_TRACT	HUH28	bile_duct	cholangiocarcinoma	Bile Duct Cancer	Cholangiocarcinoma, intrahepatic			True
ACH-000809	KYSE410_OESOPHAGUS	KYSE410	esophagus	esophagus_squamous	Esophageal Cancer	Squamous Cell Carcinoma	753574.0	SIDM01028	True
ACH-000810	SKMEL30_SKIN	SKMEL30	skin	melanoma	Skin Cancer	Melanoma	909726.0	SIDM00392	True
ACH-000811	SKOV3_OVARY	SKOV3	ovary	ovary_adenocarcinoma	Ovarian Cancer	Cystadenocarcinoma, endometrioid	905959.0	SIDM00079	True
ACH-000812	COLO783_SKIN	COLO783	skin	melanoma	Skin Cancer	Melanoma	1240125.0	SIDM00955	True
ACH-000813	T3M10_LUNG	T3M10	lung	NSCLC	Lung Cancer	Non-Small Cell Lung Cancer (NSCLC), Large Cell Carcinoma			True
ACH-000814	HS939T_SKIN	HS939T	skin	melanoma	Skin Cancer	Melanoma	1298144.0	SIDM00663	True
ACH-000819	LN18_CENTRAL_NERVOUS_SYSTEM	LN18	central_nervous_system	glioma	Brain Cancer	Glioblastoma	1240168.0	SIDM00685	True
ACH-000822	SKMEL24_SKIN	SKMEL24	skin	melanoma	Skin Cancer	Melanoma	909725.0	SIDM01106	True
ACH-000823	KYSE140_OESOPHAGUS	KYSE140	esophagus	esophagus_squamous	Esophageal Cancer	Squamous Cell Carcinoma	753573.0	SIDM01032	True
ACH-000824	KYSE510_OESOPHAGUS	KYSE510	esophagus	esophagus_squamous	Esophageal Cancer	Squamous Cell Carcinoma	907321.0	SIDM01026	True
ACH-000826	CAL12T_LUNG	CAL12T	lung	NSCLC	Lung Cancer	Non-Small Cell Lung Cancer (NSCLC), unspecified	753540.0	SIDM00939	True
ACH-000827	WM793_SKIN	WM793	skin	melanoma	Skin Cancer	Melanoma	1299081.0	SIDM00973	True
ACH-000832	CAL27_UPPER_AERODIGESTIVE_TRACT	CAL27	upper_aerodigestive	upper_aerodigestive_squamous	Head and Neck Cancer	Squamous Cell Carcinoma	910916.0	SIDM00937	True
ACH-000833	RH30_SOFT_TISSUE	RH30	soft_tissue	rhabdomyosarcoma	Sarcoma	Rhabdomyosarcoma, alveolar			True
ACH-000834	UMUC1_URINARY_TRACT	UMUC1	urinary_tract	bladder_carcinoma	Bladder Cancer	Transitional Cell Carcinoma			True
ACH-000835	GCT_SOFT_TISSUE	GCT	soft_tissue	pleomorphic_sarcoma	Sarcoma	Pleomorphic Sarcoma	906999.0	SIDM00853	True
ACH-000836	YD15_SALIVARY_GLAND	YD15	upper_aerodigestive	upper_aerodigestive_squamous	Head and Neck Cancer	Squamous Cell Carcinoma, tongue			True
ACH-000837	NCIH322_LUNG	NCIH322	lung	NSCLC	Lung Cancer	Non-Small Cell Lung Cancer (NSCLC), Adenocarcinoma		SIDM00117	True
ACH-000839	SCABER_URINARY_TRACT	SCABER	urinary_tract	bladder_carcinoma	Bladder Cancer	Squamous Cell Carcinoma		SIDM00032	True
ACH-000840	HCC366_LUNG	HCC366	lung	NSCLC	Lung Cancer	Non-Small Cell Lung Cancer (NSCLC), Adenosquamous Carcinoma	1240144.0	SIDM01070	True
ACH-000841	NCIH2087_LUNG	NCIH2087	lung	NSCLC	Lung Cancer	Non-Small Cell Lung Cancer (NSCLC), Adenocarcinoma	724834.0	SIDM00708	True
ACH-000842	SW480_LARGE_INTESTINE	SW480	colorectal	colorectal_adenocarcinoma	Colon/Colorectal Cancer	Adenocarcinoma		SIDM00840	True
ACH-000843	HARA_LUNG	HARA	lung	NSCLC	Lung Cancer	Non-Small Cell Lung Cancer (NSCLC), Squamous Cell Carcinoma	1240142.0	SIDM00598	True
ACH-000845	NCIH1373_LUNG	NCIH1373	lung	NSCLC	Lung Cancer	Non-Small Cell Lung Cancer (NSCLC), Adenocarcinoma			True
ACH-000846	FADU_UPPER_AERODIGESTIVE_TRACT	FADU	upper_aerodigestive	upper_aerodigestive_squamous	Head and Neck Cancer	Squamous Cell Carcinoma	906863.0	SIDM00860	True
ACH-000847	HGC27_STOMACH	HGC27	gastric	gastric_adenocarcinoma	Gastric Cancer	Adenocarcinoma	907055.0	SIDM00290	True
ACH-000848	JHH7_LIVER	JHH7	liver	hepatocellular_carcinoma	Liver Cancer	Hepatocellular Carcinoma	1240160.0	SIDM00614	True
ACH-000849	MDAMB468_BREAST	MDAMB468	breast	breast_carcinoma	Breast Cancer	Carcinoma	908123.0	SIDM00628	True
ACH-000852	NCIH1435_LUNG	NCIH1435	lung	NSCLC	Lung Cancer	Non-Small Cell Lung Cancer (NSCLC), Adenocarcinoma	1298347.0	SIDM00658	True
ACH-000853	NCIH661_LUNG	NCIH661	lung	NSCLC	Lung Cancer	Non-Small Cell Lung Cancer (NSCLC), Large Cell Carcinoma	687829.0	SIDM01122	True
ACH-000855	KYSE150_OESOPHAGUS	KYSE150	esophagus	esophagus_squamous	Esophageal Cancer	Squamous Cell Carcinoma	907317.0	SIDM01031	True
ACH-000856	CAL51_BREAST	CAL51	breast	breast_carcinoma	Breast Cancer	Carcinoma	910927.0	SIDM00933	True
ACH-000858	KNS62_LUNG	KNS62	lung	NSCLC	Lung Cancer	Non-Small Cell Lung Cancer (NSCLC), Squamous Cell Carcinoma	753569.0	SIDM00606	True
ACH-000860	NCIH358_LUNG	NCIH358	lung	NSCLC	Lung Cancer	Non-Small Cell Lung Cancer (NSCLC), Adenocarcinoma	908465.0	SIDM00718	True
ACH-000862	KMBC2_URINARY_TRACT	KMBC2	urinary_tract	bladder_carcinoma	Bladder Cancer	Carcinoma			True
ACH-000863	DBTRG05MG_CENTRAL_NERVOUS_SYSTEM	DBTRG05MG	central_nervous_system	glioma	Brain Cancer	Glioblastoma	906835.0	SIDM00867	True
ACH-000866	NCIH1048_LUNG	NCIH1048	lung	SCLC	Lung Cancer	Small Cell Lung Cancer (SCLC)	687995.0	SIDM00654	True
ACH-000868	HCC1195_LUNG	HCC1195	lung	NSCLC	Lung Cancer	Non-Small Cell Lung Cancer (NSCLC), Adenosquamous Carcinoma			True
ACH-000869	NCIH1568_LUNG	NCIH1568	lung	NSCLC	Lung Cancer	Non-Small Cell Lung Cancer (NSCLC), Adenocarcinoma	1298348.0	SIDM00750	True
ACH-000873	KYSE270_OESOPHAGUS	KYSE270	esophagus	esophagus_squamous	Esophageal Cancer	Squamous Cell Carcinoma	907319.0	SIDM01029	True
ACH-000875	NCIH2347_LUNG	NCIH2347	lung	NSCLC	Lung Cancer	Non-Small Cell Lung Cancer (NSCLC), Adenocarcinoma	687820.0	SIDM00726	True
ACH-000878	HCC15_LUNG	HCC15	lung	NSCLC	Lung Cancer	Non-Small Cell Lung Cancer (NSCLC), Squamous Cell Carcinoma	1240143.0	SIDM01072	True
ACH-000879	MFE296_ENDOMETRIUM	MFE296	uterus	endometrial_adenocarcinoma	Endometrial/Uterine Cancer	Endometrial Adenocarcinoma	908130.0	SIDM00334	True
ACH-000880	AGS_STOMACH	AGS	gastric	gastric_adenocarcinoma	Gastric Cancer	Adenocarcinoma	906790.0	SIDM00850	True
ACH-000881	MELJUSO_SKIN	MELJUSO	skin	melanoma	Skin Cancer	Melanoma	908125.0	SIDM00336	True
ACH-000882	IGR1_SKIN	IGR1	skin	melanoma	Skin Cancer	Melanoma	907169.0	SIDM01060	True
ACH-000884	MDAMB435S_SKIN	MDAMB435S	skin	melanoma	Skin Cancer	Melanoma, amelanotic		SIDM01222	True
ACH-000885	TOV21G_OVARY	TOV21G	ovary	ovary_adenocarcinoma	Ovarian Cancer	Adenocarcinoma, clear cell	1240222.0	SIDM01169	True
ACH-000886	NCIH2009_LUNG	NCIH2009	lung	NSCLC	Lung Cancer	Non-Small Cell Lung Cancer (NSCLC), Adenocarcinoma	724873.0	SIDM00756	True
ACH-000888	NCIH1793_LUNG	NCIH1793	lung	NSCLC	Lung Cancer	Non-Small Cell Lung Cancer (NSCLC), Adenocarcinoma	908463.0	SIDM00755	True
ACH-000890	SW1271_LUNG	SW1271	lung	SCLC	Lung Cancer	Small Cell Lung Cancer (SCLC)	1299062.0	SIDM01156	True
ACH-000891	HCC1438_LUNG	HCC1438	lung	NSCLC	Lung Cancer	Non-Small Cell Lung Cancer (NSCLC), Large Cell Carcinoma			True
ACH-000892	NCIH1563_LUNG	NCIH1563	lung	NSCLC	Lung Cancer	Non-Small Cell Lung Cancer (NSCLC), Adenocarcinoma	753600.0	SIDM00751	True
ACH-000893	NCIH1651_LUNG	NCIH1651	lung	NSCLC	Lung Cancer	Non-Small Cell Lung Cancer (NSCLC), Adenocarcinoma	910900.0	SIDM00744	True
ACH-000895	CL34_LARGE_INTESTINE	CL34	colorectal	colorectal_adenocarcinoma	Colon/Colorectal Cancer	Adenocarcinoma	1290771.0	SIDM00945	True
ACH-000896	647V_URINARY_TRACT	647V	urinary_tract	bladder_carcinoma	Bladder Cancer	Carcinoma	906797.0	SIDM00983	True
ACH-000897	FTC238_THYROID	FTC238	thyroid	thyroid_carcinoma	Thyroid Cancer	Carcinoma, follicular		SIDM00228	True
ACH-000898	SNU719_STOMACH	SNU719	gastric	gastric_adenocarcinoma	Gastric Cancer	Adenocarcinoma, tubular			True
ACH-000899	WM88_SKIN	WM88	skin	melanoma	Skin Cancer	Melanoma			True
ACH-000900	NCIH23_LUNG	NCIH23	lung	NSCLC	Lung Cancer	Non-Small Cell Lung Cancer (NSCLC), Adenocarcinoma	905942.0	SIDM00138	True
ACH-000901	HCC1359_LUNG	HCC1359	lung	NSCLC	Lung Cancer	Non-Small Cell Lung Cancer (NSCLC), Large Cell Carcinoma			True
ACH-000903	FTC133_THYROID	FTC133	thyroid	thyroid_carcinoma	Thyroid Cancer	Carcinoma, anaplastic	906864.0	SIDM00213	True
ACH-000905	5637_URINARY_TRACT	5637	urinary_tract	bladder_carcinoma	Bladder Cancer		687452.0	SIDM00807	True
ACH-000906	ES2_OVARY	ES2	ovary	ovary_adenocarcinoma	Ovarian Cancer	Adenocarcinoma, clear cell	1240128.0	SIDM00861	True
ACH-000909	JHUEM2_ENDOMETRIUM	JHUEM2	uterus	endometrial_adenocarcinoma	Endometrial/Uterine Cancer	Endometrial Adenocarcinoma			True
ACH-000911	NUGC3_STOMACH	NUGC3	gastric	gastric_adenocarcinoma	Gastric Cancer	Adenocarcinoma	908455.0	SIDM00572	True
ACH-000913	ESS1_ENDOMETRIUM	ESS1	uterus	endometrial_stromal_sarcoma	Endometrial/Uterine Cancer	Endometrial Stromal Sarcoma	907000.0	SIDM01043	True
ACH-000915	IPC298_SKIN	IPC298	skin	melanoma	Skin Cancer	Melanoma	907171.0	SIDM01059	True
ACH-000916	NCIH1573_LUNG	NCIH1573	lung	NSCLC	Lung Cancer	Non-Small Cell Lung Cancer (NSCLC), Adenocarcinoma	908472.0	SIDM00749	True
ACH-000917	TE4_OESOPHAGUS	TE4	esophagus	esophagus_squamous	Esophageal Cancer	Squamous Cell Carcinoma	1503371.0	SIDM00250	True
ACH-000919	IM95_STOMACH	IM95	gastric	gastric_adenocarcinoma	Gastric Cancer	Adenocarcinoma	1240155.0	SIDM00602	True
ACH-000921	NCIH1339_LUNG	NCIH1339	lung	SCLC	Lung Cancer	Small Cell Lung Cancer (SCLC)			True
ACH-000924	NCIH2172_LUNG	NCIH2172	lung	NSCLC	Lung Cancer	Non-Small Cell Lung Cancer (NSCLC), unspecified	1298353.0	SIDM00926	True
ACH-000926	HT55_LARGE_INTESTINE	HT55	colorectal	colorectal_adenocarcinoma	Colon/Colorectal Cancer	Adenocarcinoma	907287.0	SIDM00541	True
ACH-000927	BT474_BREAST	BT474	breast	breast_ductal_carcinoma	Breast Cancer	Breast Ductal Carcinoma	946359.0	SIDM00963	True
ACH-000929	NCIH2110_LUNG	NCIH2110	lung	NSCLC	Lung Cancer	Non-Small Cell Lung Cancer (NSCLC), unspecified	1298351.0	SIDM00703	True
ACH-000936	EFO27_OVARY	EFO27	ovary	ovary_adenocarcinoma	Ovarian Cancer	Adenocarcinoma, endometrioid	906852.0	SIDM01051	True
ACH-000939	SKUT1_SOFT_TISSUE	SKUT1	soft_tissue	leiomyosarcoma	Sarcoma	Leiomyosarcoma	909732.0	SIDM01113	True
ACH-000940	AN3CA_ENDOMETRIUM	AN3CA	uterus	endometrial_adenocarcinoma	Endometrial/Uterine Cancer	Endometrial Adenocarcinoma	910781.0	SIDM00901	True
ACH-000941	HEC1B_ENDOMETRIUM	HEC1B	uterus	endometrial_adenocarcinoma	Endometrial/Uterine Cancer	Endometrial Adenocarcinoma		SIDM01241	True
ACH-000943	RKO_LARGE_INTESTINE	RKO	colorectal	colorectal_adenocarcinoma	Colon/Colorectal Cancer	Adenocarcinoma	909698.0	SIDM01090	True
ACH-000945	NCIH650_LUNG	NCIH650	lung	NSCLC	Lung Cancer	Non-Small Cell Lung Cancer (NSCLC), Adenocarcinoma	722066.0	SIDM01124	True
ACH-000946	HEC265_ENDOMETRIUM	HEC265	uterus	endometrial_adenocarcinoma	Endometrial/Uterine Cancer	Endometrial Adenocarcinoma			True
ACH-000947	OVK18_OVARY	OVK18	ovary	ovary_adenocarcinoma	Ovarian Cancer	Adenocarcinoma, endometrioid	1480371.0	SIDM00238	True
ACH-000948	2313287_STOMACH	2313287	gastric	gastric_adenocarcinoma	Gastric Cancer	Adenocarcinoma	910924.0	SIDM00980	True
ACH-000950	LOVO_LARGE_INTESTINE	LOVO	colorectal	colorectal_adenocarcinoma	Colon/Colorectal Cancer	Adenocarcinoma	907790.0	SIDM00839	True
ACH-000954	HEC1A_ENDOMETRIUM	HEC1A	uterus	endometrial_adenocarcinoma	Endometrial/Uterine Cancer	Endometrial Adenocarcinoma		SIDM00595	True
ACH-000955	SNU407_LARGE_INTESTINE	SNU407	colorectal	colorectal_adenocarcinoma	Colon/Colorectal Cancer	Adenocarcinoma	1660034.0	SIDM00214	True
ACH-000956	22RV1_PROSTATE	22RV1	prostate	prostate_adenocarcinoma	Prostate Cancer	Adenocarcinoma	924100.0	SIDM00499	True
ACH-000957	LS180_LARGE_INTESTINE	LS180	colorectal	colorectal_adenocarcinoma	Colon/Colorectal Cancer	Adenocarcinoma	998189.0	SIDM00680	True
ACH-000958	SW48_LARGE_INTESTINE	SW48	colorectal	colorectal_adenocarcinoma	Colon/Colorectal Cancer	Adenocarcinoma	909751.0	SIDM00837	True
ACH-000959	SNUC4_LARGE_INTESTINE	SNUC4	colorectal	colorectal_adenocarcinoma	Colon/Colorectal Cancer	Adenocarcinoma		SIDM00500	True
ACH-000961	ISHIKAWAHERAKLIO02ER_ENDOMETRIUM	ISHIKAWAHERAKLIO02ER	uterus	endometrial_adenocarcinoma	Endometrial/Uterine Cancer	Endometrial Adenocarcinoma		SIDM00037	True
ACH-000962	OC314_OVARY	OC314	ovary	ovary_adenocarcinoma	Ovarian Cancer	Cystadenocarcinoma, clear cell	909257.0	SIDM00220	True
ACH-000965	RL952_ENDOMETRIUM	RL952	uterus	endometrial_adenosquamous	Endometrial/Uterine Cancer	Endometrial Adenosquamous Carcinoma	930082.0	SIDM01088	True
ACH-000966	IGROV1_OVARY	IGROV1	ovary	ovary_adenocarcinoma	Ovarian Cancer	Adenocarcinoma, mixed	905968.0	SIDM00151	True
ACH-000967	SNUC2A_LARGE_INTESTINE	SNUC2A	colorectal	colorectal_adenocarcinoma	Colon/Colorectal Cancer	Adenocarcinoma		SIDM00780	True
ACH-000968	COLO792_SKIN	COLO792	skin	melanoma	Skin Cancer	Melanoma	906814.0	SIDM00140	True
ACH-000970	SNUC5_LARGE_INTESTINE	SNUC5	colorectal	colorectal_adenocarcinoma	Colon/Colorectal Cancer	Adenocarcinoma	1674021.0	SIDM00498	True
ACH-000971	HCT116_LARGE_INTESTINE	HCT116	colorectal	colorectal_adenocarcinoma	Colon/Colorectal Cancer	Adenocarcinoma	905936.0	SIDM00783	True
ACH-000972	HEC151_ENDOMETRIUM	HEC151	uterus	endometrial_adenocarcinoma	Endometrial/Uterine Cancer	Endometrial Adenocarcinoma			True
ACH-000973	639V_URINARY_TRACT	639V	urinary_tract	bladder_carcinoma	Bladder Cancer	Transitional Cell Carcinoma	906798.0	SIDM00999	True
ACH-000974	SNGM_ENDOMETRIUM	SNGM	uterus	endometrial_adenocarcinoma	Endometrial/Uterine Cancer	Endometrial Adenocarcinoma	909735.0	SIDM00373	True
ACH-000976	HUCCT1_BILIARY_TRACT	HUCCT1	bile_duct	cholangiocarcinoma	Bile Duct Cancer	Cholangiocarcinoma, intrahepatic	907069.0	SIDM00587	True
ACH-000977	LNCAPCLONEFGC_PROSTATE	LNCAPCLONEFGC	prostate	prostate_adenocarcinoma	Prostate Cancer	Adenocarcinoma	907788.0	SIDM00683	True
ACH-000978	EN_ENDOMETRIUM	EN	uterus	endometrial_adenocarcinoma	Endometrial/Uterine Cancer	Endometrial Adenocarcinoma	1240127.0	SIDM01045	True
ACH-000979	DU145_PROSTATE	DU145	prostate	prostate_adenocarcinoma	Prostate Cancer	Adenocarcinoma	905935.0	SIDM00120	False
ACH-000982	GP2D_LARGE_INTESTINE	GP2D	colorectal	colorectal_adenocarcinoma	Colon/Colorectal Cancer	Adenocarcinoma		SIDM00536	True
ACH-000984	HEC6_ENDOMETRIUM	HEC6	uterus	endometrial_adenocarcinoma	Endometrial/Uterine Cancer	Endometrial Adenocarcinoma			True
ACH-000985	LS411N_LARGE_INTESTINE	LS411N	colorectal	colorectal_adenocarcinoma	Colon/Colorectal Cancer	Adenocarcinoma	907794.0	SIDM00660	True
ACH-000987	MEWO_SKIN	MEWO	skin	melanoma	Skin Cancer	Melanoma	908128.0	SIDM00545	True
ACH-000988	MFE319_ENDOMETRIUM	MFE319	uterus	endometrial_adenocarcinoma	Endometrial/Uterine Cancer		1240174.0	SIDM00333	True
ACH-000990	HEC108_ENDOMETRIUM	HEC108	uterus	endometrial_adenocarcinoma	Endometrial/Uterine Cancer	Endometrial Adenocarcinoma			True
ACH-000991	SNU81_LARGE_INTESTINE	SNU81	colorectal	colorectal_adenocarcinoma	Colon/Colorectal Cancer	Adenocarcinoma	1660036.0	SIDM00193	True
ACH-000994	HEC59_ENDOMETRIUM	HEC59	uterus	endometrial_adenocarcinoma	Endometrial/Uterine Cancer	Endometrial Adenocarcinoma			True
ACH-000996	HEC251_ENDOMETRIUM	HEC251	uterus	endometrial_adenocarcinoma	Endometrial/Uterine Cancer	Endometrial Adenocarcinoma			True
ACH-000997	HCT15_LARGE_INTESTINE	HCT15	colorectal	colorectal_adenocarcinoma	Colon/Colorectal Cancer	Adenocarcinoma	905937.0	SIDM00789	True
ACH-001016	BECKER_CENTRAL_NERVOUS_SYSTEM	BECKER	central_nervous_system	glioma	Brain Cancer	Glioma	906746.0	SIDM00490	True
ACH-001024	CHL1_SKIN	CHL1	skin	melanoma	Skin Cancer	Melanoma	910853.0	SIDM01228	False
ACH-001075	NCIH292_LUNG	NCIH292	lung	NSCLC	Lung Cancer	Non-Small Cell Lung Cancer (NSCLC), Mucoepidermoid Carcinoma	753604.0	SIDM00493	True
ACH-001113	LC1SQSF_LUNG	LC1SQSF	lung	NSCLC	Lung Cancer	Non-Small Cell Lung Cancer (NSCLC), Squamous Cell Carcinoma		SIDM01226	True
ACH-001128	MON_SOFT_TISSUE	MON	soft_tissue	malignant_rhabdoid_tumor	Rhabdoid	Malignant Rhabdoid Tumor			True
ACH-001145	OC316_OVARY	OC316	ovary	ovary_adenocarcinoma	Ovarian Cancer	Adenocarcinoma, serous		SIDM00219	True
ACH-001190	SKMEL2_SKIN	SKMEL2	skin	melanoma	Skin Cancer	Melanoma	905955.0	SIDM00082	True
ACH-001239	WM2664_SKIN	WM2664	skin	melanoma	Skin Cancer	Melanoma		SIDM00979	True
ACH-001306	8305C_THYROID	8305C	thyroid	thyroid_carcinoma	Thyroid Cancer	Carcinoma	906795.0	SIDM00997	True
ACH-001307	8505C_THYROID	8505C	thyroid	thyroid_carcinoma	Thyroid Cancer	Carcinoma	924102.0	SIDM00996	True
ACH-001318	PLCPRF5_LIVER	PLCPRF5	liver	hepatocellular_carcinoma	Liver Cancer	Hepatocellular Carcinoma			True
ACH-001321	TT_THYROID	TT	thyroid	thyroid_squamous	Thyroid Cancer	Squamous Cell Carcinoma		SIDM00484	True
