gsm	title	sample
GSM2787431	SCBO-5_orgP10	SCBO-5
GSM2787432	SCBO-5_orgP13	SCBO-5
GSM2787433	SCBO-1_orgP7	SCBO-1
GSM2787434	SCBO-3_orgP4	SCBO-3
GSM2787435	SCBO-6_orgP4	SCBO-6
GSM2787436	SCBO-2_orgP5	SCBO-2
GSM2787437	SCBO-4_orgP10	SCBO-4
GSM2787438	SCBO-5_orgP3	SCBO-5
GSM2787439	SCBO-3.2_orgP1	SCBO-3_2
GSM2787440	SCBO-7_orgP0	SCBO-7
GSM2787441	SCBO-8_orgP3	SCBO-8
GSM2787442	SCBO-9_orgP0	SCBO-9
GSM2787443	SCBO-10_orgP0	SCBO-10
GSM2787444	SCBO-11_orgP1	SCBO-11
GSM2787445	SCBO-12_orgP0	SCBO-12
GSM2787446	SCBO-3.2_orgP14	SCBO-3_2
GSM2787447	SCBO-7_orgP7	SCBO-7
GSM2787448	SCBO-8_orgP11	SCBO-8
GSM2787449	SCBO-9_orgP9	SCBO-9
GSM2787450	SCBO-10_orgP9	SCBO-10
GSM2787451	SCBO-11_orgP8	SCBO-11
GSM2787452	SCBO-12_orgP7	SCBO-12
GSM2787453	SCBO-14_orgP2	SCBO-14
GSM2787454	SCBO-15_orgP0	SCBO-15
GSM2787455	SMBO-1_orgP0	SMBO-1
GSM2787456	SMBO-2_orgP2	SMBO-2
GSM2787457	SCBO-11.2_orgP3	SCBO-11_2
GSM2787458	SCBO-13_orgP7	SCBO-13
GSM2787459	SCBO-15_orgP8	SCBO-15
GSM2787460	SCBO-3_orgP14	SCBO-3
GSM2787461	SCBO-16_orgP4	SCBO-16
GSM2787462	SCBO-11.3_orgP2	SCBO-11_3
