sample	drug	response	metric	direction	n_screens	screens
SCBO-1	ALISERTIB	0.6405	AUC	lower = more sensitive	4	SCBO-1_Organoid_P1,SCBO-1_Organoid_P11,SCBO-1_Organoid_P7,SCBO-1_Parental
SCBO-11	ALISERTIB	0.8251	AUC	lower = more sensitive	7	SCBO-11_Organoid_P1,SCBO-11_Organoid_P12,SCBO-11_Organoid_P16,SCBO-11_Organoid_P20,SCBO-11_Organoid_P5,SCBO-11_Organoid_P8,SCBO-11_Parental
SCBO-11_2	ALISERTIB	0.8117	AUC	lower = more sensitive	4	SCBO-11_2_Organoid_P16,SCBO-11_2_Organoid_P3,SCBO-11_2_Organoid_P8,SCBO-11_2_Parental
SCBO-2	ALISERTIB	0.8639	AUC	lower = more sensitive	7	SCBO-2_Organoid_P1,SCBO-2_Organoid_P11,SCBO-2_Organoid_P5,SCBO-2_Parental_1,SCBO-2_Parental_2,SCBO-2_Parental_3,SCBO-2_Parental_4
SCBO-3	ALISERTIB	0.8499	AUC	lower = more sensitive	8	SCBO-3_Organoid_P1,SCBO-3_Organoid_P14,SCBO-3_Organoid_P4,SCBO-3_Organoid_P8,SCBO-3_Parental,SMBO-3_Organoid_P4,SMBO-3_Organoid_P6,SMBO-3_Parental
SCBO-3_2	ALISERTIB	0.8605	AUC	lower = more sensitive	5	SCBO-3_2_Organoid_P1,SCBO-3_2_Organoid_P14,SCBO-3_2_Organoid_P4,SCBO-3_2_Organoid_P8,SCBO-3_2_Parental
SCBO-4	ALISERTIB	0.8061	AUC	lower = more sensitive	4	SCBO-4_Organoid_P1,SCBO-4_Organoid_P10,SCBO-4_Organoid_P13,SCBO-4_Parental
SCBO-5	ALISERTIB	0.6156	AUC	lower = more sensitive	7	SCBO-5_Organoid_P1,SCBO-5_Organoid_P10,SCBO-5_Organoid_P13,SCBO-5_Organoid_P15,SCBO-5_Organoid_P3,SCBO-5_Organoid_P6,SCBO-5_Parental
SCBO-6	ALISERTIB	0.8229	AUC	lower = more sensitive	5	SCBO-6_Organoid_P1,SCBO-6_Organoid_P15,SCBO-6_Organoid_P4,SCBO-6_Organoid_P9,SCBO-6_Parental
SCBO-1	AVAGACESTAT	0.7411	AUC	lower = more sensitive	4	SCBO-1_Organoid_P1,SCBO-1_Organoid_P11,SCBO-1_Organoid_P7,SCBO-1_Parental
SCBO-11	AVAGACESTAT	0.8395	AUC	lower = more sensitive	7	SCBO-11_Organoid_P1,SCBO-11_Organoid_P12,SCBO-11_Organoid_P16,SCBO-11_Organoid_P20,SCBO-11_Organoid_P5,SCBO-11_Organoid_P8,SCBO-11_Parental
SCBO-11_2	AVAGACESTAT	0.811	AUC	lower = more sensitive	4	SCBO-11_2_Organoid_P16,SCBO-11_2_Organoid_P3,SCBO-11_2_Organoid_P8,SCBO-11_2_Parental
SCBO-2	AVAGACESTAT	0.8004	AUC	lower = more sensitive	7	SCBO-2_Organoid_P1,SCBO-2_Organoid_P11,SCBO-2_Organoid_P5,SCBO-2_Parental_1,SCBO-2_Parental_2,SCBO-2_Parental_3,SCBO-2_Parental_4
SCBO-3	AVAGACESTAT	0.7245	AUC	lower = more sensitive	8	SCBO-3_Organoid_P1,SCBO-3_Organoid_P14,SCBO-3_Organoid_P4,SCBO-3_Organoid_P8,SCBO-3_Parental,SMBO-3_Organoid_P4,SMBO-3_Organoid_P6,SMBO-3_Parental
SCBO-3_2	AVAGACESTAT	0.8304	AUC	lower = more sensitive	5	SCBO-3_2_Organoid_P1,SCBO-3_2_Organoid_P14,SCBO-3_2_Organoid_P4,SCBO-3_2_Organoid_P8,SCBO-3_2_Parental
SCBO-4	AVAGACESTAT	0.7108	AUC	lower = more sensitive	4	SCBO-4_Organoid_P1,SCBO-4_Organoid_P10,SCBO-4_Organoid_P13,SCBO-4_Parental
SCBO-5	AVAGACESTAT	0.7795	AUC	lower = more sensitive	7	SCBO-5_Organoid_P1,SCBO-5_Organoid_P10,SCBO-5_Organoid_P13,SCBO-5_Organoid_P15,SCBO-5_Organoid_P3,SCBO-5_Organoid_P6,SCBO-5_Parental
SCBO-6	AVAGACESTAT	0.6516	AUC	lower = more sensitive	5	SCBO-6_Organoid_P1,SCBO-6_Organoid_P15,SCBO-6_Organoid_P4,SCBO-6_Organoid_P9,SCBO-6_Parental
SCBO-1	AZD-8055	0.6131	AUC	lower = more sensitive	4	SCBO-1_Organoid_P1,SCBO-1_Organoid_P11,SCBO-1_Organoid_P7,SCBO-1_Parental
SCBO-11	AZD-8055	0.7193	AUC	lower = more sensitive	7	SCBO-11_Organoid_P1,SCBO-11_Organoid_P12,SCBO-11_Organoid_P16,SCBO-11_Organoid_P20,SCBO-11_Organoid_P5,SCBO-11_Organoid_P8,SCBO-11_Parental
SCBO-11_2	AZD-8055	0.6671	AUC	lower = more sensitive	4	SCBO-11_2_Organoid_P16,SCBO-11_2_Organoid_P3,SCBO-11_2_Organoid_P8,SCBO-11_2_Parental
SCBO-2	AZD-8055	0.6895	AUC	lower = more sensitive	7	SCBO-2_Organoid_P1,SCBO-2_Organoid_P11,SCBO-2_Organoid_P5,SCBO-2_Parental_1,SCBO-2_Parental_2,SCBO-2_Parental_3,SCBO-2_Parental_4
SCBO-3	AZD-8055	0.6609	AUC	lower = more sensitive	8	SCBO-3_Organoid_P1,SCBO-3_Organoid_P14,SCBO-3_Organoid_P4,SCBO-3_Organoid_P8,SCBO-3_Parental,SMBO-3_Organoid_P4,SMBO-3_Organoid_P6,SMBO-3_Parental
SCBO-3_2	AZD-8055	0.6286	AUC	lower = more sensitive	5	SCBO-3_2_Organoid_P1,SCBO-3_2_Organoid_P14,SCBO-3_2_Organoid_P4,SCBO-3_2_Organoid_P8,SCBO-3_2_Parental
SCBO-4	AZD-8055	0.6914	AUC	lower = more sensitive	4	SCBO-4_Organoid_P1,SCBO-4_Organoid_P10,SCBO-4_Organoid_P13,SCBO-4_Parental
SCBO-5	AZD-8055	0.6598	AUC	lower = more sensitive	7	SCBO-5_Organoid_P1,SCBO-5_Organoid_P10,SCBO-5_Organoid_P13,SCBO-5_Organoid_P15,SCBO-5_Organoid_P3,SCBO-5_Organoid_P6,SCBO-5_Parental
SCBO-6	AZD-8055	0.4764	AUC	lower = more sensitive	5	SCBO-6_Organoid_P1,SCBO-6_Organoid_P15,SCBO-6_Organoid_P4,SCBO-6_Organoid_P9,SCBO-6_Parental
SCBO-1	BI-2536	0.517	AUC	lower = more sensitive	4	SCBO-1_Organoid_P1,SCBO-1_Organoid_P11,SCBO-1_Organoid_P7,SCBO-1_Parental
SCBO-11	BI-2536	0.5978	AUC	lower = more sensitive	7	SCBO-11_Organoid_P1,SCBO-11_Organoid_P12,SCBO-11_Organoid_P16,SCBO-11_Organoid_P20,SCBO-11_Organoid_P5,SCBO-11_Organoid_P8,SCBO-11_Parental
SCBO-11_2	BI-2536	0.6124	AUC	lower = more sensitive	4	SCBO-11_2_Organoid_P16,SCBO-11_2_Organoid_P3,SCBO-11_2_Organoid_P8,SCBO-11_2_Parental
SCBO-2	BI-2536	0.484	AUC	lower = more sensitive	7	SCBO-2_Organoid_P1,SCBO-2_Organoid_P11,SCBO-2_Organoid_P5,SCBO-2_Parental_1,SCBO-2_Parental_2,SCBO-2_Parental_3,SCBO-2_Parental_4
SCBO-3	BI-2536	0.5098	AUC	lower = more sensitive	8	SCBO-3_Organoid_P1,SCBO-3_Organoid_P14,SCBO-3_Organoid_P4,SCBO-3_Organoid_P8,SCBO-3_Parental,SMBO-3_Organoid_P4,SMBO-3_Organoid_P6,SMBO-3_Parental
SCBO-3_2	BI-2536	0.6174	AUC	lower = more sensitive	5	SCBO-3_2_Organoid_P1,SCBO-3_2_Organoid_P14,SCBO-3_2_Organoid_P4,SCBO-3_2_Organoid_P8,SCBO-3_2_Parental
SCBO-4	BI-2536	0.4989	AUC	lower = more sensitive	4	SCBO-4_Organoid_P1,SCBO-4_Organoid_P10,SCBO-4_Organoid_P13,SCBO-4_Parental
SCBO-5	BI-2536	0.4205	AUC	lower = more sensitive	7	SCBO-5_Organoid_P1,SCBO-5_Organoid_P10,SCBO-5_Organoid_P13,SCBO-5_Organoid_P15,SCBO-5_Organoid_P3,SCBO-5_Organoid_P6,SCBO-5_Parental
SCBO-6	BI-2536	0.6611	AUC	lower = more sensitive	5	SCBO-6_Organoid_P1,SCBO-6_Organoid_P15,SCBO-6_Organoid_P4,SCBO-6_Organoid_P9,SCBO-6_Parental
SCBO-1	CABAZITAXEL	0.5445	AUC	lower = more sensitive	4	SCBO-1_Organoid_P1,SCBO-1_Organoid_P11,SCBO-1_Organoid_P7,SCBO-1_Parental
SCBO-11	CABAZITAXEL	0.7623	AUC	lower = more sensitive	7	SCBO-11_Organoid_P1,SCBO-11_Organoid_P12,SCBO-11_Organoid_P16,SCBO-11_Organoid_P20,SCBO-11_Organoid_P5,SCBO-11_Organoid_P8,SCBO-11_Parental
SCBO-11_2	CABAZITAXEL	0.8017	AUC	lower = more sensitive	4	SCBO-11_2_Organoid_P16,SCBO-11_2_Organoid_P3,SCBO-11_2_Organoid_P8,SCBO-11_2_Parental
SCBO-2	CABAZITAXEL	0.5816	AUC	lower = more sensitive	7	SCBO-2_Organoid_P1,SCBO-2_Organoid_P11,SCBO-2_Organoid_P5,SCBO-2_Parental_1,SCBO-2_Parental_2,SCBO-2_Parental_3,SCBO-2_Parental_4
SCBO-3	CABAZITAXEL	0.5852	AUC	lower = more sensitive	8	SCBO-3_Organoid_P1,SCBO-3_Organoid_P14,SCBO-3_Organoid_P4,SCBO-3_Organoid_P8,SCBO-3_Parental,SMBO-3_Organoid_P4,SMBO-3_Organoid_P6,SMBO-3_Parental
SCBO-3_2	CABAZITAXEL	0.8296	AUC	lower = more sensitive	5	SCBO-3_2_Organoid_P1,SCBO-3_2_Organoid_P14,SCBO-3_2_Organoid_P4,SCBO-3_2_Organoid_P8,SCBO-3_2_Parental
SCBO-4	CABAZITAXEL	0.7799	AUC	lower = more sensitive	4	SCBO-4_Organoid_P1,SCBO-4_Organoid_P10,SCBO-4_Organoid_P13,SCBO-4_Parental
SCBO-5	CABAZITAXEL	0.3651	AUC	lower = more sensitive	7	SCBO-5_Organoid_P1,SCBO-5_Organoid_P10,SCBO-5_Organoid_P13,SCBO-5_Organoid_P15,SCBO-5_Organoid_P3,SCBO-5_Organoid_P6,SCBO-5_Parental
SCBO-6	CABAZITAXEL	0.864	AUC	lower = more sensitive	5	SCBO-6_Organoid_P1,SCBO-6_Organoid_P15,SCBO-6_Organoid_P4,SCBO-6_Organoid_P9,SCBO-6_Parental
SCBO-1	CISPLATIN	0.8237	AUC	lower = more sensitive	4	SCBO-1_Organoid_P1,SCBO-1_Organoid_P11,SCBO-1_Organoid_P7,SCBO-1_Parental
SCBO-11	CISPLATIN	0.7632	AUC	lower = more sensitive	7	SCBO-11_Organoid_P1,SCBO-11_Organoid_P12,SCBO-11_Organoid_P16,SCBO-11_Organoid_P20,SCBO-11_Organoid_P5,SCBO-11_Organoid_P8,SCBO-11_Parental
SCBO-11_2	CISPLATIN	0.8917	AUC	lower = more sensitive	4	SCBO-11_2_Organoid_P16,SCBO-11_2_Organoid_P3,SCBO-11_2_Organoid_P8,SCBO-11_2_Parental
SCBO-2	CISPLATIN	0.8663	AUC	lower = more sensitive	7	SCBO-2_Organoid_P1,SCBO-2_Organoid_P11,SCBO-2_Organoid_P5,SCBO-2_Parental_1,SCBO-2_Parental_2,SCBO-2_Parental_3,SCBO-2_Parental_4
SCBO-3	CISPLATIN	0.8819	AUC	lower = more sensitive	8	SCBO-3_Organoid_P1,SCBO-3_Organoid_P14,SCBO-3_Organoid_P4,SCBO-3_Organoid_P8,SCBO-3_Parental,SMBO-3_Organoid_P4,SMBO-3_Organoid_P6,SMBO-3_Parental
SCBO-3_2	CISPLATIN	0.9379	AUC	lower = more sensitive	5	SCBO-3_2_Organoid_P1,SCBO-3_2_Organoid_P14,SCBO-3_2_Organoid_P4,SCBO-3_2_Organoid_P8,SCBO-3_2_Parental
SCBO-4	CISPLATIN	0.8803	AUC	lower = more sensitive	4	SCBO-4_Organoid_P1,SCBO-4_Organoid_P10,SCBO-4_Organoid_P13,SCBO-4_Parental
SCBO-5	CISPLATIN	0.7549	AUC	lower = more sensitive	7	SCBO-5_Organoid_P1,SCBO-5_Organoid_P10,SCBO-5_Organoid_P13,SCBO-5_Organoid_P15,SCBO-5_Organoid_P3,SCBO-5_Organoid_P6,SCBO-5_Parental
SCBO-6	CISPLATIN	0.8756	AUC	lower = more sensitive	5	SCBO-6_Organoid_P1,SCBO-6_Organoid_P15,SCBO-6_Organoid_P4,SCBO-6_Organoid_P9,SCBO-6_Parental
SCBO-1	DOCETAXEL	0.5744	AUC	lower = more sensitive	4	SCBO-1_Organoid_P1,SCBO-1_Organoid_P11,SCBO-1_Organoid_P7,SCBO-1_Parental
SCBO-11	DOCETAXEL	0.8282	AUC	lower = more sensitive	7	SCBO-11_Organoid_P1,SCBO-11_Organoid_P12,SCBO-11_Organoid_P16,SCBO-11_Organoid_P20,SCBO-11_Organoid_P5,SCBO-11_Organoid_P8,SCBO-11_Parental
SCBO-11_2	DOCETAXEL	0.7825	AUC	lower = more sensitive	4	SCBO-11_2_Organoid_P16,SCBO-11_2_Organoid_P3,SCBO-11_2_Organoid_P8,SCBO-11_2_Parental
SCBO-2	DOCETAXEL	0.6269	AUC	lower = more sensitive	7	SCBO-2_Organoid_P1,SCBO-2_Organoid_P11,SCBO-2_Organoid_P5,SCBO-2_Parental_1,SCBO-2_Parental_2,SCBO-2_Parental_3,SCBO-2_Parental_4
SCBO-3	DOCETAXEL	0.6104	AUC	lower = more sensitive	8	SCBO-3_Organoid_P1,SCBO-3_Organoid_P14,SCBO-3_Organoid_P4,SCBO-3_Organoid_P8,SCBO-3_Parental,SMBO-3_Organoid_P4,SMBO-3_Organoid_P6,SMBO-3_Parental
SCBO-3_2	DOCETAXEL	0.8814	AUC	lower = more sensitive	5	SCBO-3_2_Organoid_P1,SCBO-3_2_Organoid_P14,SCBO-3_2_Organoid_P4,SCBO-3_2_Organoid_P8,SCBO-3_2_Parental
SCBO-4	DOCETAXEL	0.7568	AUC	lower = more sensitive	4	SCBO-4_Organoid_P1,SCBO-4_Organoid_P10,SCBO-4_Organoid_P13,SCBO-4_Parental
SCBO-5	DOCETAXEL	0.4229	AUC	lower = more sensitive	7	SCBO-5_Organoid_P1,SCBO-5_Organoid_P10,SCBO-5_Organoid_P13,SCBO-5_Organoid_P15,SCBO-5_Organoid_P3,SCBO-5_Organoid_P6,SCBO-5_Parental
SCBO-6	DOCETAXEL	0.8476	AUC	lower = more sensitive	5	SCBO-6_Organoid_P1,SCBO-6_Organoid_P15,SCBO-6_Organoid_P4,SCBO-6_Organoid_P9,SCBO-6_Parental
SCBO-1	DORAMAPIMOD	0.9907	AUC	lower = more sensitive	4	SCBO-1_Organoid_P1,SCBO-1_Organoid_P11,SCBO-1_Organoid_P7,SCBO-1_Parental
SCBO-11	DORAMAPIMOD	0.9037	AUC	lower = more sensitive	7	SCBO-11_Organoid_P1,SCBO-11_Organoid_P12,SCBO-11_Organoid_P16,SCBO-11_Organoid_P20,SCBO-11_Organoid_P5,SCBO-11_Organoid_P8,SCBO-11_Parental
SCBO-11_2	DORAMAPIMOD	0.989	AUC	lower = more sensitive	4	SCBO-11_2_Organoid_P16,SCBO-11_2_Organoid_P3,SCBO-11_2_Organoid_P8,SCBO-11_2_Parental
SCBO-2	DORAMAPIMOD	0.9342	AUC	lower = more sensitive	7	SCBO-2_Organoid_P1,SCBO-2_Organoid_P11,SCBO-2_Organoid_P5,SCBO-2_Parental_1,SCBO-2_Parental_2,SCBO-2_Parental_3,SCBO-2_Parental_4
SCBO-3	DORAMAPIMOD	0.9615	AUC	lower = more sensitive	8	SCBO-3_Organoid_P1,SCBO-3_Organoid_P14,SCBO-3_Organoid_P4,SCBO-3_Organoid_P8,SCBO-3_Parental,SMBO-3_Organoid_P4,SMBO-3_Organoid_P6,SMBO-3_Parental
SCBO-3_2	DORAMAPIMOD	0.9856	AUC	lower = more sensitive	5	SCBO-3_2_Organoid_P1,SCBO-3_2_Organoid_P14,SCBO-3_2_Organoid_P4,SCBO-3_2_Organoid_P8,SCBO-3_2_Parental
SCBO-4	DORAMAPIMOD	0.9674	AUC	lower = more sensitive	4	SCBO-4_Organoid_P1,SCBO-4_Organoid_P10,SCBO-4_Organoid_P13,SCBO-4_Parental
SCBO-5	DORAMAPIMOD	0.9262	AUC	lower = more sensitive	7	SCBO-5_Organoid_P1,SCBO-5_Organoid_P10,SCBO-5_Organoid_P13,SCBO-5_Organoid_P15,SCBO-5_Organoid_P3,SCBO-5_Organoid_P6,SCBO-5_Parental
SCBO-6	DORAMAPIMOD	0.9132	AUC	lower = more sensitive	5	SCBO-6_Organoid_P1,SCBO-6_Organoid_P15,SCBO-6_Organoid_P4,SCBO-6_Organoid_P9,SCBO-6_Parental
SCBO-1	DOVITINIB	0.6839	AUC	lower = more sensitive	4	SCBO-1_Organoid_P1,SCBO-1_Organoid_P11,SCBO-1_Organoid_P7,SCBO-1_Parental
SCBO-10	DOVITINIB	0.6199	AUC	lower = more sensitive	6	SCBO-10_Organoid_P0,SCBO-10_Organoid_P13,SCBO-10_Organoid_P17,SCBO-10_Organoid_P5,SCBO-10_Organoid_P9,SCBO-10_Parental
SCBO-11	DOVITINIB	0.6872	AUC	lower = more sensitive	7	SCBO-11_Organoid_P1,SCBO-11_Organoid_P12,SCBO-11_Organoid_P16,SCBO-11_Organoid_P20,SCBO-11_Organoid_P5,SCBO-11_Organoid_P8,SCBO-11_Parental
SCBO-11_2	DOVITINIB	0.6815	AUC	lower = more sensitive	4	SCBO-11_2_Organoid_P16,SCBO-11_2_Organoid_P3,SCBO-11_2_Organoid_P8,SCBO-11_2_Parental
SCBO-2	DOVITINIB	0.7012	AUC	lower = more sensitive	7	SCBO-2_Organoid_P1,SCBO-2_Organoid_P11,SCBO-2_Organoid_P5,SCBO-2_Parental_1,SCBO-2_Parental_2,SCBO-2_Parental_3,SCBO-2_Parental_4
SCBO-3	DOVITINIB	0.687	AUC	lower = more sensitive	8	SCBO-3_Organoid_P1,SCBO-3_Organoid_P14,SCBO-3_Organoid_P4,SCBO-3_Organoid_P8,SCBO-3_Parental,SMBO-3_Organoid_P4,SMBO-3_Organoid_P6,SMBO-3_Parental
SCBO-3_2	DOVITINIB	0.7559	AUC	lower = more sensitive	5	SCBO-3_2_Organoid_P1,SCBO-3_2_Organoid_P14,SCBO-3_2_Organoid_P4,SCBO-3_2_Organoid_P8,SCBO-3_2_Parental
SCBO-4	DOVITINIB	0.7728	AUC	lower = more sensitive	4	SCBO-4_Organoid_P1,SCBO-4_Organoid_P10,SCBO-4_Organoid_P13,SCBO-4_Parental
SCBO-5	DOVITINIB	0.6627	AUC	lower = more sensitive	7	SCBO-5_Organoid_P1,SCBO-5_Organoid_P10,SCBO-5_Organoid_P13,SCBO-5_Organoid_P15,SCBO-5_Organoid_P3,SCBO-5_Organoid_P6,SCBO-5_Parental
SCBO-6	DOVITINIB	0.6578	AUC	lower = more sensitive	5	SCBO-6_Organoid_P1,SCBO-6_Organoid_P15,SCBO-6_Organoid_P4,SCBO-6_Organoid_P9,SCBO-6_Parental
SCBO-8	DOVITINIB	0.7147	AUC	lower = more sensitive	6	SCBO-8_Organoid_P11,SCBO-8_Organoid_P15,SCBO-8_Organoid_P19,SCBO-8_Organoid_P3,SCBO-8_Organoid_P7,SCBO-8_Parental
SCBO-1	DOXORUBICIN	0.5699	AUC	lower = more sensitive	4	SCBO-1_Organoid_P1,SCBO-1_Organoid_P11,SCBO-1_Organoid_P7,SCBO-1_Parental
SCBO-11	DOXORUBICIN	0.553	AUC	lower = more sensitive	7	SCBO-11_Organoid_P1,SCBO-11_Organoid_P12,SCBO-11_Organoid_P16,SCBO-11_Organoid_P20,SCBO-11_Organoid_P5,SCBO-11_Organoid_P8,SCBO-11_Parental
SCBO-11_2	DOXORUBICIN	0.5338	AUC	lower = more sensitive	4	SCBO-11_2_Organoid_P16,SCBO-11_2_Organoid_P3,SCBO-11_2_Organoid_P8,SCBO-11_2_Parental
SCBO-2	DOXORUBICIN	0.5839	AUC	lower = more sensitive	7	SCBO-2_Organoid_P1,SCBO-2_Organoid_P11,SCBO-2_Organoid_P5,SCBO-2_Parental_1,SCBO-2_Parental_2,SCBO-2_Parental_3,SCBO-2_Parental_4
SCBO-3	DOXORUBICIN	0.5598	AUC	lower = more sensitive	8	SCBO-3_Organoid_P1,SCBO-3_Organoid_P14,SCBO-3_Organoid_P4,SCBO-3_Organoid_P8,SCBO-3_Parental,SMBO-3_Organoid_P4,SMBO-3_Organoid_P6,SMBO-3_Parental
SCBO-3_2	DOXORUBICIN	0.5658	AUC	lower = more sensitive	5	SCBO-3_2_Organoid_P1,SCBO-3_2_Organoid_P14,SCBO-3_2_Organoid_P4,SCBO-3_2_Organoid_P8,SCBO-3_2_Parental
SCBO-4	DOXORUBICIN	0.6108	AUC	lower = more sensitive	4	SCBO-4_Organoid_P1,SCBO-4_Organoid_P10,SCBO-4_Organoid_P13,SCBO-4_Parental
SCBO-5	DOXORUBICIN	0.4877	AUC	lower = more sensitive	7	SCBO-5_Organoid_P1,SCBO-5_Organoid_P10,SCBO-5_Organoid_P13,SCBO-5_Organoid_P15,SCBO-5_Organoid_P3,SCBO-5_Organoid_P6,SCBO-5_Parental
SCBO-6	DOXORUBICIN	0.6113	AUC	lower = more sensitive	5	SCBO-6_Organoid_P1,SCBO-6_Organoid_P15,SCBO-6_Organoid_P4,SCBO-6_Organoid_P9,SCBO-6_Parental
SCBO-1	ENZASTAURIN	0.8143	AUC	lower = more sensitive	4	SCBO-1_Organoid_P1,SCBO-1_Organoid_P11,SCBO-1_Organoid_P7,SCBO-1_Parental
SCBO-11	ENZASTAURIN	0.8607	AUC	lower = more sensitive	7	SCBO-11_Organoid_P1,SCBO-11_Organoid_P12,SCBO-11_Organoid_P16,SCBO-11_Organoid_P20,SCBO-11_Organoid_P5,SCBO-11_Organoid_P8,SCBO-11_Parental
SCBO-11_2	ENZASTAURIN	0.8704	AUC	lower = more sensitive	4	SCBO-11_2_Organoid_P16,SCBO-11_2_Organoid_P3,SCBO-11_2_Organoid_P8,SCBO-11_2_Parental
SCBO-2	ENZASTAURIN	0.8477	AUC	lower = more sensitive	7	SCBO-2_Organoid_P1,SCBO-2_Organoid_P11,SCBO-2_Organoid_P5,SCBO-2_Parental_1,SCBO-2_Parental_2,SCBO-2_Parental_3,SCBO-2_Parental_4
SCBO-3	ENZASTAURIN	0.787	AUC	lower = more sensitive	8	SCBO-3_Organoid_P1,SCBO-3_Organoid_P14,SCBO-3_Organoid_P4,SCBO-3_Organoid_P8,SCBO-3_Parental,SMBO-3_Organoid_P4,SMBO-3_Organoid_P6,SMBO-3_Parental
SCBO-3_2	ENZASTAURIN	0.8904	AUC	lower = more sensitive	5	SCBO-3_2_Organoid_P1,SCBO-3_2_Organoid_P14,SCBO-3_2_Organoid_P4,SCBO-3_2_Organoid_P8,SCBO-3_2_Parental
SCBO-4	ENZASTAURIN	0.725	AUC	lower = more sensitive	4	SCBO-4_Organoid_P1,SCBO-4_Organoid_P10,SCBO-4_Organoid_P13,SCBO-4_Parental
SCBO-5	ENZASTAURIN	0.739	AUC	lower = more sensitive	7	SCBO-5_Organoid_P1,SCBO-5_Organoid_P10,SCBO-5_Organoid_P13,SCBO-5_Organoid_P15,SCBO-5_Organoid_P3,SCBO-5_Organoid_P6,SCBO-5_Parental
SCBO-6	ENZASTAURIN	0.6714	AUC	lower = more sensitive	5	SCBO-6_Organoid_P1,SCBO-6_Organoid_P15,SCBO-6_Organoid_P4,SCBO-6_Organoid_P9,SCBO-6_Parental
SCBO-1	ERDAFITINIB	0.7293	AUC	lower = more sensitive	4	SCBO-1_Organoid_P1,SCBO-1_Organoid_P11,SCBO-1_Organoid_P7,SCBO-1_Parental
SCBO-10	ERDAFITINIB	0.8825	AUC	lower = more sensitive	6	SCBO-10_Organoid_P0,SCBO-10_Organoid_P13,SCBO-10_Organoid_P17,SCBO-10_Organoid_P5,SCBO-10_Organoid_P9,SCBO-10_Parental
SCBO-11	ERDAFITINIB	0.7601	AUC	lower = more sensitive	7	SCBO-11_Organoid_P1,SCBO-11_Organoid_P12,SCBO-11_Organoid_P16,SCBO-11_Organoid_P20,SCBO-11_Organoid_P5,SCBO-11_Organoid_P8,SCBO-11_Parental
SCBO-11_2	ERDAFITINIB	0.7413	AUC	lower = more sensitive	4	SCBO-11_2_Organoid_P16,SCBO-11_2_Organoid_P3,SCBO-11_2_Organoid_P8,SCBO-11_2_Parental
SCBO-2	ERDAFITINIB	0.7806	AUC	lower = more sensitive	7	SCBO-2_Organoid_P1,SCBO-2_Organoid_P11,SCBO-2_Organoid_P5,SCBO-2_Parental_1,SCBO-2_Parental_2,SCBO-2_Parental_3,SCBO-2_Parental_4
SCBO-3	ERDAFITINIB	0.6907	AUC	lower = more sensitive	8	SCBO-3_Organoid_P1,SCBO-3_Organoid_P14,SCBO-3_Organoid_P4,SCBO-3_Organoid_P8,SCBO-3_Parental,SMBO-3_Organoid_P4,SMBO-3_Organoid_P6,SMBO-3_Parental
SCBO-3_2	ERDAFITINIB	0.9425	AUC	lower = more sensitive	5	SCBO-3_2_Organoid_P1,SCBO-3_2_Organoid_P14,SCBO-3_2_Organoid_P4,SCBO-3_2_Organoid_P8,SCBO-3_2_Parental
SCBO-4	ERDAFITINIB	0.7827	AUC	lower = more sensitive	4	SCBO-4_Organoid_P1,SCBO-4_Organoid_P10,SCBO-4_Organoid_P13,SCBO-4_Parental
SCBO-5	ERDAFITINIB	0.7191	AUC	lower = more sensitive	7	SCBO-5_Organoid_P1,SCBO-5_Organoid_P10,SCBO-5_Organoid_P13,SCBO-5_Organoid_P15,SCBO-5_Organoid_P3,SCBO-5_Organoid_P6,SCBO-5_Parental
SCBO-6	ERDAFITINIB	0.7116	AUC	lower = more sensitive	5	SCBO-6_Organoid_P1,SCBO-6_Organoid_P15,SCBO-6_Organoid_P4,SCBO-6_Organoid_P9,SCBO-6_Parental
SCBO-8	ERDAFITINIB	0.9244	AUC	lower = more sensitive	6	SCBO-8_Organoid_P11,SCBO-8_Organoid_P15,SCBO-8_Organoid_P19,SCBO-8_Organoid_P3,SCBO-8_Organoid_P7,SCBO-8_Parental
SCBO-1	ERLOTINIB	0.6601	AUC	lower = more sensitive	4	SCBO-1_Organoid_P1,SCBO-1_Organoid_P11,SCBO-1_Organoid_P7,SCBO-1_Parental
SCBO-10	ERLOTINIB	0.8478	AUC	lower = more sensitive	6	SCBO-10_Organoid_P0,SCBO-10_Organoid_P13,SCBO-10_Organoid_P17,SCBO-10_Organoid_P5,SCBO-10_Organoid_P9,SCBO-10_Parental
SCBO-11	ERLOTINIB	0.5697	AUC	lower = more sensitive	7	SCBO-11_Organoid_P1,SCBO-11_Organoid_P12,SCBO-11_Organoid_P16,SCBO-11_Organoid_P20,SCBO-11_Organoid_P5,SCBO-11_Organoid_P8,SCBO-11_Parental
SCBO-11_2	ERLOTINIB	0.5923	AUC	lower = more sensitive	4	SCBO-11_2_Organoid_P16,SCBO-11_2_Organoid_P3,SCBO-11_2_Organoid_P8,SCBO-11_2_Parental
SCBO-2	ERLOTINIB	0.7475	AUC	lower = more sensitive	7	SCBO-2_Organoid_P1,SCBO-2_Organoid_P11,SCBO-2_Organoid_P5,SCBO-2_Parental_1,SCBO-2_Parental_2,SCBO-2_Parental_3,SCBO-2_Parental_4
SCBO-3	ERLOTINIB	0.6138	AUC	lower = more sensitive	8	SCBO-3_Organoid_P1,SCBO-3_Organoid_P14,SCBO-3_Organoid_P4,SCBO-3_Organoid_P8,SCBO-3_Parental,SMBO-3_Organoid_P4,SMBO-3_Organoid_P6,SMBO-3_Parental
SCBO-3_2	ERLOTINIB	0.8415	AUC	lower = more sensitive	5	SCBO-3_2_Organoid_P1,SCBO-3_2_Organoid_P14,SCBO-3_2_Organoid_P4,SCBO-3_2_Organoid_P8,SCBO-3_2_Parental
SCBO-4	ERLOTINIB	0.7569	AUC	lower = more sensitive	4	SCBO-4_Organoid_P1,SCBO-4_Organoid_P10,SCBO-4_Organoid_P13,SCBO-4_Parental
SCBO-5	ERLOTINIB	0.561	AUC	lower = more sensitive	7	SCBO-5_Organoid_P1,SCBO-5_Organoid_P10,SCBO-5_Organoid_P13,SCBO-5_Organoid_P15,SCBO-5_Organoid_P3,SCBO-5_Organoid_P6,SCBO-5_Parental
SCBO-6	ERLOTINIB	0.8066	AUC	lower = more sensitive	5	SCBO-6_Organoid_P1,SCBO-6_Organoid_P15,SCBO-6_Organoid_P4,SCBO-6_Organoid_P9,SCBO-6_Parental
SCBO-8	ERLOTINIB	0.7293	AUC	lower = more sensitive	6	SCBO-8_Organoid_P11,SCBO-8_Organoid_P15,SCBO-8_Organoid_P19,SCBO-8_Organoid_P3,SCBO-8_Organoid_P7,SCBO-8_Parental
SCBO-1	FK-866	0.3378	AUC	lower = more sensitive	4	SCBO-1_Organoid_P1,SCBO-1_Organoid_P11,SCBO-1_Organoid_P7,SCBO-1_Parental
SCBO-11	FK-866	0.4325	AUC	lower = more sensitive	7	SCBO-11_Organoid_P1,SCBO-11_Organoid_P12,SCBO-11_Organoid_P16,SCBO-11_Organoid_P20,SCBO-11_Organoid_P5,SCBO-11_Organoid_P8,SCBO-11_Parental
SCBO-11_2	FK-866	0.3573	AUC	lower = more sensitive	4	SCBO-11_2_Organoid_P16,SCBO-11_2_Organoid_P3,SCBO-11_2_Organoid_P8,SCBO-11_2_Parental
SCBO-2	FK-866	0.2963	AUC	lower = more sensitive	7	SCBO-2_Organoid_P1,SCBO-2_Organoid_P11,SCBO-2_Organoid_P5,SCBO-2_Parental_1,SCBO-2_Parental_2,SCBO-2_Parental_3,SCBO-2_Parental_4
SCBO-3	FK-866	0.3467	AUC	lower = more sensitive	8	SCBO-3_Organoid_P1,SCBO-3_Organoid_P14,SCBO-3_Organoid_P4,SCBO-3_Organoid_P8,SCBO-3_Parental,SMBO-3_Organoid_P4,SMBO-3_Organoid_P6,SMBO-3_Parental
SCBO-3_2	FK-866	0.3531	AUC	lower = more sensitive	5	SCBO-3_2_Organoid_P1,SCBO-3_2_Organoid_P14,SCBO-3_2_Organoid_P4,SCBO-3_2_Organoid_P8,SCBO-3_2_Parental
SCBO-4	FK-866	0.2516	AUC	lower = more sensitive	4	SCBO-4_Organoid_P1,SCBO-4_Organoid_P10,SCBO-4_Organoid_P13,SCBO-4_Parental
SCBO-5	FK-866	0.2677	AUC	lower = more sensitive	7	SCBO-5_Organoid_P1,SCBO-5_Organoid_P10,SCBO-5_Organoid_P13,SCBO-5_Organoid_P15,SCBO-5_Organoid_P3,SCBO-5_Organoid_P6,SCBO-5_Parental
SCBO-6	FK-866	0.4779	AUC	lower = more sensitive	5	SCBO-6_Organoid_P1,SCBO-6_Organoid_P15,SCBO-6_Organoid_P4,SCBO-6_Organoid_P9,SCBO-6_Parental
SCBO-1	FLUOROURACIL	0.6969	AUC	lower = more sensitive	4	SCBO-1_Organoid_P1,SCBO-1_Organoid_P11,SCBO-1_Organoid_P7,SCBO-1_Parental
SCBO-11	FLUOROURACIL	0.8069	AUC	lower = more sensitive	7	SCBO-11_Organoid_P1,SCBO-11_Organoid_P12,SCBO-11_Organoid_P16,SCBO-11_Organoid_P20,SCBO-11_Organoid_P5,SCBO-11_Organoid_P8,SCBO-11_Parental
SCBO-11_2	FLUOROURACIL	0.889	AUC	lower = more sensitive	4	SCBO-11_2_Organoid_P16,SCBO-11_2_Organoid_P3,SCBO-11_2_Organoid_P8,SCBO-11_2_Parental
SCBO-2	FLUOROURACIL	0.7988	AUC	lower = more sensitive	7	SCBO-2_Organoid_P1,SCBO-2_Organoid_P11,SCBO-2_Organoid_P5,SCBO-2_Parental_1,SCBO-2_Parental_2,SCBO-2_Parental_3,SCBO-2_Parental_4
SCBO-3	FLUOROURACIL	0.8188	AUC	lower = more sensitive	8	SCBO-3_Organoid_P1,SCBO-3_Organoid_P14,SCBO-3_Organoid_P4,SCBO-3_Organoid_P8,SCBO-3_Parental,SMBO-3_Organoid_P4,SMBO-3_Organoid_P6,SMBO-3_Parental
SCBO-3_2	FLUOROURACIL	0.8436	AUC	lower = more sensitive	5	SCBO-3_2_Organoid_P1,SCBO-3_2_Organoid_P14,SCBO-3_2_Organoid_P4,SCBO-3_2_Organoid_P8,SCBO-3_2_Parental
SCBO-4	FLUOROURACIL	0.8115	AUC	lower = more sensitive	4	SCBO-4_Organoid_P1,SCBO-4_Organoid_P10,SCBO-4_Organoid_P13,SCBO-4_Parental
SCBO-5	FLUOROURACIL	0.6801	AUC	lower = more sensitive	7	SCBO-5_Organoid_P1,SCBO-5_Organoid_P10,SCBO-5_Organoid_P13,SCBO-5_Organoid_P15,SCBO-5_Organoid_P3,SCBO-5_Organoid_P6,SCBO-5_Parental
SCBO-6	FLUOROURACIL	0.8093	AUC	lower = more sensitive	5	SCBO-6_Organoid_P1,SCBO-6_Organoid_P15,SCBO-6_Organoid_P4,SCBO-6_Organoid_P9,SCBO-6_Parental
SCBO-1	GANETESPIB	0.3585	AUC	lower = more sensitive	4	SCBO-1_Organoid_P1,SCBO-1_Organoid_P11,SCBO-1_Organoid_P7,SCBO-1_Parental
SCBO-11	GANETESPIB	0.4409	AUC	lower = more sensitive	7	SCBO-11_Organoid_P1,SCBO-11_Organoid_P12,SCBO-11_Organoid_P16,SCBO-11_Organoid_P20,SCBO-11_Organoid_P5,SCBO-11_Organoid_P8,SCBO-11_Parental
SCBO-11_2	GANETESPIB	0.4004	AUC	lower = more sensitive	4	SCBO-11_2_Organoid_P16,SCBO-11_2_Organoid_P3,SCBO-11_2_Organoid_P8,SCBO-11_2_Parental
SCBO-2	GANETESPIB	0.3971	AUC	lower = more sensitive	7	SCBO-2_Organoid_P1,SCBO-2_Organoid_P11,SCBO-2_Organoid_P5,SCBO-2_Parental_1,SCBO-2_Parental_2,SCBO-2_Parental_3,SCBO-2_Parental_4
SCBO-3	GANETESPIB	0.4348	AUC	lower = more sensitive	8	SCBO-3_Organoid_P1,SCBO-3_Organoid_P14,SCBO-3_Organoid_P4,SCBO-3_Organoid_P8,SCBO-3_Parental,SMBO-3_Organoid_P4,SMBO-3_Organoid_P6,SMBO-3_Parental
SCBO-3_2	GANETESPIB	0.7102	AUC	lower = more sensitive	5	SCBO-3_2_Organoid_P1,SCBO-3_2_Organoid_P14,SCBO-3_2_Organoid_P4,SCBO-3_2_Organoid_P8,SCBO-3_2_Parental
SCBO-4	GANETESPIB	0.5622	AUC	lower = more sensitive	4	SCBO-4_Organoid_P1,SCBO-4_Organoid_P10,SCBO-4_Organoid_P13,SCBO-4_Parental
SCBO-5	GANETESPIB	0.4019	AUC	lower = more sensitive	7	SCBO-5_Organoid_P1,SCBO-5_Organoid_P10,SCBO-5_Organoid_P13,SCBO-5_Organoid_P15,SCBO-5_Organoid_P3,SCBO-5_Organoid_P6,SCBO-5_Parental
SCBO-6	GANETESPIB	0.594	AUC	lower = more sensitive	5	SCBO-6_Organoid_P1,SCBO-6_Organoid_P15,SCBO-6_Organoid_P4,SCBO-6_Organoid_P9,SCBO-6_Parental
SCBO-1	GEDATOLISIB	0.5535	AUC	lower = more sensitive	4	SCBO-1_Organoid_P1,SCBO-1_Organoid_P11,SCBO-1_Organoid_P7,SCBO-1_Parental
SCBO-11	GEDATOLISIB	0.6265	AUC	lower = more sensitive	7	SCBO-11_Organoid_P1,SCBO-11_Organoid_P12,SCBO-11_Organoid_P16,SCBO-11_Organoid_P20,SCBO-11_Organoid_P5,SCBO-11_Organoid_P8,SCBO-11_Parental
SCBO-11_2	GEDATOLISIB	0.6592	AUC	lower = more sensitive	4	SCBO-11_2_Organoid_P16,SCBO-11_2_Organoid_P3,SCBO-11_2_Organoid_P8,SCBO-11_2_Parental
SCBO-2	GEDATOLISIB	0.665	AUC	lower = more sensitive	7	SCBO-2_Organoid_P1,SCBO-2_Organoid_P11,SCBO-2_Organoid_P5,SCBO-2_Parental_1,SCBO-2_Parental_2,SCBO-2_Parental_3,SCBO-2_Parental_4
SCBO-3	GEDATOLISIB	0.6112	AUC	lower = more sensitive	8	SCBO-3_Organoid_P1,SCBO-3_Organoid_P14,SCBO-3_Organoid_P4,SCBO-3_Organoid_P8,SCBO-3_Parental,SMBO-3_Organoid_P4,SMBO-3_Organoid_P6,SMBO-3_Parental
SCBO-3_2	GEDATOLISIB	0.6632	AUC	lower = more sensitive	5	SCBO-3_2_Organoid_P1,SCBO-3_2_Organoid_P14,SCBO-3_2_Organoid_P4,SCBO-3_2_Organoid_P8,SCBO-3_2_Parental
SCBO-4	GEDATOLISIB	0.711	AUC	lower = more sensitive	4	SCBO-4_Organoid_P1,SCBO-4_Organoid_P10,SCBO-4_Organoid_P13,SCBO-4_Parental
SCBO-5	GEDATOLISIB	0.5744	AUC	lower = more sensitive	7	SCBO-5_Organoid_P1,SCBO-5_Organoid_P10,SCBO-5_Organoid_P13,SCBO-5_Organoid_P15,SCBO-5_Organoid_P3,SCBO-5_Organoid_P6,SCBO-5_Parental
SCBO-6	GEDATOLISIB	0.5162	AUC	lower = more sensitive	5	SCBO-6_Organoid_P1,SCBO-6_Organoid_P15,SCBO-6_Organoid_P4,SCBO-6_Organoid_P9,SCBO-6_Parental
SCBO-1	GEMCITABINE	0.6394	AUC	lower = more sensitive	4	SCBO-1_Organoid_P1,SCBO-1_Organoid_P11,SCBO-1_Organoid_P7,SCBO-1_Parental
SCBO-10	GEMCITABINE	0.9277	AUC	lower = more sensitive	6	SCBO-10_Organoid_P0,SCBO-10_Organoid_P13,SCBO-10_Organoid_P17,SCBO-10_Organoid_P5,SCBO-10_Organoid_P9,SCBO-10_Parental
SCBO-11	GEMCITABINE	0.7582	AUC	lower = more sensitive	7	SCBO-11_Organoid_P1,SCBO-11_Organoid_P12,SCBO-11_Organoid_P16,SCBO-11_Organoid_P20,SCBO-11_Organoid_P5,SCBO-11_Organoid_P8,SCBO-11_Parental
SCBO-11_2	GEMCITABINE	0.8811	AUC	lower = more sensitive	4	SCBO-11_2_Organoid_P16,SCBO-11_2_Organoid_P3,SCBO-11_2_Organoid_P8,SCBO-11_2_Parental
SCBO-2	GEMCITABINE	0.6453	AUC	lower = more sensitive	7	SCBO-2_Organoid_P1,SCBO-2_Organoid_P11,SCBO-2_Organoid_P5,SCBO-2_Parental_1,SCBO-2_Parental_2,SCBO-2_Parental_3,SCBO-2_Parental_4
SCBO-3	GEMCITABINE	0.6945	AUC	lower = more sensitive	8	SCBO-3_Organoid_P1,SCBO-3_Organoid_P14,SCBO-3_Organoid_P4,SCBO-3_Organoid_P8,SCBO-3_Parental,SMBO-3_Organoid_P4,SMBO-3_Organoid_P6,SMBO-3_Parental
SCBO-3_2	GEMCITABINE	0.7801	AUC	lower = more sensitive	5	SCBO-3_2_Organoid_P1,SCBO-3_2_Organoid_P14,SCBO-3_2_Organoid_P4,SCBO-3_2_Organoid_P8,SCBO-3_2_Parental
SCBO-4	GEMCITABINE	0.7933	AUC	lower = more sensitive	4	SCBO-4_Organoid_P1,SCBO-4_Organoid_P10,SCBO-4_Organoid_P13,SCBO-4_Parental
SCBO-5	GEMCITABINE	0.422	AUC	lower = more sensitive	7	SCBO-5_Organoid_P1,SCBO-5_Organoid_P10,SCBO-5_Organoid_P13,SCBO-5_Organoid_P15,SCBO-5_Organoid_P3,SCBO-5_Organoid_P6,SCBO-5_Parental
SCBO-6	GEMCITABINE	0.9046	AUC	lower = more sensitive	5	SCBO-6_Organoid_P1,SCBO-6_Organoid_P15,SCBO-6_Organoid_P4,SCBO-6_Organoid_P9,SCBO-6_Parental
SCBO-8	GEMCITABINE	0.7916	AUC	lower = more sensitive	6	SCBO-8_Organoid_P11,SCBO-8_Organoid_P15,SCBO-8_Organoid_P19,SCBO-8_Organoid_P3,SCBO-8_Organoid_P7,SCBO-8_Parental
SCBO-1	GSK-126	0.8638	AUC	lower = more sensitive	4	SCBO-1_Organoid_P1,SCBO-1_Organoid_P11,SCBO-1_Organoid_P7,SCBO-1_Parental
SCBO-11	GSK-126	0.7974	AUC	lower = more sensitive	7	SCBO-11_Organoid_P1,SCBO-11_Organoid_P12,SCBO-11_Organoid_P16,SCBO-11_Organoid_P20,SCBO-11_Organoid_P5,SCBO-11_Organoid_P8,SCBO-11_Parental
SCBO-11_2	GSK-126	0.761	AUC	lower = more sensitive	4	SCBO-11_2_Organoid_P16,SCBO-11_2_Organoid_P3,SCBO-11_2_Organoid_P8,SCBO-11_2_Parental
SCBO-2	GSK-126	0.8324	AUC	lower = more sensitive	7	SCBO-2_Organoid_P1,SCBO-2_Organoid_P11,SCBO-2_Organoid_P5,SCBO-2_Parental_1,SCBO-2_Parental_2,SCBO-2_Parental_3,SCBO-2_Parental_4
SCBO-3	GSK-126	0.782	AUC	lower = more sensitive	8	SCBO-3_Organoid_P1,SCBO-3_Organoid_P14,SCBO-3_Organoid_P4,SCBO-3_Organoid_P8,SCBO-3_Parental,SMBO-3_Organoid_P4,SMBO-3_Organoid_P6,SMBO-3_Parental
SCBO-3_2	GSK-126	0.8922	AUC	lower = more sensitive	5	SCBO-3_2_Organoid_P1,SCBO-3_2_Organoid_P14,SCBO-3_2_Organoid_P4,SCBO-3_2_Organoid_P8,SCBO-3_2_Parental
SCBO-4	GSK-126	0.8359	AUC	lower = more sensitive	4	SCBO-4_Organoid_P1,SCBO-4_Organoid_P10,SCBO-4_Organoid_P13,SCBO-4_Parental
SCBO-5	GSK-126	0.7447	AUC	lower = more sensitive	7	SCBO-5_Organoid_P1,SCBO-5_Organoid_P10,SCBO-5_Organoid_P13,SCBO-5_Organoid_P15,SCBO-5_Organoid_P3,SCBO-5_Organoid_P6,SCBO-5_Parental
SCBO-6	GSK-126	0.8123	AUC	lower = more sensitive	5	SCBO-6_Organoid_P1,SCBO-6_Organoid_P15,SCBO-6_Organoid_P4,SCBO-6_Organoid_P9,SCBO-6_Parental
SCBO-1	IFOSFAMIDE	0.9381	AUC	lower = more sensitive	4	SCBO-1_Organoid_P1,SCBO-1_Organoid_P11,SCBO-1_Organoid_P7,SCBO-1_Parental
SCBO-11	IFOSFAMIDE	0.9101	AUC	lower = more sensitive	7	SCBO-11_Organoid_P1,SCBO-11_Organoid_P12,SCBO-11_Organoid_P16,SCBO-11_Organoid_P20,SCBO-11_Organoid_P5,SCBO-11_Organoid_P8,SCBO-11_Parental
SCBO-11_2	IFOSFAMIDE	0.9293	AUC	lower = more sensitive	4	SCBO-11_2_Organoid_P16,SCBO-11_2_Organoid_P3,SCBO-11_2_Organoid_P8,SCBO-11_2_Parental
SCBO-2	IFOSFAMIDE	0.9822	AUC	lower = more sensitive	7	SCBO-2_Organoid_P1,SCBO-2_Organoid_P11,SCBO-2_Organoid_P5,SCBO-2_Parental_1,SCBO-2_Parental_2,SCBO-2_Parental_3,SCBO-2_Parental_4
SCBO-3	IFOSFAMIDE	0.9999	AUC	lower = more sensitive	8	SCBO-3_Organoid_P1,SCBO-3_Organoid_P14,SCBO-3_Organoid_P4,SCBO-3_Organoid_P8,SCBO-3_Parental,SMBO-3_Organoid_P4,SMBO-3_Organoid_P6,SMBO-3_Parental
SCBO-3_2	IFOSFAMIDE	0.9419	AUC	lower = more sensitive	5	SCBO-3_2_Organoid_P1,SCBO-3_2_Organoid_P14,SCBO-3_2_Organoid_P4,SCBO-3_2_Organoid_P8,SCBO-3_2_Parental
SCBO-4	IFOSFAMIDE	0.8791	AUC	lower = more sensitive	4	SCBO-4_Organoid_P1,SCBO-4_Organoid_P10,SCBO-4_Organoid_P13,SCBO-4_Parental
SCBO-5	IFOSFAMIDE	0.9761	AUC	lower = more sensitive	7	SCBO-5_Organoid_P1,SCBO-5_Organoid_P10,SCBO-5_Organoid_P13,SCBO-5_Organoid_P15,SCBO-5_Organoid_P3,SCBO-5_Organoid_P6,SCBO-5_Parental
SCBO-6	IFOSFAMIDE	0.9055	AUC	lower = more sensitive	5	SCBO-6_Organoid_P1,SCBO-6_Organoid_P15,SCBO-6_Organoid_P4,SCBO-6_Organoid_P9,SCBO-6_Parental
SCBO-1	IXAZOMIB	0.4335	AUC	lower = more sensitive	4	SCBO-1_Organoid_P1,SCBO-1_Organoid_P11,SCBO-1_Organoid_P7,SCBO-1_Parental
SCBO-11	IXAZOMIB	0.4824	AUC	lower = more sensitive	7	SCBO-11_Organoid_P1,SCBO-11_Organoid_P12,SCBO-11_Organoid_P16,SCBO-11_Organoid_P20,SCBO-11_Organoid_P5,SCBO-11_Organoid_P8,SCBO-11_Parental
SCBO-11_2	IXAZOMIB	0.564	AUC	lower = more sensitive	4	SCBO-11_2_Organoid_P16,SCBO-11_2_Organoid_P3,SCBO-11_2_Organoid_P8,SCBO-11_2_Parental
SCBO-2	IXAZOMIB	0.5416	AUC	lower = more sensitive	7	SCBO-2_Organoid_P1,SCBO-2_Organoid_P11,SCBO-2_Organoid_P5,SCBO-2_Parental_1,SCBO-2_Parental_2,SCBO-2_Parental_3,SCBO-2_Parental_4
SCBO-3	IXAZOMIB	0.4464	AUC	lower = more sensitive	8	SCBO-3_Organoid_P1,SCBO-3_Organoid_P14,SCBO-3_Organoid_P4,SCBO-3_Organoid_P8,SCBO-3_Parental,SMBO-3_Organoid_P4,SMBO-3_Organoid_P6,SMBO-3_Parental
SCBO-3_2	IXAZOMIB	0.4928	AUC	lower = more sensitive	5	SCBO-3_2_Organoid_P1,SCBO-3_2_Organoid_P14,SCBO-3_2_Organoid_P4,SCBO-3_2_Organoid_P8,SCBO-3_2_Parental
SCBO-4	IXAZOMIB	0.488	AUC	lower = more sensitive	4	SCBO-4_Organoid_P1,SCBO-4_Organoid_P10,SCBO-4_Organoid_P13,SCBO-4_Parental
SCBO-5	IXAZOMIB	0.4563	AUC	lower = more sensitive	7	SCBO-5_Organoid_P1,SCBO-5_Organoid_P10,SCBO-5_Organoid_P13,SCBO-5_Organoid_P15,SCBO-5_Organoid_P3,SCBO-5_Organoid_P6,SCBO-5_Parental
SCBO-6	IXAZOMIB	0.5085	AUC	lower = more sensitive	5	SCBO-6_Organoid_P1,SCBO-6_Organoid_P15,SCBO-6_Organoid_P4,SCBO-6_Organoid_P9,SCBO-6_Parental
SCBO-1	JQ1	0.572	AUC	lower = more sensitive	4	SCBO-1_Organoid_P1,SCBO-1_Organoid_P11,SCBO-1_Organoid_P7,SCBO-1_Parental
SCBO-11	JQ1	0.5585	AUC	lower = more sensitive	7	SCBO-11_Organoid_P1,SCBO-11_Organoid_P12,SCBO-11_Organoid_P16,SCBO-11_Organoid_P20,SCBO-11_Organoid_P5,SCBO-11_Organoid_P8,SCBO-11_Parental
SCBO-11_2	JQ1	0.6028	AUC	lower = more sensitive	4	SCBO-11_2_Organoid_P16,SCBO-11_2_Organoid_P3,SCBO-11_2_Organoid_P8,SCBO-11_2_Parental
SCBO-2	JQ1	0.5929	AUC	lower = more sensitive	7	SCBO-2_Organoid_P1,SCBO-2_Organoid_P11,SCBO-2_Organoid_P5,SCBO-2_Parental_1,SCBO-2_Parental_2,SCBO-2_Parental_3,SCBO-2_Parental_4
SCBO-3	JQ1	0.5384	AUC	lower = more sensitive	8	SCBO-3_Organoid_P1,SCBO-3_Organoid_P14,SCBO-3_Organoid_P4,SCBO-3_Organoid_P8,SCBO-3_Parental,SMBO-3_Organoid_P4,SMBO-3_Organoid_P6,SMBO-3_Parental
SCBO-3_2	JQ1	0.6157	AUC	lower = more sensitive	5	SCBO-3_2_Organoid_P1,SCBO-3_2_Organoid_P14,SCBO-3_2_Organoid_P4,SCBO-3_2_Organoid_P8,SCBO-3_2_Parental
SCBO-4	JQ1	0.4587	AUC	lower = more sensitive	4	SCBO-4_Organoid_P1,SCBO-4_Organoid_P10,SCBO-4_Organoid_P13,SCBO-4_Parental
SCBO-5	JQ1	0.5282	AUC	lower = more sensitive	7	SCBO-5_Organoid_P1,SCBO-5_Organoid_P10,SCBO-5_Organoid_P13,SCBO-5_Organoid_P15,SCBO-5_Organoid_P3,SCBO-5_Organoid_P6,SCBO-5_Parental
SCBO-6	JQ1	0.6289	AUC	lower = more sensitive	5	SCBO-6_Organoid_P1,SCBO-6_Organoid_P15,SCBO-6_Organoid_P4,SCBO-6_Organoid_P9,SCBO-6_Parental
SCBO-1	LESTAURTINIB	0.5752	AUC	lower = more sensitive	4	SCBO-1_Organoid_P1,SCBO-1_Organoid_P11,SCBO-1_Organoid_P7,SCBO-1_Parental
SCBO-11	LESTAURTINIB	0.6137	AUC	lower = more sensitive	7	SCBO-11_Organoid_P1,SCBO-11_Organoid_P12,SCBO-11_Organoid_P16,SCBO-11_Organoid_P20,SCBO-11_Organoid_P5,SCBO-11_Organoid_P8,SCBO-11_Parental
SCBO-11_2	LESTAURTINIB	0.6007	AUC	lower = more sensitive	4	SCBO-11_2_Organoid_P16,SCBO-11_2_Organoid_P3,SCBO-11_2_Organoid_P8,SCBO-11_2_Parental
SCBO-2	LESTAURTINIB	0.6437	AUC	lower = more sensitive	7	SCBO-2_Organoid_P1,SCBO-2_Organoid_P11,SCBO-2_Organoid_P5,SCBO-2_Parental_1,SCBO-2_Parental_2,SCBO-2_Parental_3,SCBO-2_Parental_4
SCBO-3	LESTAURTINIB	0.6342	AUC	lower = more sensitive	8	SCBO-3_Organoid_P1,SCBO-3_Organoid_P14,SCBO-3_Organoid_P4,SCBO-3_Organoid_P8,SCBO-3_Parental,SMBO-3_Organoid_P4,SMBO-3_Organoid_P6,SMBO-3_Parental
SCBO-3_2	LESTAURTINIB	0.6804	AUC	lower = more sensitive	5	SCBO-3_2_Organoid_P1,SCBO-3_2_Organoid_P14,SCBO-3_2_Organoid_P4,SCBO-3_2_Organoid_P8,SCBO-3_2_Parental
SCBO-4	LESTAURTINIB	0.6849	AUC	lower = more sensitive	4	SCBO-4_Organoid_P1,SCBO-4_Organoid_P10,SCBO-4_Organoid_P13,SCBO-4_Parental
SCBO-5	LESTAURTINIB	0.6473	AUC	lower = more sensitive	7	SCBO-5_Organoid_P1,SCBO-5_Organoid_P10,SCBO-5_Organoid_P13,SCBO-5_Organoid_P15,SCBO-5_Organoid_P3,SCBO-5_Organoid_P6,SCBO-5_Parental
SCBO-6	LESTAURTINIB	0.5813	AUC	lower = more sensitive	5	SCBO-6_Organoid_P1,SCBO-6_Organoid_P15,SCBO-6_Organoid_P4,SCBO-6_Organoid_P9,SCBO-6_Parental
SCBO-1	LINSITINIB	0.7545	AUC	lower = more sensitive	4	SCBO-1_Organoid_P1,SCBO-1_Organoid_P11,SCBO-1_Organoid_P7,SCBO-1_Parental
SCBO-11	LINSITINIB	0.9651	AUC	lower = more sensitive	7	SCBO-11_Organoid_P1,SCBO-11_Organoid_P12,SCBO-11_Organoid_P16,SCBO-11_Organoid_P20,SCBO-11_Organoid_P5,SCBO-11_Organoid_P8,SCBO-11_Parental
SCBO-11_2	LINSITINIB	0.8222	AUC	lower = more sensitive	4	SCBO-11_2_Organoid_P16,SCBO-11_2_Organoid_P3,SCBO-11_2_Organoid_P8,SCBO-11_2_Parental
SCBO-2	LINSITINIB	0.7134	AUC	lower = more sensitive	7	SCBO-2_Organoid_P1,SCBO-2_Organoid_P11,SCBO-2_Organoid_P5,SCBO-2_Parental_1,SCBO-2_Parental_2,SCBO-2_Parental_3,SCBO-2_Parental_4
SCBO-3	LINSITINIB	0.7463	AUC	lower = more sensitive	8	SCBO-3_Organoid_P1,SCBO-3_Organoid_P14,SCBO-3_Organoid_P4,SCBO-3_Organoid_P8,SCBO-3_Parental,SMBO-3_Organoid_P4,SMBO-3_Organoid_P6,SMBO-3_Parental
SCBO-3_2	LINSITINIB	0.9205	AUC	lower = more sensitive	5	SCBO-3_2_Organoid_P1,SCBO-3_2_Organoid_P14,SCBO-3_2_Organoid_P4,SCBO-3_2_Organoid_P8,SCBO-3_2_Parental
SCBO-4	LINSITINIB	0.7792	AUC	lower = more sensitive	4	SCBO-4_Organoid_P1,SCBO-4_Organoid_P10,SCBO-4_Organoid_P13,SCBO-4_Parental
SCBO-5	LINSITINIB	0.739	AUC	lower = more sensitive	7	SCBO-5_Organoid_P1,SCBO-5_Organoid_P10,SCBO-5_Organoid_P13,SCBO-5_Organoid_P15,SCBO-5_Organoid_P3,SCBO-5_Organoid_P6,SCBO-5_Parental
SCBO-6	LINSITINIB	0.71	AUC	lower = more sensitive	5	SCBO-6_Organoid_P1,SCBO-6_Organoid_P15,SCBO-6_Organoid_P4,SCBO-6_Organoid_P9,SCBO-6_Parental
SCBO-1	METHOTREXATE	0.4381	AUC	lower = more sensitive	4	SCBO-1_Organoid_P1,SCBO-1_Organoid_P11,SCBO-1_Organoid_P7,SCBO-1_Parental
SCBO-11	METHOTREXATE	0.7597	AUC	lower = more sensitive	7	SCBO-11_Organoid_P1,SCBO-11_Organoid_P12,SCBO-11_Organoid_P16,SCBO-11_Organoid_P20,SCBO-11_Organoid_P5,SCBO-11_Organoid_P8,SCBO-11_Parental
SCBO-11_2	METHOTREXATE	0.8167	AUC	lower = more sensitive	4	SCBO-11_2_Organoid_P16,SCBO-11_2_Organoid_P3,SCBO-11_2_Organoid_P8,SCBO-11_2_Parental
SCBO-2	METHOTREXATE	0.6402	AUC	lower = more sensitive	7	SCBO-2_Organoid_P1,SCBO-2_Organoid_P11,SCBO-2_Organoid_P5,SCBO-2_Parental_1,SCBO-2_Parental_2,SCBO-2_Parental_3,SCBO-2_Parental_4
SCBO-3	METHOTREXATE	0.5422	AUC	lower = more sensitive	8	SCBO-3_Organoid_P1,SCBO-3_Organoid_P14,SCBO-3_Organoid_P4,SCBO-3_Organoid_P8,SCBO-3_Parental,SMBO-3_Organoid_P4,SMBO-3_Organoid_P6,SMBO-3_Parental
SCBO-3_2	METHOTREXATE	0.8783	AUC	lower = more sensitive	5	SCBO-3_2_Organoid_P1,SCBO-3_2_Organoid_P14,SCBO-3_2_Organoid_P4,SCBO-3_2_Organoid_P8,SCBO-3_2_Parental
SCBO-4	METHOTREXATE	0.7744	AUC	lower = more sensitive	4	SCBO-4_Organoid_P1,SCBO-4_Organoid_P10,SCBO-4_Organoid_P13,SCBO-4_Parental
SCBO-5	METHOTREXATE	0.4509	AUC	lower = more sensitive	7	SCBO-5_Organoid_P1,SCBO-5_Organoid_P10,SCBO-5_Organoid_P13,SCBO-5_Organoid_P15,SCBO-5_Organoid_P3,SCBO-5_Organoid_P6,SCBO-5_Parental
SCBO-6	METHOTREXATE	0.8034	AUC	lower = more sensitive	5	SCBO-6_Organoid_P1,SCBO-6_Organoid_P15,SCBO-6_Organoid_P4,SCBO-6_Organoid_P9,SCBO-6_Parental
SCBO-1	MITOMYCIN	0.647	AUC	lower = more sensitive	4	SCBO-1_Organoid_P1,SCBO-1_Organoid_P11,SCBO-1_Organoid_P7,SCBO-1_Parental
SCBO-11	MITOMYCIN	0.6229	AUC	lower = more sensitive	7	SCBO-11_Organoid_P1,SCBO-11_Organoid_P12,SCBO-11_Organoid_P16,SCBO-11_Organoid_P20,SCBO-11_Organoid_P5,SCBO-11_Organoid_P8,SCBO-11_Parental
SCBO-11_2	MITOMYCIN	0.6755	AUC	lower = more sensitive	4	SCBO-11_2_Organoid_P16,SCBO-11_2_Organoid_P3,SCBO-11_2_Organoid_P8,SCBO-11_2_Parental
SCBO-2	MITOMYCIN	0.6384	AUC	lower = more sensitive	7	SCBO-2_Organoid_P1,SCBO-2_Organoid_P11,SCBO-2_Organoid_P5,SCBO-2_Parental_1,SCBO-2_Parental_2,SCBO-2_Parental_3,SCBO-2_Parental_4
SCBO-3	MITOMYCIN	0.5936	AUC	lower = more sensitive	8	SCBO-3_Organoid_P1,SCBO-3_Organoid_P14,SCBO-3_Organoid_P4,SCBO-3_Organoid_P8,SCBO-3_Parental,SMBO-3_Organoid_P4,SMBO-3_Organoid_P6,SMBO-3_Parental
SCBO-3_2	MITOMYCIN	0.6032	AUC	lower = more sensitive	5	SCBO-3_2_Organoid_P1,SCBO-3_2_Organoid_P14,SCBO-3_2_Organoid_P4,SCBO-3_2_Organoid_P8,SCBO-3_2_Parental
SCBO-4	MITOMYCIN	0.6249	AUC	lower = more sensitive	4	SCBO-4_Organoid_P1,SCBO-4_Organoid_P10,SCBO-4_Organoid_P13,SCBO-4_Parental
SCBO-5	MITOMYCIN	0.576	AUC	lower = more sensitive	7	SCBO-5_Organoid_P1,SCBO-5_Organoid_P10,SCBO-5_Organoid_P13,SCBO-5_Organoid_P15,SCBO-5_Organoid_P3,SCBO-5_Organoid_P6,SCBO-5_Parental
SCBO-6	MITOMYCIN	0.5623	AUC	lower = more sensitive	5	SCBO-6_Organoid_P1,SCBO-6_Organoid_P15,SCBO-6_Organoid_P4,SCBO-6_Organoid_P9,SCBO-6_Parental
SCBO-1	MK-2206	0.5363	AUC	lower = more sensitive	4	SCBO-1_Organoid_P1,SCBO-1_Organoid_P11,SCBO-1_Organoid_P7,SCBO-1_Parental
SCBO-11	MK-2206	0.6303	AUC	lower = more sensitive	7	SCBO-11_Organoid_P1,SCBO-11_Organoid_P12,SCBO-11_Organoid_P16,SCBO-11_Organoid_P20,SCBO-11_Organoid_P5,SCBO-11_Organoid_P8,SCBO-11_Parental
SCBO-11_2	MK-2206	0.5969	AUC	lower = more sensitive	4	SCBO-11_2_Organoid_P16,SCBO-11_2_Organoid_P3,SCBO-11_2_Organoid_P8,SCBO-11_2_Parental
SCBO-2	MK-2206	0.6981	AUC	lower = more sensitive	7	SCBO-2_Organoid_P1,SCBO-2_Organoid_P11,SCBO-2_Organoid_P5,SCBO-2_Parental_1,SCBO-2_Parental_2,SCBO-2_Parental_3,SCBO-2_Parental_4
SCBO-3	MK-2206	0.7011	AUC	lower = more sensitive	8	SCBO-3_Organoid_P1,SCBO-3_Organoid_P14,SCBO-3_Organoid_P4,SCBO-3_Organoid_P8,SCBO-3_Parental,SMBO-3_Organoid_P4,SMBO-3_Organoid_P6,SMBO-3_Parental
SCBO-3_2	MK-2206	0.7228	AUC	lower = more sensitive	5	SCBO-3_2_Organoid_P1,SCBO-3_2_Organoid_P14,SCBO-3_2_Organoid_P4,SCBO-3_2_Organoid_P8,SCBO-3_2_Parental
SCBO-4	MK-2206	0.5832	AUC	lower = more sensitive	4	SCBO-4_Organoid_P1,SCBO-4_Organoid_P10,SCBO-4_Organoid_P13,SCBO-4_Parental
SCBO-5	MK-2206	0.6788	AUC	lower = more sensitive	7	SCBO-5_Organoid_P1,SCBO-5_Organoid_P10,SCBO-5_Organoid_P13,SCBO-5_Organoid_P15,SCBO-5_Organoid_P3,SCBO-5_Organoid_P6,SCBO-5_Parental
SCBO-6	MK-2206	0.5761	AUC	lower = more sensitive	5	SCBO-6_Organoid_P1,SCBO-6_Organoid_P15,SCBO-6_Organoid_P4,SCBO-6_Organoid_P9,SCBO-6_Parental
SCBO-1	MOCETINOSTAT	0.5582	AUC	lower = more sensitive	4	SCBO-1_Organoid_P1,SCBO-1_Organoid_P11,SCBO-1_Organoid_P7,SCBO-1_Parental
SCBO-11	MOCETINOSTAT	0.6443	AUC	lower = more sensitive	7	SCBO-11_Organoid_P1,SCBO-11_Organoid_P12,SCBO-11_Organoid_P16,SCBO-11_Organoid_P20,SCBO-11_Organoid_P5,SCBO-11_Organoid_P8,SCBO-11_Parental
SCBO-11_2	MOCETINOSTAT	0.6055	AUC	lower = more sensitive	4	SCBO-11_2_Organoid_P16,SCBO-11_2_Organoid_P3,SCBO-11_2_Organoid_P8,SCBO-11_2_Parental
SCBO-2	MOCETINOSTAT	0.6248	AUC	lower = more sensitive	7	SCBO-2_Organoid_P1,SCBO-2_Organoid_P11,SCBO-2_Organoid_P5,SCBO-2_Parental_1,SCBO-2_Parental_2,SCBO-2_Parental_3,SCBO-2_Parental_4
SCBO-3	MOCETINOSTAT	0.614	AUC	lower = more sensitive	8	SCBO-3_Organoid_P1,SCBO-3_Organoid_P14,SCBO-3_Organoid_P4,SCBO-3_Organoid_P8,SCBO-3_Parental,SMBO-3_Organoid_P4,SMBO-3_Organoid_P6,SMBO-3_Parental
SCBO-3_2	MOCETINOSTAT	0.6305	AUC	lower = more sensitive	5	SCBO-3_2_Organoid_P1,SCBO-3_2_Organoid_P14,SCBO-3_2_Organoid_P4,SCBO-3_2_Organoid_P8,SCBO-3_2_Parental
SCBO-4	MOCETINOSTAT	0.6401	AUC	lower = more sensitive	4	SCBO-4_Organoid_P1,SCBO-4_Organoid_P10,SCBO-4_Organoid_P13,SCBO-4_Parental
SCBO-5	MOCETINOSTAT	0.5719	AUC	lower = more sensitive	7	SCBO-5_Organoid_P1,SCBO-5_Organoid_P10,SCBO-5_Organoid_P13,SCBO-5_Organoid_P15,SCBO-5_Organoid_P3,SCBO-5_Organoid_P6,SCBO-5_Parental
SCBO-6	MOCETINOSTAT	0.6328	AUC	lower = more sensitive	5	SCBO-6_Organoid_P1,SCBO-6_Organoid_P15,SCBO-6_Organoid_P4,SCBO-6_Organoid_P9,SCBO-6_Parental
SCBO-1	MOTESANIB	0.8693	AUC	lower = more sensitive	4	SCBO-1_Organoid_P1,SCBO-1_Organoid_P11,SCBO-1_Organoid_P7,SCBO-1_Parental
SCBO-11	MOTESANIB	0.8992	AUC	lower = more sensitive	7	SCBO-11_Organoid_P1,SCBO-11_Organoid_P12,SCBO-11_Organoid_P16,SCBO-11_Organoid_P20,SCBO-11_Organoid_P5,SCBO-11_Organoid_P8,SCBO-11_Parental
SCBO-11_2	MOTESANIB	0.8485	AUC	lower = more sensitive	4	SCBO-11_2_Organoid_P16,SCBO-11_2_Organoid_P3,SCBO-11_2_Organoid_P8,SCBO-11_2_Parental
SCBO-2	MOTESANIB	0.8612	AUC	lower = more sensitive	7	SCBO-2_Organoid_P1,SCBO-2_Organoid_P11,SCBO-2_Organoid_P5,SCBO-2_Parental_1,SCBO-2_Parental_2,SCBO-2_Parental_3,SCBO-2_Parental_4
SCBO-3	MOTESANIB	0.8939	AUC	lower = more sensitive	8	SCBO-3_Organoid_P1,SCBO-3_Organoid_P14,SCBO-3_Organoid_P4,SCBO-3_Organoid_P8,SCBO-3_Parental,SMBO-3_Organoid_P4,SMBO-3_Organoid_P6,SMBO-3_Parental
SCBO-3_2	MOTESANIB	0.9179	AUC	lower = more sensitive	5	SCBO-3_2_Organoid_P1,SCBO-3_2_Organoid_P14,SCBO-3_2_Organoid_P4,SCBO-3_2_Organoid_P8,SCBO-3_2_Parental
SCBO-4	MOTESANIB	0.7999	AUC	lower = more sensitive	4	SCBO-4_Organoid_P1,SCBO-4_Organoid_P10,SCBO-4_Organoid_P13,SCBO-4_Parental
SCBO-5	MOTESANIB	0.8551	AUC	lower = more sensitive	7	SCBO-5_Organoid_P1,SCBO-5_Organoid_P10,SCBO-5_Organoid_P13,SCBO-5_Organoid_P15,SCBO-5_Organoid_P3,SCBO-5_Organoid_P6,SCBO-5_Parental
SCBO-6	MOTESANIB	0.7462	AUC	lower = more sensitive	5	SCBO-6_Organoid_P1,SCBO-6_Organoid_P15,SCBO-6_Organoid_P4,SCBO-6_Organoid_P9,SCBO-6_Parental
SCBO-1	NAVITOCLAX	0.5912	AUC	lower = more sensitive	4	SCBO-1_Organoid_P1,SCBO-1_Organoid_P11,SCBO-1_Organoid_P7,SCBO-1_Parental
SCBO-11	NAVITOCLAX	0.4806	AUC	lower = more sensitive	7	SCBO-11_Organoid_P1,SCBO-11_Organoid_P12,SCBO-11_Organoid_P16,SCBO-11_Organoid_P20,SCBO-11_Organoid_P5,SCBO-11_Organoid_P8,SCBO-11_Parental
SCBO-11_2	NAVITOCLAX	0.587	AUC	lower = more sensitive	4	SCBO-11_2_Organoid_P16,SCBO-11_2_Organoid_P3,SCBO-11_2_Organoid_P8,SCBO-11_2_Parental
SCBO-2	NAVITOCLAX	0.6118	AUC	lower = more sensitive	7	SCBO-2_Organoid_P1,SCBO-2_Organoid_P11,SCBO-2_Organoid_P5,SCBO-2_Parental_1,SCBO-2_Parental_2,SCBO-2_Parental_3,SCBO-2_Parental_4
SCBO-3	NAVITOCLAX	0.5625	AUC	lower = more sensitive	8	SCBO-3_Organoid_P1,SCBO-3_Organoid_P14,SCBO-3_Organoid_P4,SCBO-3_Organoid_P8,SCBO-3_Parental,SMBO-3_Organoid_P4,SMBO-3_Organoid_P6,SMBO-3_Parental
SCBO-3_2	NAVITOCLAX	0.65	AUC	lower = more sensitive	5	SCBO-3_2_Organoid_P1,SCBO-3_2_Organoid_P14,SCBO-3_2_Organoid_P4,SCBO-3_2_Organoid_P8,SCBO-3_2_Parental
SCBO-4	NAVITOCLAX	0.5656	AUC	lower = more sensitive	4	SCBO-4_Organoid_P1,SCBO-4_Organoid_P10,SCBO-4_Organoid_P13,SCBO-4_Parental
SCBO-5	NAVITOCLAX	0.4779	AUC	lower = more sensitive	7	SCBO-5_Organoid_P1,SCBO-5_Organoid_P10,SCBO-5_Organoid_P13,SCBO-5_Organoid_P15,SCBO-5_Organoid_P3,SCBO-5_Organoid_P6,SCBO-5_Parental
SCBO-6	NAVITOCLAX	0.6689	AUC	lower = more sensitive	5	SCBO-6_Organoid_P1,SCBO-6_Organoid_P15,SCBO-6_Organoid_P4,SCBO-6_Organoid_P9,SCBO-6_Parental
SCBO-1	NERATINIB	0.5758	AUC	lower = more sensitive	4	SCBO-1_Organoid_P1,SCBO-1_Organoid_P11,SCBO-1_Organoid_P7,SCBO-1_Parental
SCBO-10	NERATINIB	0.6148	AUC	lower = more sensitive	6	SCBO-10_Organoid_P0,SCBO-10_Organoid_P13,SCBO-10_Organoid_P17,SCBO-10_Organoid_P5,SCBO-10_Organoid_P9,SCBO-10_Parental
SCBO-11	NERATINIB	0.599	AUC	lower = more sensitive	7	SCBO-11_Organoid_P1,SCBO-11_Organoid_P12,SCBO-11_Organoid_P16,SCBO-11_Organoid_P20,SCBO-11_Organoid_P5,SCBO-11_Organoid_P8,SCBO-11_Parental
SCBO-11_2	NERATINIB	0.4704	AUC	lower = more sensitive	4	SCBO-11_2_Organoid_P16,SCBO-11_2_Organoid_P3,SCBO-11_2_Organoid_P8,SCBO-11_2_Parental
SCBO-2	NERATINIB	0.6681	AUC	lower = more sensitive	7	SCBO-2_Organoid_P1,SCBO-2_Organoid_P11,SCBO-2_Organoid_P5,SCBO-2_Parental_1,SCBO-2_Parental_2,SCBO-2_Parental_3,SCBO-2_Parental_4
SCBO-3	NERATINIB	0.4886	AUC	lower = more sensitive	8	SCBO-3_Organoid_P1,SCBO-3_Organoid_P14,SCBO-3_Organoid_P4,SCBO-3_Organoid_P8,SCBO-3_Parental,SMBO-3_Organoid_P4,SMBO-3_Organoid_P6,SMBO-3_Parental
SCBO-3_2	NERATINIB	0.754	AUC	lower = more sensitive	5	SCBO-3_2_Organoid_P1,SCBO-3_2_Organoid_P14,SCBO-3_2_Organoid_P4,SCBO-3_2_Organoid_P8,SCBO-3_2_Parental
SCBO-4	NERATINIB	0.6941	AUC	lower = more sensitive	4	SCBO-4_Organoid_P1,SCBO-4_Organoid_P10,SCBO-4_Organoid_P13,SCBO-4_Parental
SCBO-5	NERATINIB	0.5121	AUC	lower = more sensitive	7	SCBO-5_Organoid_P1,SCBO-5_Organoid_P10,SCBO-5_Organoid_P13,SCBO-5_Organoid_P15,SCBO-5_Organoid_P3,SCBO-5_Organoid_P6,SCBO-5_Parental
SCBO-6	NERATINIB	0.6371	AUC	lower = more sensitive	5	SCBO-6_Organoid_P1,SCBO-6_Organoid_P15,SCBO-6_Organoid_P4,SCBO-6_Organoid_P9,SCBO-6_Parental
SCBO-8	NERATINIB	0.5029	AUC	lower = more sensitive	6	SCBO-8_Organoid_P11,SCBO-8_Organoid_P15,SCBO-8_Organoid_P19,SCBO-8_Organoid_P3,SCBO-8_Organoid_P7,SCBO-8_Parental
SCBO-1	NUTLIN-3A	0.7758	AUC	lower = more sensitive	4	SCBO-1_Organoid_P1,SCBO-1_Organoid_P11,SCBO-1_Organoid_P7,SCBO-1_Parental
SCBO-11	NUTLIN-3A	0.7813	AUC	lower = more sensitive	7	SCBO-11_Organoid_P1,SCBO-11_Organoid_P12,SCBO-11_Organoid_P16,SCBO-11_Organoid_P20,SCBO-11_Organoid_P5,SCBO-11_Organoid_P8,SCBO-11_Parental
SCBO-11_2	NUTLIN-3A	0.7982	AUC	lower = more sensitive	4	SCBO-11_2_Organoid_P16,SCBO-11_2_Organoid_P3,SCBO-11_2_Organoid_P8,SCBO-11_2_Parental
SCBO-2	NUTLIN-3A	0.7894	AUC	lower = more sensitive	7	SCBO-2_Organoid_P1,SCBO-2_Organoid_P11,SCBO-2_Organoid_P5,SCBO-2_Parental_1,SCBO-2_Parental_2,SCBO-2_Parental_3,SCBO-2_Parental_4
SCBO-3	NUTLIN-3A	0.7719	AUC	lower = more sensitive	8	SCBO-3_Organoid_P1,SCBO-3_Organoid_P14,SCBO-3_Organoid_P4,SCBO-3_Organoid_P8,SCBO-3_Parental,SMBO-3_Organoid_P4,SMBO-3_Organoid_P6,SMBO-3_Parental
SCBO-3_2	NUTLIN-3A	0.7661	AUC	lower = more sensitive	5	SCBO-3_2_Organoid_P1,SCBO-3_2_Organoid_P14,SCBO-3_2_Organoid_P4,SCBO-3_2_Organoid_P8,SCBO-3_2_Parental
SCBO-4	NUTLIN-3A	0.7039	AUC	lower = more sensitive	4	SCBO-4_Organoid_P1,SCBO-4_Organoid_P10,SCBO-4_Organoid_P13,SCBO-4_Parental
SCBO-5	NUTLIN-3A	0.8153	AUC	lower = more sensitive	7	SCBO-5_Organoid_P1,SCBO-5_Organoid_P10,SCBO-5_Organoid_P13,SCBO-5_Organoid_P15,SCBO-5_Organoid_P3,SCBO-5_Organoid_P6,SCBO-5_Parental
SCBO-6	NUTLIN-3A	0.6239	AUC	lower = more sensitive	5	SCBO-6_Organoid_P1,SCBO-6_Organoid_P15,SCBO-6_Organoid_P4,SCBO-6_Organoid_P9,SCBO-6_Parental
SCBO-1	PAC-1	0.6556	AUC	lower = more sensitive	4	SCBO-1_Organoid_P1,SCBO-1_Organoid_P11,SCBO-1_Organoid_P7,SCBO-1_Parental
SCBO-11	PAC-1	0.6988	AUC	lower = more sensitive	7	SCBO-11_Organoid_P1,SCBO-11_Organoid_P12,SCBO-11_Organoid_P16,SCBO-11_Organoid_P20,SCBO-11_Organoid_P5,SCBO-11_Organoid_P8,SCBO-11_Parental
SCBO-11_2	PAC-1	0.726	AUC	lower = more sensitive	4	SCBO-11_2_Organoid_P16,SCBO-11_2_Organoid_P3,SCBO-11_2_Organoid_P8,SCBO-11_2_Parental
SCBO-2	PAC-1	0.7531	AUC	lower = more sensitive	7	SCBO-2_Organoid_P1,SCBO-2_Organoid_P11,SCBO-2_Organoid_P5,SCBO-2_Parental_1,SCBO-2_Parental_2,SCBO-2_Parental_3,SCBO-2_Parental_4
SCBO-3	PAC-1	0.7295	AUC	lower = more sensitive	8	SCBO-3_Organoid_P1,SCBO-3_Organoid_P14,SCBO-3_Organoid_P4,SCBO-3_Organoid_P8,SCBO-3_Parental,SMBO-3_Organoid_P4,SMBO-3_Organoid_P6,SMBO-3_Parental
SCBO-3_2	PAC-1	0.7254	AUC	lower = more sensitive	5	SCBO-3_2_Organoid_P1,SCBO-3_2_Organoid_P14,SCBO-3_2_Organoid_P4,SCBO-3_2_Organoid_P8,SCBO-3_2_Parental
SCBO-4	PAC-1	0.623	AUC	lower = more sensitive	4	SCBO-4_Organoid_P1,SCBO-4_Organoid_P10,SCBO-4_Organoid_P13,SCBO-4_Parental
SCBO-5	PAC-1	0.736	AUC	lower = more sensitive	7	SCBO-5_Organoid_P1,SCBO-5_Organoid_P10,SCBO-5_Organoid_P13,SCBO-5_Organoid_P15,SCBO-5_Organoid_P3,SCBO-5_Organoid_P6,SCBO-5_Parental
SCBO-6	PAC-1	0.7121	AUC	lower = more sensitive	5	SCBO-6_Organoid_P1,SCBO-6_Organoid_P15,SCBO-6_Organoid_P4,SCBO-6_Organoid_P9,SCBO-6_Parental
SCBO-1	PACLITAXEL	0.8126	AUC	lower = more sensitive	4	SCBO-1_Organoid_P1,SCBO-1_Organoid_P11,SCBO-1_Organoid_P7,SCBO-1_Parental
SCBO-11	PACLITAXEL	0.9662	AUC	lower = more sensitive	7	SCBO-11_Organoid_P1,SCBO-11_Organoid_P12,SCBO-11_Organoid_P16,SCBO-11_Organoid_P20,SCBO-11_Organoid_P5,SCBO-11_Organoid_P8,SCBO-11_Parental
SCBO-11_2	PACLITAXEL	0.8509	AUC	lower = more sensitive	4	SCBO-11_2_Organoid_P16,SCBO-11_2_Organoid_P3,SCBO-11_2_Organoid_P8,SCBO-11_2_Parental
SCBO-2	PACLITAXEL	0.7085	AUC	lower = more sensitive	7	SCBO-2_Organoid_P1,SCBO-2_Organoid_P11,SCBO-2_Organoid_P5,SCBO-2_Parental_1,SCBO-2_Parental_2,SCBO-2_Parental_3,SCBO-2_Parental_4
SCBO-3	PACLITAXEL	0.6742	AUC	lower = more sensitive	8	SCBO-3_Organoid_P1,SCBO-3_Organoid_P14,SCBO-3_Organoid_P4,SCBO-3_Organoid_P8,SCBO-3_Parental,SMBO-3_Organoid_P4,SMBO-3_Organoid_P6,SMBO-3_Parental
SCBO-3_2	PACLITAXEL	0.8901	AUC	lower = more sensitive	5	SCBO-3_2_Organoid_P1,SCBO-3_2_Organoid_P14,SCBO-3_2_Organoid_P4,SCBO-3_2_Organoid_P8,SCBO-3_2_Parental
SCBO-4	PACLITAXEL	0.8564	AUC	lower = more sensitive	4	SCBO-4_Organoid_P1,SCBO-4_Organoid_P10,SCBO-4_Organoid_P13,SCBO-4_Parental
SCBO-5	PACLITAXEL	0.364	AUC	lower = more sensitive	7	SCBO-5_Organoid_P1,SCBO-5_Organoid_P10,SCBO-5_Organoid_P13,SCBO-5_Organoid_P15,SCBO-5_Organoid_P3,SCBO-5_Organoid_P6,SCBO-5_Parental
SCBO-6	PACLITAXEL	0.7579	AUC	lower = more sensitive	5	SCBO-6_Organoid_P1,SCBO-6_Organoid_P15,SCBO-6_Organoid_P4,SCBO-6_Organoid_P9,SCBO-6_Parental
SCBO-1	PALBOCICLIB	0.5104	AUC	lower = more sensitive	4	SCBO-1_Organoid_P1,SCBO-1_Organoid_P11,SCBO-1_Organoid_P7,SCBO-1_Parental
SCBO-11	PALBOCICLIB	0.7742	AUC	lower = more sensitive	7	SCBO-11_Organoid_P1,SCBO-11_Organoid_P12,SCBO-11_Organoid_P16,SCBO-11_Organoid_P20,SCBO-11_Organoid_P5,SCBO-11_Organoid_P8,SCBO-11_Parental
SCBO-11_2	PALBOCICLIB	0.7329	AUC	lower = more sensitive	4	SCBO-11_2_Organoid_P16,SCBO-11_2_Organoid_P3,SCBO-11_2_Organoid_P8,SCBO-11_2_Parental
SCBO-2	PALBOCICLIB	0.6921	AUC	lower = more sensitive	7	SCBO-2_Organoid_P1,SCBO-2_Organoid_P11,SCBO-2_Organoid_P5,SCBO-2_Parental_1,SCBO-2_Parental_2,SCBO-2_Parental_3,SCBO-2_Parental_4
SCBO-3	PALBOCICLIB	0.7146	AUC	lower = more sensitive	8	SCBO-3_Organoid_P1,SCBO-3_Organoid_P14,SCBO-3_Organoid_P4,SCBO-3_Organoid_P8,SCBO-3_Parental,SMBO-3_Organoid_P4,SMBO-3_Organoid_P6,SMBO-3_Parental
SCBO-3_2	PALBOCICLIB	0.8857	AUC	lower = more sensitive	5	SCBO-3_2_Organoid_P1,SCBO-3_2_Organoid_P14,SCBO-3_2_Organoid_P4,SCBO-3_2_Organoid_P8,SCBO-3_2_Parental
SCBO-4	PALBOCICLIB	0.6593	AUC	lower = more sensitive	4	SCBO-4_Organoid_P1,SCBO-4_Organoid_P10,SCBO-4_Organoid_P13,SCBO-4_Parental
SCBO-5	PALBOCICLIB	0.705	AUC	lower = more sensitive	7	SCBO-5_Organoid_P1,SCBO-5_Organoid_P10,SCBO-5_Organoid_P13,SCBO-5_Organoid_P15,SCBO-5_Organoid_P3,SCBO-5_Organoid_P6,SCBO-5_Parental
SCBO-6	PALBOCICLIB	0.7438	AUC	lower = more sensitive	5	SCBO-6_Organoid_P1,SCBO-6_Organoid_P15,SCBO-6_Organoid_P4,SCBO-6_Organoid_P9,SCBO-6_Parental
SCBO-1	PD-173074	0.691	AUC	lower = more sensitive	4	SCBO-1_Organoid_P1,SCBO-1_Organoid_P11,SCBO-1_Organoid_P7,SCBO-1_Parental
SCBO-10	PD-173074	0.6232	AUC	lower = more sensitive	6	SCBO-10_Organoid_P0,SCBO-10_Organoid_P13,SCBO-10_Organoid_P17,SCBO-10_Organoid_P5,SCBO-10_Organoid_P9,SCBO-10_Parental
SCBO-11	PD-173074	0.7533	AUC	lower = more sensitive	7	SCBO-11_Organoid_P1,SCBO-11_Organoid_P12,SCBO-11_Organoid_P16,SCBO-11_Organoid_P20,SCBO-11_Organoid_P5,SCBO-11_Organoid_P8,SCBO-11_Parental
SCBO-11_2	PD-173074	0.7013	AUC	lower = more sensitive	4	SCBO-11_2_Organoid_P16,SCBO-11_2_Organoid_P3,SCBO-11_2_Organoid_P8,SCBO-11_2_Parental
SCBO-2	PD-173074	0.7362	AUC	lower = more sensitive	7	SCBO-2_Organoid_P1,SCBO-2_Organoid_P11,SCBO-2_Organoid_P5,SCBO-2_Parental_1,SCBO-2_Parental_2,SCBO-2_Parental_3,SCBO-2_Parental_4
SCBO-3	PD-173074	0.7268	AUC	lower = more sensitive	8	SCBO-3_Organoid_P1,SCBO-3_Organoid_P14,SCBO-3_Organoid_P4,SCBO-3_Organoid_P8,SCBO-3_Parental,SMBO-3_Organoid_P4,SMBO-3_Organoid_P6,SMBO-3_Parental
SCBO-3_2	PD-173074	0.8519	AUC	lower = more sensitive	5	SCBO-3_2_Organoid_P1,SCBO-3_2_Organoid_P14,SCBO-3_2_Organoid_P4,SCBO-3_2_Organoid_P8,SCBO-3_2_Parental
SCBO-4	PD-173074	0.6256	AUC	lower = more sensitive	4	SCBO-4_Organoid_P1,SCBO-4_Organoid_P10,SCBO-4_Organoid_P13,SCBO-4_Parental
SCBO-5	PD-173074	0.699	AUC	lower = more sensitive	7	SCBO-5_Organoid_P1,SCBO-5_Organoid_P10,SCBO-5_Organoid_P13,SCBO-5_Organoid_P15,SCBO-5_Organoid_P3,SCBO-5_Organoid_P6,SCBO-5_Parental
SCBO-6	PD-173074	0.6663	AUC	lower = more sensitive	5	SCBO-6_Organoid_P1,SCBO-6_Organoid_P15,SCBO-6_Organoid_P4,SCBO-6_Organoid_P9,SCBO-6_Parental
SCBO-8	PD-173074	0.8175	AUC	lower = more sensitive	6	SCBO-8_Organoid_P11,SCBO-8_Organoid_P15,SCBO-8_Organoid_P19,SCBO-8_Organoid_P3,SCBO-8_Organoid_P7,SCBO-8_Parental
SCBO-1	PF-477736	0.6102	AUC	lower = more sensitive	4	SCBO-1_Organoid_P1,SCBO-1_Organoid_P11,SCBO-1_Organoid_P7,SCBO-1_Parental
SCBO-11	PF-477736	0.7498	AUC	lower = more sensitive	7	SCBO-11_Organoid_P1,SCBO-11_Organoid_P12,SCBO-11_Organoid_P16,SCBO-11_Organoid_P20,SCBO-11_Organoid_P5,SCBO-11_Organoid_P8,SCBO-11_Parental
SCBO-11_2	PF-477736	0.7915	AUC	lower = more sensitive	4	SCBO-11_2_Organoid_P16,SCBO-11_2_Organoid_P3,SCBO-11_2_Organoid_P8,SCBO-11_2_Parental
SCBO-2	PF-477736	0.8238	AUC	lower = more sensitive	7	SCBO-2_Organoid_P1,SCBO-2_Organoid_P11,SCBO-2_Organoid_P5,SCBO-2_Parental_1,SCBO-2_Parental_2,SCBO-2_Parental_3,SCBO-2_Parental_4
SCBO-3	PF-477736	0.8497	AUC	lower = more sensitive	8	SCBO-3_Organoid_P1,SCBO-3_Organoid_P14,SCBO-3_Organoid_P4,SCBO-3_Organoid_P8,SCBO-3_Parental,SMBO-3_Organoid_P4,SMBO-3_Organoid_P6,SMBO-3_Parental
SCBO-3_2	PF-477736	0.8388	AUC	lower = more sensitive	5	SCBO-3_2_Organoid_P1,SCBO-3_2_Organoid_P14,SCBO-3_2_Organoid_P4,SCBO-3_2_Organoid_P8,SCBO-3_2_Parental
SCBO-4	PF-477736	0.8357	AUC	lower = more sensitive	4	SCBO-4_Organoid_P1,SCBO-4_Organoid_P10,SCBO-4_Organoid_P13,SCBO-4_Parental
SCBO-5	PF-477736	0.6196	AUC	lower = more sensitive	7	SCBO-5_Organoid_P1,SCBO-5_Organoid_P10,SCBO-5_Organoid_P13,SCBO-5_Organoid_P15,SCBO-5_Organoid_P3,SCBO-5_Organoid_P6,SCBO-5_Parental
SCBO-6	PF-477736	0.7434	AUC	lower = more sensitive	5	SCBO-6_Organoid_P1,SCBO-6_Organoid_P15,SCBO-6_Organoid_P4,SCBO-6_Organoid_P9,SCBO-6_Parental
SCBO-1	PICTILISIB	0.6052	AUC	lower = more sensitive	4	SCBO-1_Organoid_P1,SCBO-1_Organoid_P11,SCBO-1_Organoid_P7,SCBO-1_Parental
SCBO-11	PICTILISIB	0.699	AUC	lower = more sensitive	7	SCBO-11_Organoid_P1,SCBO-11_Organoid_P12,SCBO-11_Organoid_P16,SCBO-11_Organoid_P20,SCBO-11_Organoid_P5,SCBO-11_Organoid_P8,SCBO-11_Parental
SCBO-11_2	PICTILISIB	0.7368	AUC	lower = more sensitive	4	SCBO-11_2_Organoid_P16,SCBO-11_2_Organoid_P3,SCBO-11_2_Organoid_P8,SCBO-11_2_Parental
SCBO-2	PICTILISIB	0.7117	AUC	lower = more sensitive	7	SCBO-2_Organoid_P1,SCBO-2_Organoid_P11,SCBO-2_Organoid_P5,SCBO-2_Parental_1,SCBO-2_Parental_2,SCBO-2_Parental_3,SCBO-2_Parental_4
SCBO-3	PICTILISIB	0.6477	AUC	lower = more sensitive	8	SCBO-3_Organoid_P1,SCBO-3_Organoid_P14,SCBO-3_Organoid_P4,SCBO-3_Organoid_P8,SCBO-3_Parental,SMBO-3_Organoid_P4,SMBO-3_Organoid_P6,SMBO-3_Parental
SCBO-3_2	PICTILISIB	0.687	AUC	lower = more sensitive	5	SCBO-3_2_Organoid_P1,SCBO-3_2_Organoid_P14,SCBO-3_2_Organoid_P4,SCBO-3_2_Organoid_P8,SCBO-3_2_Parental
SCBO-4	PICTILISIB	0.6597	AUC	lower = more sensitive	4	SCBO-4_Organoid_P1,SCBO-4_Organoid_P10,SCBO-4_Organoid_P13,SCBO-4_Parental
SCBO-5	PICTILISIB	0.6403	AUC	lower = more sensitive	7	SCBO-5_Organoid_P1,SCBO-5_Organoid_P10,SCBO-5_Organoid_P13,SCBO-5_Organoid_P15,SCBO-5_Organoid_P3,SCBO-5_Organoid_P6,SCBO-5_Parental
SCBO-6	PICTILISIB	0.6449	AUC	lower = more sensitive	5	SCBO-6_Organoid_P1,SCBO-6_Organoid_P15,SCBO-6_Organoid_P4,SCBO-6_Organoid_P9,SCBO-6_Parental
SCBO-1	PLX-4720	0.9141	AUC	lower = more sensitive	4	SCBO-1_Organoid_P1,SCBO-1_Organoid_P11,SCBO-1_Organoid_P7,SCBO-1_Parental
SCBO-11	PLX-4720	0.7822	AUC	lower = more sensitive	7	SCBO-11_Organoid_P1,SCBO-11_Organoid_P12,SCBO-11_Organoid_P16,SCBO-11_Organoid_P20,SCBO-11_Organoid_P5,SCBO-11_Organoid_P8,SCBO-11_Parental
SCBO-11_2	PLX-4720	0.7958	AUC	lower = more sensitive	4	SCBO-11_2_Organoid_P16,SCBO-11_2_Organoid_P3,SCBO-11_2_Organoid_P8,SCBO-11_2_Parental
SCBO-2	PLX-4720	0.7998	AUC	lower = more sensitive	7	SCBO-2_Organoid_P1,SCBO-2_Organoid_P11,SCBO-2_Organoid_P5,SCBO-2_Parental_1,SCBO-2_Parental_2,SCBO-2_Parental_3,SCBO-2_Parental_4
SCBO-3	PLX-4720	0.8264	AUC	lower = more sensitive	8	SCBO-3_Organoid_P1,SCBO-3_Organoid_P14,SCBO-3_Organoid_P4,SCBO-3_Organoid_P8,SCBO-3_Parental,SMBO-3_Organoid_P4,SMBO-3_Organoid_P6,SMBO-3_Parental
SCBO-3_2	PLX-4720	0.9765	AUC	lower = more sensitive	5	SCBO-3_2_Organoid_P1,SCBO-3_2_Organoid_P14,SCBO-3_2_Organoid_P4,SCBO-3_2_Organoid_P8,SCBO-3_2_Parental
SCBO-4	PLX-4720	0.8389	AUC	lower = more sensitive	4	SCBO-4_Organoid_P1,SCBO-4_Organoid_P10,SCBO-4_Organoid_P13,SCBO-4_Parental
SCBO-5	PLX-4720	0.8748	AUC	lower = more sensitive	7	SCBO-5_Organoid_P1,SCBO-5_Organoid_P10,SCBO-5_Organoid_P13,SCBO-5_Organoid_P15,SCBO-5_Organoid_P3,SCBO-5_Organoid_P6,SCBO-5_Parental
SCBO-6	PLX-4720	0.7804	AUC	lower = more sensitive	5	SCBO-6_Organoid_P1,SCBO-6_Organoid_P15,SCBO-6_Organoid_P4,SCBO-6_Organoid_P9,SCBO-6_Parental
SCBO-1	RUXOLITINIB	0.7999	AUC	lower = more sensitive	4	SCBO-1_Organoid_P1,SCBO-1_Organoid_P11,SCBO-1_Organoid_P7,SCBO-1_Parental
SCBO-11	RUXOLITINIB	0.8214	AUC	lower = more sensitive	7	SCBO-11_Organoid_P1,SCBO-11_Organoid_P12,SCBO-11_Organoid_P16,SCBO-11_Organoid_P20,SCBO-11_Organoid_P5,SCBO-11_Organoid_P8,SCBO-11_Parental
SCBO-11_2	RUXOLITINIB	0.8129	AUC	lower = more sensitive	4	SCBO-11_2_Organoid_P16,SCBO-11_2_Organoid_P3,SCBO-11_2_Organoid_P8,SCBO-11_2_Parental
SCBO-2	RUXOLITINIB	0.7889	AUC	lower = more sensitive	7	SCBO-2_Organoid_P1,SCBO-2_Organoid_P11,SCBO-2_Organoid_P5,SCBO-2_Parental_1,SCBO-2_Parental_2,SCBO-2_Parental_3,SCBO-2_Parental_4
SCBO-3	RUXOLITINIB	0.781	AUC	lower = more sensitive	8	SCBO-3_Organoid_P1,SCBO-3_Organoid_P14,SCBO-3_Organoid_P4,SCBO-3_Organoid_P8,SCBO-3_Parental,SMBO-3_Organoid_P4,SMBO-3_Organoid_P6,SMBO-3_Parental
SCBO-3_2	RUXOLITINIB	0.8265	AUC	lower = more sensitive	5	SCBO-3_2_Organoid_P1,SCBO-3_2_Organoid_P14,SCBO-3_2_Organoid_P4,SCBO-3_2_Organoid_P8,SCBO-3_2_Parental
SCBO-4	RUXOLITINIB	0.7802	AUC	lower = more sensitive	4	SCBO-4_Organoid_P1,SCBO-4_Organoid_P10,SCBO-4_Organoid_P13,SCBO-4_Parental
SCBO-5	RUXOLITINIB	0.7943	AUC	lower = more sensitive	7	SCBO-5_Organoid_P1,SCBO-5_Organoid_P10,SCBO-5_Organoid_P13,SCBO-5_Organoid_P15,SCBO-5_Organoid_P3,SCBO-5_Organoid_P6,SCBO-5_Parental
SCBO-6	RUXOLITINIB	0.8234	AUC	lower = more sensitive	5	SCBO-6_Organoid_P1,SCBO-6_Organoid_P15,SCBO-6_Organoid_P4,SCBO-6_Organoid_P9,SCBO-6_Parental
SCBO-1	SAPITINIB	0.5762	AUC	lower = more sensitive	4	SCBO-1_Organoid_P1,SCBO-1_Organoid_P11,SCBO-1_Organoid_P7,SCBO-1_Parental
SCBO-10	SAPITINIB	0.79	AUC	lower = more sensitive	6	SCBO-10_Organoid_P0,SCBO-10_Organoid_P13,SCBO-10_Organoid_P17,SCBO-10_Organoid_P5,SCBO-10_Organoid_P9,SCBO-10_Parental
SCBO-11	SAPITINIB	0.5364	AUC	lower = more sensitive	7	SCBO-11_Organoid_P1,SCBO-11_Organoid_P12,SCBO-11_Organoid_P16,SCBO-11_Organoid_P20,SCBO-11_Organoid_P5,SCBO-11_Organoid_P8,SCBO-11_Parental
SCBO-11_2	SAPITINIB	0.5442	AUC	lower = more sensitive	4	SCBO-11_2_Organoid_P16,SCBO-11_2_Organoid_P3,SCBO-11_2_Organoid_P8,SCBO-11_2_Parental
SCBO-2	SAPITINIB	0.7655	AUC	lower = more sensitive	7	SCBO-2_Organoid_P1,SCBO-2_Organoid_P11,SCBO-2_Organoid_P5,SCBO-2_Parental_1,SCBO-2_Parental_2,SCBO-2_Parental_3,SCBO-2_Parental_4
SCBO-3	SAPITINIB	0.5106	AUC	lower = more sensitive	8	SCBO-3_Organoid_P1,SCBO-3_Organoid_P14,SCBO-3_Organoid_P4,SCBO-3_Organoid_P8,SCBO-3_Parental,SMBO-3_Organoid_P4,SMBO-3_Organoid_P6,SMBO-3_Parental
SCBO-3_2	SAPITINIB	0.721	AUC	lower = more sensitive	5	SCBO-3_2_Organoid_P1,SCBO-3_2_Organoid_P14,SCBO-3_2_Organoid_P4,SCBO-3_2_Organoid_P8,SCBO-3_2_Parental
SCBO-4	SAPITINIB	0.7755	AUC	lower = more sensitive	4	SCBO-4_Organoid_P1,SCBO-4_Organoid_P10,SCBO-4_Organoid_P13,SCBO-4_Parental
SCBO-5	SAPITINIB	0.4787	AUC	lower = more sensitive	7	SCBO-5_Organoid_P1,SCBO-5_Organoid_P10,SCBO-5_Organoid_P13,SCBO-5_Organoid_P15,SCBO-5_Organoid_P3,SCBO-5_Organoid_P6,SCBO-5_Parental
SCBO-6	SAPITINIB	0.7647	AUC	lower = more sensitive	5	SCBO-6_Organoid_P1,SCBO-6_Organoid_P15,SCBO-6_Organoid_P4,SCBO-6_Organoid_P9,SCBO-6_Parental
SCBO-8	SAPITINIB	0.6785	AUC	lower = more sensitive	6	SCBO-8_Organoid_P11,SCBO-8_Organoid_P15,SCBO-8_Organoid_P19,SCBO-8_Organoid_P3,SCBO-8_Organoid_P7,SCBO-8_Parental
SCBO-1	SCH-772984	0.612	AUC	lower = more sensitive	4	SCBO-1_Organoid_P1,SCBO-1_Organoid_P11,SCBO-1_Organoid_P7,SCBO-1_Parental
SCBO-10	SCH-772984	0.8538	AUC	lower = more sensitive	6	SCBO-10_Organoid_P0,SCBO-10_Organoid_P13,SCBO-10_Organoid_P17,SCBO-10_Organoid_P5,SCBO-10_Organoid_P9,SCBO-10_Parental
SCBO-11	SCH-772984	0.6619	AUC	lower = more sensitive	7	SCBO-11_Organoid_P1,SCBO-11_Organoid_P12,SCBO-11_Organoid_P16,SCBO-11_Organoid_P20,SCBO-11_Organoid_P5,SCBO-11_Organoid_P8,SCBO-11_Parental
SCBO-11_2	SCH-772984	0.6431	AUC	lower = more sensitive	4	SCBO-11_2_Organoid_P16,SCBO-11_2_Organoid_P3,SCBO-11_2_Organoid_P8,SCBO-11_2_Parental
SCBO-2	SCH-772984	0.8038	AUC	lower = more sensitive	7	SCBO-2_Organoid_P1,SCBO-2_Organoid_P11,SCBO-2_Organoid_P5,SCBO-2_Parental_1,SCBO-2_Parental_2,SCBO-2_Parental_3,SCBO-2_Parental_4
SCBO-3	SCH-772984	0.5719	AUC	lower = more sensitive	8	SCBO-3_Organoid_P1,SCBO-3_Organoid_P14,SCBO-3_Organoid_P4,SCBO-3_Organoid_P8,SCBO-3_Parental,SMBO-3_Organoid_P4,SMBO-3_Organoid_P6,SMBO-3_Parental
SCBO-3_2	SCH-772984	0.8189	AUC	lower = more sensitive	5	SCBO-3_2_Organoid_P1,SCBO-3_2_Organoid_P14,SCBO-3_2_Organoid_P4,SCBO-3_2_Organoid_P8,SCBO-3_2_Parental
SCBO-4	SCH-772984	0.8477	AUC	lower = more sensitive	4	SCBO-4_Organoid_P1,SCBO-4_Organoid_P10,SCBO-4_Organoid_P13,SCBO-4_Parental
SCBO-5	SCH-772984	0.574	AUC	lower = more sensitive	7	SCBO-5_Organoid_P1,SCBO-5_Organoid_P10,SCBO-5_Organoid_P13,SCBO-5_Organoid_P15,SCBO-5_Organoid_P3,SCBO-5_Organoid_P6,SCBO-5_Parental
SCBO-6	SCH-772984	0.8723	AUC	lower = more sensitive	5	SCBO-6_Organoid_P1,SCBO-6_Organoid_P15,SCBO-6_Organoid_P4,SCBO-6_Organoid_P9,SCBO-6_Parental
SCBO-8	SCH-772984	0.8487	AUC	lower = more sensitive	6	SCBO-8_Organoid_P11,SCBO-8_Organoid_P15,SCBO-8_Organoid_P19,SCBO-8_Organoid_P3,SCBO-8_Organoid_P7,SCBO-8_Parental
SCBO-1	SELUMETINIB	0.6107	AUC	lower = more sensitive	4	SCBO-1_Organoid_P1,SCBO-1_Organoid_P11,SCBO-1_Organoid_P7,SCBO-1_Parental
SCBO-10	SELUMETINIB	0.8473	AUC	lower = more sensitive	6	SCBO-10_Organoid_P0,SCBO-10_Organoid_P13,SCBO-10_Organoid_P17,SCBO-10_Organoid_P5,SCBO-10_Organoid_P9,SCBO-10_Parental
SCBO-11	SELUMETINIB	0.6332	AUC	lower = more sensitive	7	SCBO-11_Organoid_P1,SCBO-11_Organoid_P12,SCBO-11_Organoid_P16,SCBO-11_Organoid_P20,SCBO-11_Organoid_P5,SCBO-11_Organoid_P8,SCBO-11_Parental
SCBO-11_2	SELUMETINIB	0.6471	AUC	lower = more sensitive	4	SCBO-11_2_Organoid_P16,SCBO-11_2_Organoid_P3,SCBO-11_2_Organoid_P8,SCBO-11_2_Parental
SCBO-2	SELUMETINIB	0.7881	AUC	lower = more sensitive	7	SCBO-2_Organoid_P1,SCBO-2_Organoid_P11,SCBO-2_Organoid_P5,SCBO-2_Parental_1,SCBO-2_Parental_2,SCBO-2_Parental_3,SCBO-2_Parental_4
SCBO-3	SELUMETINIB	0.6393	AUC	lower = more sensitive	8	SCBO-3_Organoid_P1,SCBO-3_Organoid_P14,SCBO-3_Organoid_P4,SCBO-3_Organoid_P8,SCBO-3_Parental,SMBO-3_Organoid_P4,SMBO-3_Organoid_P6,SMBO-3_Parental
SCBO-3_2	SELUMETINIB	0.7904	AUC	lower = more sensitive	5	SCBO-3_2_Organoid_P1,SCBO-3_2_Organoid_P14,SCBO-3_2_Organoid_P4,SCBO-3_2_Organoid_P8,SCBO-3_2_Parental
SCBO-4	SELUMETINIB	0.7553	AUC	lower = more sensitive	4	SCBO-4_Organoid_P1,SCBO-4_Organoid_P10,SCBO-4_Organoid_P13,SCBO-4_Parental
SCBO-5	SELUMETINIB	0.6667	AUC	lower = more sensitive	7	SCBO-5_Organoid_P1,SCBO-5_Organoid_P10,SCBO-5_Organoid_P13,SCBO-5_Organoid_P15,SCBO-5_Organoid_P3,SCBO-5_Organoid_P6,SCBO-5_Parental
SCBO-6	SELUMETINIB	0.7764	AUC	lower = more sensitive	5	SCBO-6_Organoid_P1,SCBO-6_Organoid_P15,SCBO-6_Organoid_P4,SCBO-6_Organoid_P9,SCBO-6_Parental
SCBO-8	SELUMETINIB	0.8031	AUC	lower = more sensitive	6	SCBO-8_Organoid_P11,SCBO-8_Organoid_P15,SCBO-8_Organoid_P19,SCBO-8_Organoid_P3,SCBO-8_Organoid_P7,SCBO-8_Parental
SCBO-1	SIROLIMUS	0.646	AUC	lower = more sensitive	4	SCBO-1_Organoid_P1,SCBO-1_Organoid_P11,SCBO-1_Organoid_P7,SCBO-1_Parental
SCBO-11	SIROLIMUS	0.7256	AUC	lower = more sensitive	7	SCBO-11_Organoid_P1,SCBO-11_Organoid_P12,SCBO-11_Organoid_P16,SCBO-11_Organoid_P20,SCBO-11_Organoid_P5,SCBO-11_Organoid_P8,SCBO-11_Parental
SCBO-11_2	SIROLIMUS	0.7485	AUC	lower = more sensitive	4	SCBO-11_2_Organoid_P16,SCBO-11_2_Organoid_P3,SCBO-11_2_Organoid_P8,SCBO-11_2_Parental
SCBO-2	SIROLIMUS	0.7682	AUC	lower = more sensitive	7	SCBO-2_Organoid_P1,SCBO-2_Organoid_P11,SCBO-2_Organoid_P5,SCBO-2_Parental_1,SCBO-2_Parental_2,SCBO-2_Parental_3,SCBO-2_Parental_4
SCBO-3	SIROLIMUS	0.737	AUC	lower = more sensitive	8	SCBO-3_Organoid_P1,SCBO-3_Organoid_P14,SCBO-3_Organoid_P4,SCBO-3_Organoid_P8,SCBO-3_Parental,SMBO-3_Organoid_P4,SMBO-3_Organoid_P6,SMBO-3_Parental
SCBO-3_2	SIROLIMUS	0.6725	AUC	lower = more sensitive	5	SCBO-3_2_Organoid_P1,SCBO-3_2_Organoid_P14,SCBO-3_2_Organoid_P4,SCBO-3_2_Organoid_P8,SCBO-3_2_Parental
SCBO-4	SIROLIMUS	0.6857	AUC	lower = more sensitive	4	SCBO-4_Organoid_P1,SCBO-4_Organoid_P10,SCBO-4_Organoid_P13,SCBO-4_Parental
SCBO-5	SIROLIMUS	0.7454	AUC	lower = more sensitive	7	SCBO-5_Organoid_P1,SCBO-5_Organoid_P10,SCBO-5_Organoid_P13,SCBO-5_Organoid_P15,SCBO-5_Organoid_P3,SCBO-5_Organoid_P6,SCBO-5_Parental
SCBO-6	SIROLIMUS	0.6432	AUC	lower = more sensitive	5	SCBO-6_Organoid_P1,SCBO-6_Organoid_P15,SCBO-6_Organoid_P4,SCBO-6_Organoid_P9,SCBO-6_Parental
SCBO-1	TALAZOPARIB	0.9272	AUC	lower = more sensitive	4	SCBO-1_Organoid_P1,SCBO-1_Organoid_P11,SCBO-1_Organoid_P7,SCBO-1_Parental
SCBO-11	TALAZOPARIB	0.9666	AUC	lower = more sensitive	7	SCBO-11_Organoid_P1,SCBO-11_Organoid_P12,SCBO-11_Organoid_P16,SCBO-11_Organoid_P20,SCBO-11_Organoid_P5,SCBO-11_Organoid_P8,SCBO-11_Parental
SCBO-11_2	TALAZOPARIB	0.9639	AUC	lower = more sensitive	4	SCBO-11_2_Organoid_P16,SCBO-11_2_Organoid_P3,SCBO-11_2_Organoid_P8,SCBO-11_2_Parental
SCBO-2	TALAZOPARIB	0.8467	AUC	lower = more sensitive	7	SCBO-2_Organoid_P1,SCBO-2_Organoid_P11,SCBO-2_Organoid_P5,SCBO-2_Parental_1,SCBO-2_Parental_2,SCBO-2_Parental_3,SCBO-2_Parental_4
SCBO-3	TALAZOPARIB	0.8945	AUC	lower = more sensitive	8	SCBO-3_Organoid_P1,SCBO-3_Organoid_P14,SCBO-3_Organoid_P4,SCBO-3_Organoid_P8,SCBO-3_Parental,SMBO-3_Organoid_P4,SMBO-3_Organoid_P6,SMBO-3_Parental
SCBO-3_2	TALAZOPARIB	0.874	AUC	lower = more sensitive	5	SCBO-3_2_Organoid_P1,SCBO-3_2_Organoid_P14,SCBO-3_2_Organoid_P4,SCBO-3_2_Organoid_P8,SCBO-3_2_Parental
SCBO-4	TALAZOPARIB	0.9054	AUC	lower = more sensitive	4	SCBO-4_Organoid_P1,SCBO-4_Organoid_P10,SCBO-4_Organoid_P13,SCBO-4_Parental
SCBO-5	TALAZOPARIB	0.7227	AUC	lower = more sensitive	7	SCBO-5_Organoid_P1,SCBO-5_Organoid_P10,SCBO-5_Organoid_P13,SCBO-5_Organoid_P15,SCBO-5_Organoid_P3,SCBO-5_Organoid_P6,SCBO-5_Parental
SCBO-6	TALAZOPARIB	0.8678	AUC	lower = more sensitive	5	SCBO-6_Organoid_P1,SCBO-6_Organoid_P15,SCBO-6_Organoid_P4,SCBO-6_Organoid_P9,SCBO-6_Parental
SCBO-1	TANESPIMYCIN	0.4805	AUC	lower = more sensitive	4	SCBO-1_Organoid_P1,SCBO-1_Organoid_P11,SCBO-1_Organoid_P7,SCBO-1_Parental
SCBO-11	TANESPIMYCIN	0.5068	AUC	lower = more sensitive	7	SCBO-11_Organoid_P1,SCBO-11_Organoid_P12,SCBO-11_Organoid_P16,SCBO-11_Organoid_P20,SCBO-11_Organoid_P5,SCBO-11_Organoid_P8,SCBO-11_Parental
SCBO-11_2	TANESPIMYCIN	0.5782	AUC	lower = more sensitive	4	SCBO-11_2_Organoid_P16,SCBO-11_2_Organoid_P3,SCBO-11_2_Organoid_P8,SCBO-11_2_Parental
SCBO-2	TANESPIMYCIN	0.4534	AUC	lower = more sensitive	7	SCBO-2_Organoid_P1,SCBO-2_Organoid_P11,SCBO-2_Organoid_P5,SCBO-2_Parental_1,SCBO-2_Parental_2,SCBO-2_Parental_3,SCBO-2_Parental_4
SCBO-3	TANESPIMYCIN	0.4081	AUC	lower = more sensitive	8	SCBO-3_Organoid_P1,SCBO-3_Organoid_P14,SCBO-3_Organoid_P4,SCBO-3_Organoid_P8,SCBO-3_Parental,SMBO-3_Organoid_P4,SMBO-3_Organoid_P6,SMBO-3_Parental
SCBO-3_2	TANESPIMYCIN	0.6591	AUC	lower = more sensitive	5	SCBO-3_2_Organoid_P1,SCBO-3_2_Organoid_P14,SCBO-3_2_Organoid_P4,SCBO-3_2_Organoid_P8,SCBO-3_2_Parental
SCBO-4	TANESPIMYCIN	0.5973	AUC	lower = more sensitive	4	SCBO-4_Organoid_P1,SCBO-4_Organoid_P10,SCBO-4_Organoid_P13,SCBO-4_Parental
SCBO-5	TANESPIMYCIN	0.4203	AUC	lower = more sensitive	7	SCBO-5_Organoid_P1,SCBO-5_Organoid_P10,SCBO-5_Organoid_P13,SCBO-5_Organoid_P15,SCBO-5_Organoid_P3,SCBO-5_Organoid_P6,SCBO-5_Parental
SCBO-6	TANESPIMYCIN	0.3905	AUC	lower = more sensitive	5	SCBO-6_Organoid_P1,SCBO-6_Organoid_P15,SCBO-6_Organoid_P4,SCBO-6_Organoid_P9,SCBO-6_Parental
SCBO-1	TRAMETINIB	0.4406	AUC	lower = more sensitive	4	SCBO-1_Organoid_P1,SCBO-1_Organoid_P11,SCBO-1_Organoid_P7,SCBO-1_Parental
SCBO-10	TRAMETINIB	0.7725	AUC	lower = more sensitive	6	SCBO-10_Organoid_P0,SCBO-10_Organoid_P13,SCBO-10_Organoid_P17,SCBO-10_Organoid_P5,SCBO-10_Organoid_P9,SCBO-10_Parental
SCBO-11	TRAMETINIB	0.4956	AUC	lower = more sensitive	7	SCBO-11_Organoid_P1,SCBO-11_Organoid_P12,SCBO-11_Organoid_P16,SCBO-11_Organoid_P20,SCBO-11_Organoid_P5,SCBO-11_Organoid_P8,SCBO-11_Parental
SCBO-11_2	TRAMETINIB	0.5654	AUC	lower = more sensitive	4	SCBO-11_2_Organoid_P16,SCBO-11_2_Organoid_P3,SCBO-11_2_Organoid_P8,SCBO-11_2_Parental
SCBO-2	TRAMETINIB	0.6698	AUC	lower = more sensitive	7	SCBO-2_Organoid_P1,SCBO-2_Organoid_P11,SCBO-2_Organoid_P5,SCBO-2_Parental_1,SCBO-2_Parental_2,SCBO-2_Parental_3,SCBO-2_Parental_4
SCBO-3	TRAMETINIB	0.485	AUC	lower = more sensitive	8	SCBO-3_Organoid_P1,SCBO-3_Organoid_P14,SCBO-3_Organoid_P4,SCBO-3_Organoid_P8,SCBO-3_Parental,SMBO-3_Organoid_P4,SMBO-3_Organoid_P6,SMBO-3_Parental
SCBO-3_2	TRAMETINIB	0.7819	AUC	lower = more sensitive	5	SCBO-3_2_Organoid_P1,SCBO-3_2_Organoid_P14,SCBO-3_2_Organoid_P4,SCBO-3_2_Organoid_P8,SCBO-3_2_Parental
SCBO-4	TRAMETINIB	0.7695	AUC	lower = more sensitive	4	SCBO-4_Organoid_P1,SCBO-4_Organoid_P10,SCBO-4_Organoid_P13,SCBO-4_Parental
SCBO-5	TRAMETINIB	0.3549	AUC	lower = more sensitive	7	SCBO-5_Organoid_P1,SCBO-5_Organoid_P10,SCBO-5_Organoid_P13,SCBO-5_Organoid_P15,SCBO-5_Organoid_P3,SCBO-5_Organoid_P6,SCBO-5_Parental
SCBO-6	TRAMETINIB	0.6711	AUC	lower = more sensitive	5	SCBO-6_Organoid_P1,SCBO-6_Organoid_P15,SCBO-6_Organoid_P4,SCBO-6_Organoid_P9,SCBO-6_Parental
SCBO-8	TRAMETINIB	0.7384	AUC	lower = more sensitive	6	SCBO-8_Organoid_P11,SCBO-8_Organoid_P15,SCBO-8_Organoid_P19,SCBO-8_Organoid_P3,SCBO-8_Organoid_P7,SCBO-8_Parental
SCBO-1	VELIPARIB	0.8712	AUC	lower = more sensitive	4	SCBO-1_Organoid_P1,SCBO-1_Organoid_P11,SCBO-1_Organoid_P7,SCBO-1_Parental
SCBO-11	VELIPARIB	0.9386	AUC	lower = more sensitive	7	SCBO-11_Organoid_P1,SCBO-11_Organoid_P12,SCBO-11_Organoid_P16,SCBO-11_Organoid_P20,SCBO-11_Organoid_P5,SCBO-11_Organoid_P8,SCBO-11_Parental
SCBO-11_2	VELIPARIB	0.9044	AUC	lower = more sensitive	4	SCBO-11_2_Organoid_P16,SCBO-11_2_Organoid_P3,SCBO-11_2_Organoid_P8,SCBO-11_2_Parental
SCBO-2	VELIPARIB	0.896	AUC	lower = more sensitive	7	SCBO-2_Organoid_P1,SCBO-2_Organoid_P11,SCBO-2_Organoid_P5,SCBO-2_Parental_1,SCBO-2_Parental_2,SCBO-2_Parental_3,SCBO-2_Parental_4
SCBO-3	VELIPARIB	0.8874	AUC	lower = more sensitive	8	SCBO-3_Organoid_P1,SCBO-3_Organoid_P14,SCBO-3_Organoid_P4,SCBO-3_Organoid_P8,SCBO-3_Parental,SMBO-3_Organoid_P4,SMBO-3_Organoid_P6,SMBO-3_Parental
SCBO-3_2	VELIPARIB	0.9095	AUC	lower = more sensitive	5	SCBO-3_2_Organoid_P1,SCBO-3_2_Organoid_P14,SCBO-3_2_Organoid_P4,SCBO-3_2_Organoid_P8,SCBO-3_2_Parental
SCBO-4	VELIPARIB	0.9133	AUC	lower = more sensitive	4	SCBO-4_Organoid_P1,SCBO-4_Organoid_P10,SCBO-4_Organoid_P13,SCBO-4_Parental
SCBO-5	VELIPARIB	0.9036	AUC	lower = more sensitive	7	SCBO-5_Organoid_P1,SCBO-5_Organoid_P10,SCBO-5_Organoid_P13,SCBO-5_Organoid_P15,SCBO-5_Organoid_P3,SCBO-5_Organoid_P6,SCBO-5_Parental
SCBO-6	VELIPARIB	0.8895	AUC	lower = more sensitive	5	SCBO-6_Organoid_P1,SCBO-6_Organoid_P15,SCBO-6_Organoid_P4,SCBO-6_Organoid_P9,SCBO-6_Parental
SCBO-1	VINBLASTINE	0.5904	AUC	lower = more sensitive	4	SCBO-1_Organoid_P1,SCBO-1_Organoid_P11,SCBO-1_Organoid_P7,SCBO-1_Parental
SCBO-11	VINBLASTINE	0.7886	AUC	lower = more sensitive	7	SCBO-11_Organoid_P1,SCBO-11_Organoid_P12,SCBO-11_Organoid_P16,SCBO-11_Organoid_P20,SCBO-11_Organoid_P5,SCBO-11_Organoid_P8,SCBO-11_Parental
SCBO-11_2	VINBLASTINE	0.7897	AUC	lower = more sensitive	4	SCBO-11_2_Organoid_P16,SCBO-11_2_Organoid_P3,SCBO-11_2_Organoid_P8,SCBO-11_2_Parental
SCBO-2	VINBLASTINE	0.5699	AUC	lower = more sensitive	7	SCBO-2_Organoid_P1,SCBO-2_Organoid_P11,SCBO-2_Organoid_P5,SCBO-2_Parental_1,SCBO-2_Parental_2,SCBO-2_Parental_3,SCBO-2_Parental_4
SCBO-3	VINBLASTINE	0.5627	AUC	lower = more sensitive	8	SCBO-3_Organoid_P1,SCBO-3_Organoid_P14,SCBO-3_Organoid_P4,SCBO-3_Organoid_P8,SCBO-3_Parental,SMBO-3_Organoid_P4,SMBO-3_Organoid_P6,SMBO-3_Parental
SCBO-3_2	VINBLASTINE	0.7876	AUC	lower = more sensitive	5	SCBO-3_2_Organoid_P1,SCBO-3_2_Organoid_P14,SCBO-3_2_Organoid_P4,SCBO-3_2_Organoid_P8,SCBO-3_2_Parental
SCBO-4	VINBLASTINE	0.5296	AUC	lower = more sensitive	4	SCBO-4_Organoid_P1,SCBO-4_Organoid_P10,SCBO-4_Organoid_P13,SCBO-4_Parental
SCBO-5	VINBLASTINE	0.4931	AUC	lower = more sensitive	7	SCBO-5_Organoid_P1,SCBO-5_Organoid_P10,SCBO-5_Organoid_P13,SCBO-5_Organoid_P15,SCBO-5_Organoid_P3,SCBO-5_Organoid_P6,SCBO-5_Parental
SCBO-6	VINBLASTINE	0.6637	AUC	lower = more sensitive	5	SCBO-6_Organoid_P1,SCBO-6_Organoid_P15,SCBO-6_Organoid_P4,SCBO-6_Organoid_P9,SCBO-6_Parental
SCBO-1	XAV-939	0.9093	AUC	lower = more sensitive	4	SCBO-1_Organoid_P1,SCBO-1_Organoid_P11,SCBO-1_Organoid_P7,SCBO-1_Parental
SCBO-11	XAV-939	0.863	AUC	lower = more sensitive	7	SCBO-11_Organoid_P1,SCBO-11_Organoid_P12,SCBO-11_Organoid_P16,SCBO-11_Organoid_P20,SCBO-11_Organoid_P5,SCBO-11_Organoid_P8,SCBO-11_Parental
SCBO-11_2	XAV-939	0.8689	AUC	lower = more sensitive	4	SCBO-11_2_Organoid_P16,SCBO-11_2_Organoid_P3,SCBO-11_2_Organoid_P8,SCBO-11_2_Parental
SCBO-2	XAV-939	0.9141	AUC	lower = more sensitive	7	SCBO-2_Organoid_P1,SCBO-2_Organoid_P11,SCBO-2_Organoid_P5,SCBO-2_Parental_1,SCBO-2_Parental_2,SCBO-2_Parental_3,SCBO-2_Parental_4
SCBO-3	XAV-939	0.9016	AUC	lower = more sensitive	8	SCBO-3_Organoid_P1,SCBO-3_Organoid_P14,SCBO-3_Organoid_P4,SCBO-3_Organoid_P8,SCBO-3_Parental,SMBO-3_Organoid_P4,SMBO-3_Organoid_P6,SMBO-3_Parental
SCBO-3_2	XAV-939	0.9711	AUC	lower = more sensitive	5	SCBO-3_2_Organoid_P1,SCBO-3_2_Organoid_P14,SCBO-3_2_Organoid_P4,SCBO-3_2_Organoid_P8,SCBO-3_2_Parental
SCBO-4	XAV-939	0.8487	AUC	lower = more sensitive	4	SCBO-4_Organoid_P1,SCBO-4_Organoid_P10,SCBO-4_Organoid_P13,SCBO-4_Parental
SCBO-5	XAV-939	0.9125	AUC	lower = more sensitive	7	SCBO-5_Organoid_P1,SCBO-5_Organoid_P10,SCBO-5_Organoid_P13,SCBO-5_Organoid_P15,SCBO-5_Organoid_P3,SCBO-5_Organoid_P6,SCBO-5_Parental
SCBO-6	XAV-939	0.8071	AUC	lower = more sensitive	5	SCBO-6_Organoid_P1,SCBO-6_Organoid_P15,SCBO-6_Organoid_P4,SCBO-6_Organoid_P9,SCBO-6_Parental
