sample	patient	arm	drug	drugs	setting	response	responder	os_months	os_event	pfs_months	pfs_event	age	sex	randomised	control_arm	clinical_benefit	benefit	trial	mskcc	imdc	tumor_sample_primary_or_metastasis	number_of_prior_therapies	days_from_tumorsample_collection_and_start_of_trial_therapy	purity	tmb_counts	pbrm1	cancer
G138701_RCCBMS-00020-T_v1_RNA_OnPrem	RCC10-20	NIVOLUMAB	NIVOLUMAB	NIVOLUMAB	advanced, previously treated (anti-angiogenic)	SD	0.0	25.34794521	1	12.16438356	1	62.0	Male	False	False	1.0	CB	CM-010	FAVORABLE	NA	PRIMARY	2.0	962.0	NA	NA	NA	kidney renal clear cell carcinoma (advanced)
G138701_RCCBMS-00097-T_v1_RNA_OnPrem	RCC10-97	NIVOLUMAB	NIVOLUMAB	NIVOLUMAB	advanced, previously treated (anti-angiogenic)	PR	1.0	36.5260274	1	5.490410959	1	67.0	Female	False	False	1.0	CB	CM-010	FAVORABLE	NA	PRIMARY	2.0	254.0	0.49	45.0	MUT	kidney renal clear cell carcinoma (advanced)
G138701_RCCBMS-00141-T_v1_RNA_OnPrem	RCC10-141	NIVOLUMAB	NIVOLUMAB	NIVOLUMAB	advanced, previously treated (anti-angiogenic)	PR	1.0	68.54794521	0	61.90684932	0	62.0	Female	False	False	1.0	CB	CM-010	POOR	NA	PRIMARY	1.0	800.0	0.13	23.0	WT	kidney renal clear cell carcinoma (advanced)
G138701_RCCBMS-00099-T_v1_RNA_OnPrem	RCC10-99	NIVOLUMAB	NIVOLUMAB	NIVOLUMAB	advanced, previously treated (anti-angiogenic)	PD	0.0	1.479452055	1	1.249315068	1	60.0	Male	False	False	0.0	NCB	CM-010	FAVORABLE	NA	PRIMARY	3.0	790.0	NA	NA	NA	kidney renal clear cell carcinoma (advanced)
G138701_RCCBMS-00163-T_v1_RNA_OnPrem	RCC10-163	NIVOLUMAB	NIVOLUMAB	NIVOLUMAB	advanced, previously treated (anti-angiogenic)	SD	0.0	63.97808219	0	5.654794521	1	76.0	Male	False	False	NA	ICB	CM-010	INTERMEDIATE	NA	PRIMARY	2.0	1241.0	0.29	48.0	WT	kidney renal clear cell carcinoma (advanced)
G138701_RCCBMS-00053-T_v1_RNA_OnPrem	RCC10-53	NIVOLUMAB	NIVOLUMAB	NIVOLUMAB	advanced, previously treated (anti-angiogenic)	SD	0.0	72.13150685	0	15.41917808	1	46.0	Female	False	False	1.0	CB	CM-010	FAVORABLE	NA	PRIMARY	3.0	2273.0	NA	NA	NA	kidney renal clear cell carcinoma (advanced)
G138701_RCCBMS-00116-T_v1_RNA_OnPrem	RCC10-116	NIVOLUMAB	NIVOLUMAB	NIVOLUMAB	advanced, previously treated (anti-angiogenic)	PD	0.0	5.950684932	1	1.216438356	1	60.0	Male	False	False	0.0	NCB	CM-010	POOR	NA	PRIMARY	2.0	860.0	NA	NA	NA	kidney renal clear cell carcinoma (advanced)
G138701_RCCBMS-00136-T_v1_RNA_OnPrem	RCC10-136	NIVOLUMAB	NIVOLUMAB	NIVOLUMAB	advanced, previously treated (anti-angiogenic)	SD	0.0	35.57260274	1	2.860273973	1	64.0	Male	False	False	NA	ICB	CM-010	INTERMEDIATE	NA	PRIMARY	2.0	1342.0	0.51	242.0	MUT	kidney renal clear cell carcinoma (advanced)
G138701_RCCBMS-00057-T_v1_RNA_OnPrem	RCC10-57	NIVOLUMAB	NIVOLUMAB	NIVOLUMAB	advanced, previously treated (anti-angiogenic)	SD	0.0	39.09041096	1	7.002739726	1	59.0	Male	False	False	NA	ICB	CM-010	INTERMEDIATE	NA	PRIMARY	2.0	3469.0	NA	NA	NA	kidney renal clear cell carcinoma (advanced)
G109543_RCCBMS-00007-T_v1_RNA_OnPrem	RCC10-7	NIVOLUMAB	NIVOLUMAB	NIVOLUMAB	advanced, previously treated (anti-angiogenic)	PR	1.0	73.15068493	0	33.3369863	1	72.0	Male	False	False	1.0	CB	CM-010	FAVORABLE	NA	PRIMARY	3.0	252.0	NA	NA	NA	kidney renal clear cell carcinoma (advanced)
G138701_RCCBMS-00008-T_v1_RNA_OnPrem	RCC10-8	NIVOLUMAB	NIVOLUMAB	NIVOLUMAB	advanced, previously treated (anti-angiogenic)	PD	0.0	1.183561644	1	0.953424658	1	63.0	Female	False	False	0.0	NCB	CM-010	INTERMEDIATE	NA	PRIMARY	1.0	49.0	NA	NA	NA	kidney renal clear cell carcinoma (advanced)
G138701_RCCBMS-00065-T_v1_RNA_OnPrem	RCC10-65	NIVOLUMAB	NIVOLUMAB	NIVOLUMAB	advanced, previously treated (anti-angiogenic)	PD	0.0	13.05205479	1	1.380821918	1	63.0	Female	False	False	0.0	NCB	CM-010	POOR	NA	PRIMARY	1.0	3779.0	NA	NA	NA	kidney renal clear cell carcinoma (advanced)
G138701_RCCBMS-00110-T_v1_RNA_OnPrem	RCC10-110	NIVOLUMAB	NIVOLUMAB	NIVOLUMAB	advanced, previously treated (anti-angiogenic)	SD	0.0	9.435616438	1	2.104109589	1	64.0	Female	False	False	NA	ICB	CM-010	FAVORABLE	NA	PRIMARY	3.0	3918.0	NA	NA	NA	kidney renal clear cell carcinoma (advanced)
G138701_RCCBMS-00111-T_v1_RNA_OnPrem	RCC10-111	NIVOLUMAB	NIVOLUMAB	NIVOLUMAB	advanced, previously treated (anti-angiogenic)	PD	0.0	4.043835616	1	1.41369863	1	81.0	Male	False	False	0.0	NCB	CM-010	INTERMEDIATE	NA	PRIMARY	2.0	714.0	NA	NA	NA	kidney renal clear cell carcinoma (advanced)
G109543_RCCBMS-00147-T_v1_RNA_OnPrem	RCC10-147	NIVOLUMAB	NIVOLUMAB	NIVOLUMAB	advanced, previously treated (anti-angiogenic)	PD	0.0	1.97260274	1	1.97260274	1	57.0	Male	False	False	0.0	NCB	CM-010	POOR	NA	PRIMARY	3.0	778.0	0.4	44.0	WT	kidney renal clear cell carcinoma (advanced)
G138701_RCCBMS-00044-T_v1_RNA_OnPrem	RCC10-44	NIVOLUMAB	NIVOLUMAB	NIVOLUMAB	advanced, previously treated (anti-angiogenic)	PD	0.0	4.536986301	1	1.643835616	1	56.0	Female	False	False	0.0	NCB	CM-010	INTERMEDIATE	NA	PRIMARY	3.0	1624.0	0.51	20.0	WT	kidney renal clear cell carcinoma (advanced)
G138701_RCCBMS-00084-T_v1_RNA_OnPrem	RCC10-84	NIVOLUMAB	NIVOLUMAB	NIVOLUMAB	advanced, previously treated (anti-angiogenic)	PD	0.0	56.71232877	1	1.380821918	1	60.0	Female	False	False	0.0	NCB	CM-010	INTERMEDIATE	NA	PRIMARY	2.0	405.0	NA	31.0	WT	kidney renal clear cell carcinoma (advanced)
G138701_RCCBMS-00093-T_v1_RNA_OnPrem	RCC10-93	NIVOLUMAB	NIVOLUMAB	NIVOLUMAB	advanced, previously treated (anti-angiogenic)	PD	0.0	5.128767123	1	1.315068493	1	46.0	Male	False	False	0.0	NCB	CM-010	INTERMEDIATE	NA	PRIMARY	3.0	1118.0	0.5	4.0	WT	kidney renal clear cell carcinoma (advanced)
G138701_RCCBMS-00154-T_v1_RNA_OnPrem	RCC10-154	NIVOLUMAB	NIVOLUMAB	NIVOLUMAB	advanced, previously treated (anti-angiogenic)	PR	1.0	46.25753425	1	27.87945205	1	66.0	Male	False	False	1.0	CB	CM-010	FAVORABLE	NA	PRIMARY	2.0	8155.0	0.25	42.0	MUT	kidney renal clear cell carcinoma (advanced)
G138701_RCCBMS-00194-T_v1_RNA_OnPrem	RCC10-194	NIVOLUMAB	NIVOLUMAB	NIVOLUMAB	advanced, previously treated (anti-angiogenic)	PD	0.0	7.989041096	1	1.315068493	1	50.0	Male	False	False	0.0	NCB	CM-010	INTERMEDIATE	NA	PRIMARY	3.0	1156.0	NA	NA	NA	kidney renal clear cell carcinoma (advanced)
G138701_RCCBMS-00028-T_v1_RNA_OnPrem	RCC10-28	NIVOLUMAB	NIVOLUMAB	NIVOLUMAB	advanced, previously treated (anti-angiogenic)	CR	1.0	18.57534247	1	10.84931507	1	51.0	Female	False	False	1.0	CB	CM-010	POOR	NA	PRIMARY	2.0	548.0	0.63	127.0	WT	kidney renal clear cell carcinoma (advanced)
G138701_RCCBMS-00047-T_v1_RNA_OnPrem	RCC10-47	NIVOLUMAB	NIVOLUMAB	NIVOLUMAB	advanced, previously treated (anti-angiogenic)	SD	0.0	64.96438356	1	4.175342466	1	81.0	Male	False	False	NA	ICB	CM-010	INTERMEDIATE	NA	PRIMARY	1.0	1149.0	NA	NA	NA	kidney renal clear cell carcinoma (advanced)
G138701_RCCBMS-00178-T_v1_RNA_OnPrem	RCC10-178	NIVOLUMAB	NIVOLUMAB	NIVOLUMAB	advanced, previously treated (anti-angiogenic)	PR	1.0	8.219178082	1	5.523287671	1	55.0	Male	False	False	1.0	CB	CM-010	INTERMEDIATE	NA	PRIMARY	3.0	1330.0	0.32	25.0	WT	kidney renal clear cell carcinoma (advanced)
G138701_RCCBMS-00068-T_v1_RNA_OnPrem	RCC10-68	NIVOLUMAB	NIVOLUMAB	NIVOLUMAB	advanced, previously treated (anti-angiogenic)	PD	0.0	4.175342466	1	2.202739726	1	60.0	Female	False	False	0.0	NCB	CM-010	FAVORABLE	NA	PRIMARY	2.0	280.0	0.31	21.0	MUT	kidney renal clear cell carcinoma (advanced)
G138701_RCCBMS-00072-T_v1_RNA_OnPrem	RCC10-72	NIVOLUMAB	NIVOLUMAB	NIVOLUMAB	advanced, previously treated (anti-angiogenic)	PR	1.0	60.72328767	0	39.15616438	0	76.0	Male	False	False	1.0	CB	CM-010	FAVORABLE	NA	PRIMARY	2.0	1620.0	NA	NA	NA	kidney renal clear cell carcinoma (advanced)
G138701_RCCBMS-00035-T_v1_RNA_OnPrem	RCC10-35	NIVOLUMAB	NIVOLUMAB	NIVOLUMAB	advanced, previously treated (anti-angiogenic)	PD	0.0	2.95890411	1	1.183561644	1	67.0	Male	False	False	0.0	NCB	CM-010	POOR	NA	PRIMARY	2.0	651.0	0.13	4.0	WT	kidney renal clear cell carcinoma (advanced)
G109543_RCCBMS-00114-T_v1_RNA_OnPrem	RCC10-114	NIVOLUMAB	NIVOLUMAB	NIVOLUMAB	advanced, previously treated (anti-angiogenic)	SD	0.0	15.87945205	1	7.101369863	1	61.0	Male	False	False	1.0	CB	CM-010	POOR	NA	PRIMARY	1.0	1778.0	0.4	52.0	WT	kidney renal clear cell carcinoma (advanced)
G138701_RCCBMS-00125-T_v1_RNA_OnPrem	RCC10-125	NIVOLUMAB	NIVOLUMAB	NIVOLUMAB	advanced, previously treated (anti-angiogenic)	PD	0.0	69.99452055	0	2.630136986	1	59.0	Female	False	False	0.0	NCB	CM-010	INTERMEDIATE	NA	PRIMARY	1.0	1979.0	0.41	34.0	MUT	kidney renal clear cell carcinoma (advanced)
G138701_RCCBMS-00165-T_v1_RNA_OnPrem	RCC10-165	NIVOLUMAB	NIVOLUMAB	NIVOLUMAB	advanced, previously treated (anti-angiogenic)	PD	0.0	50.36712329	1	1.41369863	1	63.0	Male	False	False	0.0	NCB	CM-010	POOR	NA	PRIMARY	1.0	2014.0	NA	NA	NA	kidney renal clear cell carcinoma (advanced)
G138701_RCCBMS-00092-T_v1_RNA_OnPrem	RCC10-92	NIVOLUMAB	NIVOLUMAB	NIVOLUMAB	advanced, previously treated (anti-angiogenic)	PD	0.0	25.31506849	1	1.41369863	1	50.0	Male	False	False	0.0	NCB	CM-010	FAVORABLE	NA	PRIMARY	1.0	447.0	0.36	24.0	WT	kidney renal clear cell carcinoma (advanced)
G138701_RCCBMS-00036-T_v1_RNA_OnPrem	RCC10-36	NIVOLUMAB	NIVOLUMAB	NIVOLUMAB	advanced, previously treated (anti-angiogenic)	PD	0.0	13.38082192	1	0.526027397	1	46.0	Male	False	False	0.0	NCB	CM-010	INTERMEDIATE	NA	PRIMARY	2.0	304.0	NA	NA	NA	kidney renal clear cell carcinoma (advanced)
G138701_RCCBMS-00011-T_v1_RNA_OnPrem	RCC10-11	NIVOLUMAB	NIVOLUMAB	NIVOLUMAB	advanced, previously treated (anti-angiogenic)	SD	0.0	68.90958904	0	8.547945205	1	51.0	Female	False	False	1.0	CB	CM-010	INTERMEDIATE	NA	PRIMARY	2.0	1255.0	0.33	28.0	WT	kidney renal clear cell carcinoma (advanced)
G109543_RCCBMS-00145-T_v1_RNA_OnPrem	RCC10-145	NIVOLUMAB	NIVOLUMAB	NIVOLUMAB	advanced, previously treated (anti-angiogenic)	PD	0.0	25.24931507	1	1.41369863	1	54.0	Male	False	False	0.0	NCB	CM-010	INTERMEDIATE	NA	PRIMARY	3.0	931.0	NA	NA	NA	kidney renal clear cell carcinoma (advanced)
G109543_RCCBMS-00196-T_v1_RNA_OnPrem	RCC10-196	NIVOLUMAB	NIVOLUMAB	NIVOLUMAB	advanced, previously treated (anti-angiogenic)	PD	0.0	50.6630137	1	1.347945205	1	55.0	Female	False	False	0.0	NCB	CM-010	INTERMEDIATE	NA	PRIMARY	3.0	3962.0	NA	NA	NA	kidney renal clear cell carcinoma (advanced)
G138701_RCCBMS-00090-T_v1_RNA_OnPrem	RCC10-90	NIVOLUMAB	NIVOLUMAB	NIVOLUMAB	advanced, previously treated (anti-angiogenic)	SD	0.0	22.71780822	1	2.991780822	1	50.0	Male	False	False	NA	ICB	CM-010	FAVORABLE	NA	PRIMARY	1.0	484.0	0.63	47.0	WT	kidney renal clear cell carcinoma (advanced)
G138701_RCCBMS-00113-T_v1_RNA_OnPrem	RCC10-113	NIVOLUMAB	NIVOLUMAB	NIVOLUMAB	advanced, previously treated (anti-angiogenic)	SD	0.0	68.94246575	0	11.01369863	1	74.0	Male	False	False	1.0	CB	CM-010	FAVORABLE	NA	PRIMARY	2.0	707.0	NA	NA	NA	kidney renal clear cell carcinoma (advanced)
G109543_RCCBMS-00076-T2_v1_RNA_OnPrem	RCC10-76	NIVOLUMAB	NIVOLUMAB	NIVOLUMAB	advanced, previously treated (anti-angiogenic)	PR	1.0	28.20821918	1	6.049315068	0	54.0	Male	False	False	1.0	CB	CM-010	POOR	NA	PRIMARY	2.0	567.0	0.5	58.0	WT	kidney renal clear cell carcinoma (advanced)
G138701_RCCBMS-00098-T_v1_RNA_OnPrem	RCC10-98	NIVOLUMAB	NIVOLUMAB	NIVOLUMAB	advanced, previously treated (anti-angiogenic)	PR	1.0	39.15616438	1	39.15616438	1	69.0	Female	False	False	1.0	CB	CM-010	POOR	NA	PRIMARY	2.0	869.0	0.46	46.0	WT	kidney renal clear cell carcinoma (advanced)
G138701_RCCBMS-00103-T_v1_RNA_OnPrem	RCC10-103	NIVOLUMAB	NIVOLUMAB	NIVOLUMAB	advanced, previously treated (anti-angiogenic)	SD	0.0	13.21643836	0	8.054794521	1	63.0	Male	False	False	1.0	CB	CM-010	FAVORABLE	NA	PRIMARY	2.0	1486.0	0.55	63.0	MUT	kidney renal clear cell carcinoma (advanced)
G138701_RCCBMS-00137-T_v1_RNA_OnPrem	RCC10-137	NIVOLUMAB	NIVOLUMAB	NIVOLUMAB	advanced, previously treated (anti-angiogenic)	PR	1.0	22.84931507	1	9.928767123	1	60.0	Male	False	False	1.0	CB	CM-010	POOR	NA	PRIMARY	2.0	NA	0.61	36.0	WT	kidney renal clear cell carcinoma (advanced)
G109543_RCCBMS-00150-T_v1_RNA_OnPrem	RCC10-150	NIVOLUMAB	NIVOLUMAB	NIVOLUMAB	advanced, previously treated (anti-angiogenic)	PD	0.0	7.956164384	1	1.446575342	1	74.0	Male	False	False	0.0	NCB	CM-010	FAVORABLE	NA	PRIMARY	2.0	4550.0	0.84	58.0	WT	kidney renal clear cell carcinoma (advanced)
G138701_RCCBMS-00191-T_v1_RNA_OnPrem	RCC10-191	NIVOLUMAB	NIVOLUMAB	NIVOLUMAB	advanced, previously treated (anti-angiogenic)	PD	0.0	6.936986301	1	1.347945205	1	58.0	Male	False	False	0.0	NCB	CM-010	INTERMEDIATE	NA	PRIMARY	3.0	1690.0	NA	NA	NA	kidney renal clear cell carcinoma (advanced)
G138701_RCCBMS-00169-T_v1_RNA_OnPrem	RCC10-169	NIVOLUMAB	NIVOLUMAB	NIVOLUMAB	advanced, previously treated (anti-angiogenic)	PR	1.0	61.84109589	0	25.11780822	1	70.0	Female	False	False	1.0	CB	CM-010	FAVORABLE	NA	PRIMARY	1.0	1049.0	0.61	73.0	MUT	kidney renal clear cell carcinoma (advanced)
G138701_RCCBMS-00049-T_v1_RNA_OnPrem	RCC10-49	NIVOLUMAB	NIVOLUMAB	NIVOLUMAB	advanced, previously treated (anti-angiogenic)	SD	0.0	5.22739726	1	4.109589041	1	77.0	Male	False	False	NA	ICB	CM-010	POOR	NA	PRIMARY	2.0	583.0	0.22	30.0	WT	kidney renal clear cell carcinoma (advanced)
G138701_RCCBMS-00025-T_v1_RNA_OnPrem	RCC10-25	NIVOLUMAB	NIVOLUMAB	NIVOLUMAB	advanced, previously treated (anti-angiogenic)	SD	0.0	31.26575342	1	0.032876712	0	69.0	Male	False	False	NA	ICB	CM-010	FAVORABLE	NA	PRIMARY	1.0	1303.0	0.63	99.0	MUT	kidney renal clear cell carcinoma (advanced)
EA639146	RCC25-1024	NIVOLUMAB	NIVOLUMAB	NIVOLUMAB	advanced, previously treated (anti-angiogenic)	NE	NA	5.650924025	1	0.722792608	1	78.0	F	True	False	NA	ICB	CM-025	INTERMEDIATE	INTERMEDIATE	PRIMARY	1.0	53.0	0.19	72.0	WT	kidney renal clear cell carcinoma (advanced)
EA639156	RCC25-1048	EVEROLIMUS	EVEROLIMUS	EVEROLIMUS	advanced, previously treated (anti-angiogenic)	SD	0.0	51.67967146	1	37.74948665	1	56.0	M	True	True	1.0	CB	CM-025	FAVORABLE	FAVORABLE	METASTASIS	1.0	764.0	0.16	35.0	WT	kidney renal clear cell carcinoma (advanced)
P66425-01A-Run1_S1_L001	RCC25-110	EVEROLIMUS	EVEROLIMUS	EVEROLIMUS	advanced, previously treated (anti-angiogenic)	SD	0.0	63.77002053	0	7.195071869	1	58.0	M	True	True	NA	ICB	CM-025	FAVORABLE	FAVORABLE	PRIMARY	1.0	3312.0	0.43	47.0	MUT	kidney renal clear cell carcinoma (advanced)
P66425-02F-Run1_S7_L001	RCC25-117	NIVOLUMAB	NIVOLUMAB	NIVOLUMAB	advanced, previously treated (anti-angiogenic)	PD	0.0	10.87474333	1	0.985626283	1	37.0	F	True	False	0.0	NCB	CM-025	FAVORABLE	FAVORABLE	PRIMARY	1.0	283.0	0.28	18.0	WT	kidney renal clear cell carcinoma (advanced)
P66425-08E-Run1_S6_L001	RCC25-201	EVEROLIMUS	EVEROLIMUS	EVEROLIMUS	advanced, previously treated (anti-angiogenic)	PD	0.0	8.049281314	1	1.938398357	1	69.0	M	True	True	0.0	NCB	CM-025	INTERMEDIATE	INTERMEDIATE	PRIMARY	1.0	3362.0	0.37	69.0	WT	kidney renal clear cell carcinoma (advanced)
P66291-09A-Run1_S10_L001	RCC25-205	NIVOLUMAB	NIVOLUMAB	NIVOLUMAB	advanced, previously treated (anti-angiogenic)	SD	0.0	29.86447639	1	3.843942505	1	45.0	M	True	False	NA	ICB	CM-025	FAVORABLE	INTERMEDIATE	PRIMARY	1.0	NA	NA	NA	NA	kidney renal clear cell carcinoma (advanced)
P66425-08F-Run1_S7_L001	RCC25-516	NIVOLUMAB	NIVOLUMAB	NIVOLUMAB	advanced, previously treated (anti-angiogenic)	CRPR	1.0	50.03696099	1	15.6386037	1	62.0	M	True	False	1.0	CB	CM-025	INTERMEDIATE	INTERMEDIATE	PRIMARY	1.0	1413.0	0.58	59.0	MUT	kidney renal clear cell carcinoma (advanced)
P66507-02A-Run1_S22_L002	RCC25-644	EVEROLIMUS	EVEROLIMUS	EVEROLIMUS	advanced, previously treated (anti-angiogenic)	NE	NA	21.12525667	1	1.511293635	1	60.0	M	True	True	NA	ICB	CM-025	POOR	POOR	PRIMARY	1.0	204.0	NA	NA	NA	kidney renal clear cell carcinoma (advanced)
P66511-05E-Run1_S11_L001	RCC25-932	NIVOLUMAB	NIVOLUMAB	NIVOLUMAB	advanced, previously treated (anti-angiogenic)	PD	0.0	2.135523614	1	1.18275154	1	65.0	M	True	False	0.0	NCB	CM-025	INTERMEDIATE	POOR	PRIMARY	1.0	83.0	NA	NA	NA	kidney renal clear cell carcinoma (advanced)
P66425-08C-Run1_S5_L001	RCC25-96	EVEROLIMUS	EVEROLIMUS	EVEROLIMUS	advanced, previously treated (anti-angiogenic)	PD	0.0	63.27720739	0	1.872689938	1	54.0	M	True	True	0.0	NCB	CM-025	FAVORABLE	FAVORABLE	PRIMARY	1.0	763.0	NA	36.0	WT	kidney renal clear cell carcinoma (advanced)
EA632171	RCC25-142	NIVOLUMAB	NIVOLUMAB	NIVOLUMAB	advanced, previously treated (anti-angiogenic)	SD	0.0	63.40862423	0	3.055441478	1	73.0	M	True	False	NA	ICB	CM-025	FAVORABLE	INTERMEDIATE	METASTASIS	1.0	567.0	NA	NA	NA	kidney renal clear cell carcinoma (advanced)
P66432-02H-Run1_S27_L002	RCC25-279	EVEROLIMUS	EVEROLIMUS	EVEROLIMUS	advanced, previously treated (anti-angiogenic)	SD	0.0	10.34907598	1	5.35523614	1	66.0	M	True	True	NA	ICB	CM-025	INTERMEDIATE	INTERMEDIATE	PRIMARY	1.0	483.0	0.41	56.0	MUT	kidney renal clear cell carcinoma (advanced)
P66425-10A-Run1_S13_L002	RCC25-86	NIVOLUMAB	NIVOLUMAB	NIVOLUMAB	advanced, previously treated (anti-angiogenic)	SD	0.0	11.72895277	1	5.35523614	1	56.0	M	True	False	NA	ICB	CM-025	POOR	POOR	PRIMARY	1.0	276.0	0.37	83.0	WT	kidney renal clear cell carcinoma (advanced)
P66287-07B-Run1_S2_L001	RCC25-362	NIVOLUMAB	NIVOLUMAB	NIVOLUMAB	advanced, previously treated (anti-angiogenic)	CRPR	1.0	59.92607803	0	57.56057495	0	70.0	F	True	False	1.0	CB	CM-025	INTERMEDIATE	INTERMEDIATE	PRIMARY	1.0	NA	NA	NA	NA	kidney renal clear cell carcinoma (advanced)
P66287-12C-Run1_S29_L002	RCC25-737	EVEROLIMUS	EVEROLIMUS	EVEROLIMUS	advanced, previously treated (anti-angiogenic)	SD	0.0	23.55646817	1	16.0	1	69.0	M	True	True	1.0	CB	CM-025	FAVORABLE	FAVORABLE	METASTASIS	1.0	958.0	NA	NA	NA	kidney renal clear cell carcinoma (advanced)
P66287-09H-Run1_S14_L001	RCC25-859	NIVOLUMAB	NIVOLUMAB	NIVOLUMAB	advanced, previously treated (anti-angiogenic)	PD	0.0	17.57700205	1	1.839835729	1	53.0	M	True	False	0.0	NCB	CM-025	INTERMEDIATE	POOR	PRIMARY	1.0	NA	NA	NA	NA	kidney renal clear cell carcinoma (advanced)
P66507-10D-Run1_S4_L001	RCC25-1073	NIVOLUMAB	NIVOLUMAB	NIVOLUMAB	advanced, previously treated (anti-angiogenic)	SD	0.0	38.57084189	1	9.264887064	1	59.0	M	True	False	1.0	CB	CM-025	INTERMEDIATE	INTERMEDIATE	METASTASIS	1.0	501.0	0.28	54.0	WT	kidney renal clear cell carcinoma (advanced)
P66451-07E-Run1_S19_L002	RCC25-145	EVEROLIMUS	EVEROLIMUS	EVEROLIMUS	advanced, previously treated (anti-angiogenic)	SD	0.0	18.4312115	1	4.008213552	1	67.0	M	True	True	NA	ICB	CM-025	INTERMEDIATE	INTERMEDIATE	PRIMARY	2.0	1293.0	0.24	26.0	WT	kidney renal clear cell carcinoma (advanced)
P66291-12D-Run1_S29_L002	RCC25-299	NIVOLUMAB	NIVOLUMAB	NIVOLUMAB	advanced, previously treated (anti-angiogenic)	SD	0.0	57.00205339	0	3.58110883	1	64.0	M	True	False	NA	ICB	CM-025	FAVORABLE	FAVORABLE	PRIMARY	2.0	NA	NA	NA	NA	kidney renal clear cell carcinoma (advanced)
P66507-09C-Run1_S26_L002	RCC25-669	NIVOLUMAB	NIVOLUMAB	NIVOLUMAB	advanced, previously treated (anti-angiogenic)	SD	0.0	6.603696099	1	4.960985626	1	NA	M	True	False	NA	ICB	CM-025	FAVORABLE	FAVORABLE	METASTASIS	1.0	442.0	0.31	25.0	WT	kidney renal clear cell carcinoma (advanced)
P66425-07A-Run1_S1_L001	RCC25-75	EVEROLIMUS	EVEROLIMUS	EVEROLIMUS	advanced, previously treated (anti-angiogenic)	NE	NA	7.12936345	1	0.722792608	1	NA	M	True	True	NA	ICB	CM-025	POOR	INTERMEDIATE	METASTASIS	2.0	13.0	NA	NA	NA	kidney renal clear cell carcinoma (advanced)
P66451-08D-Run1_S23_L002	RCC25-151	EVEROLIMUS	EVEROLIMUS	EVEROLIMUS	advanced, previously treated (anti-angiogenic)	NE	NA	62.39014374	0	0.032854209	0	55.0	M	True	True	NA	ICB	CM-025	INTERMEDIATE	INTERMEDIATE	PRIMARY	1.0	1388.0	0.67	79.0	MUT	kidney renal clear cell carcinoma (advanced)
P66451-09H-Run1_S2_L001	RCC25-207	NIVOLUMAB	NIVOLUMAB	NIVOLUMAB	advanced, previously treated (anti-angiogenic)	SD	0.0	19.77823409	1	5.32238193	1	64.0	M	True	False	NA	ICB	CM-025	FAVORABLE	INTERMEDIATE	PRIMARY	1.0	457.0	0.44	69.0	WT	kidney renal clear cell carcinoma (advanced)
P66425-10G-Run1_S14_L001	RCC25-242	EVEROLIMUS	EVEROLIMUS	EVEROLIMUS	advanced, previously treated (anti-angiogenic)	SD	0.0	61.50308008	0	5.35523614	1	56.0	M	True	True	NA	ICB	CM-025	INTERMEDIATE	INTERMEDIATE	PRIMARY	1.0	258.0	0.58	63.0	MUT	kidney renal clear cell carcinoma (advanced)
P66425-11E-Run1_S12_L001	RCC25-216	EVEROLIMUS	EVEROLIMUS	EVEROLIMUS	advanced, previously treated (anti-angiogenic)	SD	0.0	60.22176591	1	11.137577	1	64.0	F	True	True	1.0	CB	CM-025	FAVORABLE	FAVORABLE	METASTASIS	3.0	743.0	NA	NA	NA	kidney renal clear cell carcinoma (advanced)
EA647814	RCC25-64	NIVOLUMAB	NIVOLUMAB	NIVOLUMAB	advanced, previously treated (anti-angiogenic)	SD	0.0	57.00205339	1	11.137577	1	67.0	M	True	False	1.0	CB	CM-025	INTERMEDIATE	INTERMEDIATE	METASTASIS	2.0	1925.0	NA	NA	NA	kidney renal clear cell carcinoma (advanced)
EA595620	RCC25-214	EVEROLIMUS	EVEROLIMUS	EVEROLIMUS	advanced, previously treated (anti-angiogenic)	SD	0.0	11.49897331	1	7.359342916	1	74.0	M	True	True	1.0	CB	CM-025	POOR	POOR	PRIMARY	1.0	NA	NA	NA	NA	kidney renal clear cell carcinoma (advanced)
EA595647	RCC25-272	NIVOLUMAB	NIVOLUMAB	NIVOLUMAB	advanced, previously treated (anti-angiogenic)	CRPR	1.0	31.83572895	1	29.01026694	1	61.0	M	True	False	1.0	CB	CM-025	FAVORABLE	INTERMEDIATE	PRIMARY	1.0	NA	NA	NA	NA	kidney renal clear cell carcinoma (advanced)
P66282-08A-Run1_S5_L001	RCC25-463	EVEROLIMUS	EVEROLIMUS	EVEROLIMUS	advanced, previously treated (anti-angiogenic)	SD	0.0	35.67967146	1	3.679671458	1	67.0	M	True	True	NA	ICB	CM-025	FAVORABLE	FAVORABLE	METASTASIS	1.0	NA	NA	NA	NA	kidney renal clear cell carcinoma (advanced)
EA595636	RCC25-540	EVEROLIMUS	EVEROLIMUS	EVEROLIMUS	advanced, previously treated (anti-angiogenic)	SD	0.0	6.50513347	1	3.712525667	1	44.0	F	True	True	NA	ICB	CM-025	INTERMEDIATE	INTERMEDIATE	PRIMARY	2.0	NA	NA	NA	NA	kidney renal clear cell carcinoma (advanced)
P66287-11A-Run1_S20_L002	RCC25-995	EVEROLIMUS	EVEROLIMUS	EVEROLIMUS	advanced, previously treated (anti-angiogenic)	SD	0.0	19.67967146	1	5.519507187	1	61.0	M	True	True	NA	ICB	CM-025	INTERMEDIATE	POOR	PRIMARY	1.0	NA	NA	NA	NA	kidney renal clear cell carcinoma (advanced)
P66432-02G-Run1_S26_L002	RCC25-228	EVEROLIMUS	EVEROLIMUS	EVEROLIMUS	advanced, previously treated (anti-angiogenic)	SD	0.0	19.31827515	1	7.359342916	1	43.0	M	True	True	1.0	CB	CM-025	FAVORABLE	FAVORABLE	METASTASIS	3.0	743.0	0.24	291.0	WT	kidney renal clear cell carcinoma (advanced)
P66432-08G-Run1_S26_L002	RCC25-360	NIVOLUMAB	NIVOLUMAB	NIVOLUMAB	advanced, previously treated (anti-angiogenic)	PD	0.0	47.21149897	0	1.80698152	1	75.0	M	True	False	0.0	NCB	CM-025	POOR	POOR	PRIMARY	2.0	3245.0	0.4	118.0	WT	kidney renal clear cell carcinoma (advanced)
EA632753	RCC25-526	EVEROLIMUS	EVEROLIMUS	EVEROLIMUS	advanced, previously treated (anti-angiogenic)	SD	0.0	35.08829569	1	5.782340862	1	63.0	M	True	True	NA	ICB	CM-025	INTERMEDIATE	INTERMEDIATE	METASTASIS	1.0	94.0	0.34	37.0	WT	kidney renal clear cell carcinoma (advanced)
P66451-07C-Run1_S17_L002	RCC25-90	EVEROLIMUS	EVEROLIMUS	EVEROLIMUS	advanced, previously treated (anti-angiogenic)	NE	NA	0.788501027	1	0.525667351	1	62.0	M	True	True	NA	ICB	CM-025	INTERMEDIATE	INTERMEDIATE	PRIMARY	2.0	292.0	NA	NA	NA	kidney renal clear cell carcinoma (advanced)
EA595585	RCC25-939	EVEROLIMUS	EVEROLIMUS	EVEROLIMUS	advanced, previously treated (anti-angiogenic)	NE	NA	18.62833676	0	0.032854209	0	64.0	M	True	True	NA	ICB	CM-025	INTERMEDIATE	INTERMEDIATE	METASTASIS	1.0	NA	0.7	96.0	MUT	kidney renal clear cell carcinoma (advanced)
P66282-10B-Run1_S11_L001	RCC25-434	EVEROLIMUS	EVEROLIMUS	EVEROLIMUS	advanced, previously treated (anti-angiogenic)	SD	0.0	49.08418891	1	9.166324435	1	51.0	F	True	True	1.0	CB	CM-025	FAVORABLE	FAVORABLE	METASTASIS	3.0	NA	0.27	103.0	WT	kidney renal clear cell carcinoma (advanced)
P66511-10H-Run1_S5_L001	RCC25-1069	EVEROLIMUS	EVEROLIMUS	EVEROLIMUS	advanced, previously treated (anti-angiogenic)	PD	0.0	7.359342916	1	1.708418891	1	76.0	M	True	True	0.0	NCB	CM-025	INTERMEDIATE	INTERMEDIATE	PRIMARY	1.0	148.0	0.48	74.0	MUT	kidney renal clear cell carcinoma (advanced)
P66432-03C-Run1_S30_L002	RCC25-398	EVEROLIMUS	EVEROLIMUS	EVEROLIMUS	advanced, previously treated (anti-angiogenic)	PD	0.0	29.73305955	1	1.839835729	1	71.0	M	True	True	0.0	NCB	CM-025	INTERMEDIATE	INTERMEDIATE	METASTASIS	1.0	1096.0	0.18	48.0	WT	kidney renal clear cell carcinoma (advanced)
P66451-06C-Run1_S12_L001	RCC25-480	NIVOLUMAB	NIVOLUMAB	NIVOLUMAB	advanced, previously treated (anti-angiogenic)	SD	0.0	28.25462012	1	7.293634497	1	60.0	M	True	False	1.0	CB	CM-025	INTERMEDIATE	INTERMEDIATE	METASTASIS	2.0	2111.0	0.18	43.0	WT	kidney renal clear cell carcinoma (advanced)
P66451-06G-Run1_S14_L001	RCC25-550	EVEROLIMUS	EVEROLIMUS	EVEROLIMUS	advanced, previously treated (anti-angiogenic)	SD	0.0	19.54825462	1	5.32238193	1	56.0	M	True	True	NA	ICB	CM-025	FAVORABLE	INTERMEDIATE	PRIMARY	1.0	705.0	NA	NA	NA	kidney renal clear cell carcinoma (advanced)
P66287-11C-Run1_S22_L002	RCC25-619	NIVOLUMAB	NIVOLUMAB	NIVOLUMAB	advanced, previously treated (anti-angiogenic)	SD	0.0	16.72279261	1	1.905544148	0	73.0	M	True	False	NA	ICB	CM-025	INTERMEDIATE	INTERMEDIATE	PRIMARY	2.0	NA	0.48	138.0	MUT	kidney renal clear cell carcinoma (advanced)
P66511-04H-Run1_S7_L001	RCC25-872	EVEROLIMUS	EVEROLIMUS	EVEROLIMUS	advanced, previously treated (anti-angiogenic)	SD	0.0	25.85626283	1	9.232032854	1	58.0	F	True	True	NA	ICB	CM-025	FAVORABLE	FAVORABLE	PRIMARY	2.0	487.0	0.49	82.0	WT	kidney renal clear cell carcinoma (advanced)
P66511-06B-Run1_S14_L001	RCC25-1070	EVEROLIMUS	EVEROLIMUS	EVEROLIMUS	advanced, previously treated (anti-angiogenic)	SD	0.0	45.96303901	1	7.490759754	1	59.0	F	True	True	NA	ICB	CM-025	INTERMEDIATE	INTERMEDIATE	PRIMARY	1.0	230.0	0.59	71.0	MUT	kidney renal clear cell carcinoma (advanced)
EA639134	RCC25-996	EVEROLIMUS	EVEROLIMUS	EVEROLIMUS	advanced, previously treated (anti-angiogenic)	PD	0.0	15.21149897	1	1.905544148	1	60.0	M	True	True	0.0	NCB	CM-025	INTERMEDIATE	INTERMEDIATE	PRIMARY	1.0	941.0	0.39	71.0	WT	kidney renal clear cell carcinoma (advanced)
P66451-02A-Run1_S20_L002	RCC25-370	EVEROLIMUS	EVEROLIMUS	EVEROLIMUS	advanced, previously treated (anti-angiogenic)	SD	0.0	8.016427105	1	3.515400411	1	64.0	M	True	True	NA	ICB	CM-025	INTERMEDIATE	INTERMEDIATE	PRIMARY	1.0	3178.0	0.17	36.0	WT	kidney renal clear cell carcinoma (advanced)
P66507-06C-Run1_S10_L001	RCC25-730	EVEROLIMUS	EVEROLIMUS	EVEROLIMUS	advanced, previously treated (anti-angiogenic)	SD	0.0	53.81519507	1	14.78439425	1	53.0	M	True	True	NA	ICB	CM-025	FAVORABLE	INTERMEDIATE	PRIMARY	1.0	903.0	0.5	43.0	WT	kidney renal clear cell carcinoma (advanced)
P66282-01G-Run1_S3_L001	RCC25-593	NIVOLUMAB	NIVOLUMAB	NIVOLUMAB	advanced, previously treated (anti-angiogenic)	CRPR	1.0	57.75770021	0	54.99794661	0	69.0	M	True	False	1.0	CB	CM-025	INTERMEDIATE	POOR	PRIMARY	2.0	NA	NA	NA	NA	kidney renal clear cell carcinoma (advanced)
P66425-06E-Run1_S28_L002	RCC25-515	NIVOLUMAB	NIVOLUMAB	NIVOLUMAB	advanced, previously treated (anti-angiogenic)	SD	0.0	9.067761807	1	5.716632444	1	60.0	M	True	False	NA	ICB	CM-025	POOR	POOR	PRIMARY	1.0	889.0	NA	NA	NA	kidney renal clear cell carcinoma (advanced)
P66432-05G-Run1_S6_L001	RCC25-565	EVEROLIMUS	EVEROLIMUS	EVEROLIMUS	advanced, previously treated (anti-angiogenic)	NE	NA	2.759753593	1	1.577002053	1	79.0	M	True	True	NA	ICB	CM-025	INTERMEDIATE	INTERMEDIATE	METASTASIS	1.0	1556.0	NA	73.0	MUT	kidney renal clear cell carcinoma (advanced)
P66511-10D-Run1_S3_L001	RCC25-679	NIVOLUMAB	NIVOLUMAB	NIVOLUMAB	advanced, previously treated (anti-angiogenic)	PD	0.0	56.31211499	0	1.544147844	1	64.0	M	True	False	0.0	NCB	CM-025	INTERMEDIATE	INTERMEDIATE	METASTASIS	1.0	385.0	NA	NA	NA	kidney renal clear cell carcinoma (advanced)
P66511-06G-Run1_S16_L001	RCC25-794	NIVOLUMAB	NIVOLUMAB	NIVOLUMAB	advanced, previously treated (anti-angiogenic)	SD	0.0	20.36960986	1	9.232032854	1	85.0	M	True	False	NA	ICB	CM-025	INTERMEDIATE	INTERMEDIATE	PRIMARY	1.0	1722.0	0.31	88.0	MUT	kidney renal clear cell carcinoma (advanced)
EA632688	RCC25-372	NIVOLUMAB	NIVOLUMAB	NIVOLUMAB	advanced, previously treated (anti-angiogenic)	CRPR	1.0	59.43326489	0	6.50513347	1	62.0	M	True	False	1.0	CB	CM-025	INTERMEDIATE	INTERMEDIATE	PRIMARY	1.0	1164.0	NA	NA	NA	kidney renal clear cell carcinoma (advanced)
P66425-07C-Run1_S2_L001	RCC25-451	NIVOLUMAB	NIVOLUMAB	NIVOLUMAB	advanced, previously treated (anti-angiogenic)	SD	0.0	22.43942505	1	7.195071869	1	57.0	M	True	False	1.0	CB	CM-025	POOR	POOR	PRIMARY	1.0	17.0	0.58	29.0	WT	kidney renal clear cell carcinoma (advanced)
P66425-06G-Run1_S30_L002	RCC25-596	NIVOLUMAB	NIVOLUMAB	NIVOLUMAB	advanced, previously treated (anti-angiogenic)	CRPR	1.0	22.86652977	1	10.94045175	1	53.0	M	True	False	1.0	CB	CM-025	POOR	POOR	PRIMARY	1.0	213.0	NA	26.0	WT	kidney renal clear cell carcinoma (advanced)
EA647820	RCC25-367	NIVOLUMAB	NIVOLUMAB	NIVOLUMAB	advanced, previously treated (anti-angiogenic)	SD	0.0	36.20533881	1	5.35523614	1	67.0	M	True	False	NA	ICB	CM-025	FAVORABLE	FAVORABLE	PRIMARY	2.0	1558.0	NA	NA	NA	kidney renal clear cell carcinoma (advanced)
P66291-09H-Run1_S15_L001	RCC25-350	EVEROLIMUS	EVEROLIMUS	EVEROLIMUS	advanced, previously treated (anti-angiogenic)	PD	0.0	10.67761807	1	2.069815195	1	72.0	M	True	True	0.0	NCB	CM-025	POOR	INTERMEDIATE	PRIMARY	2.0	NA	NA	NA	NA	kidney renal clear cell carcinoma (advanced)
P66511-04E-Run1_S4_L001	RCC25-879	EVEROLIMUS	EVEROLIMUS	EVEROLIMUS	advanced, previously treated (anti-angiogenic)	NE	NA	1.445585216	1	1.445585216	1	72.0	M	True	True	NA	ICB	CM-025	FAVORABLE	INTERMEDIATE	METASTASIS	2.0	200.0	0.33	55.0	WT	kidney renal clear cell carcinoma (advanced)
EA595632	RCC25-646	NIVOLUMAB	NIVOLUMAB	NIVOLUMAB	advanced, previously treated (anti-angiogenic)	NE	NA	0.295687885	1	0.065708419	1	71.0	M	True	False	NA	ICB	CM-025	INTERMEDIATE	POOR	METASTASIS	1.0	178.0	NA	NA	NA	kidney renal clear cell carcinoma (advanced)
P66451-02H-Run1_S22_L002	RCC25-555	EVEROLIMUS	EVEROLIMUS	EVEROLIMUS	advanced, previously treated (anti-angiogenic)	PD	0.0	7.162217659	1	1.872689938	1	41.0	F	True	True	0.0	NCB	CM-025	POOR	POOR	METASTASIS	1.0	225.0	NA	NA	NA	kidney renal clear cell carcinoma (advanced)
P66511-09B-Run1_S26_L002	RCC25-773	NIVOLUMAB	NIVOLUMAB	NIVOLUMAB	advanced, previously treated (anti-angiogenic)	SD	0.0	55.88501027	0	5.519507187	1	53.0	M	True	False	NA	ICB	CM-025	FAVORABLE	FAVORABLE	PRIMARY	2.0	1229.0	0.38	54.0	MUT	kidney renal clear cell carcinoma (advanced)
P66282-10E-Run1_S12_L002	RCC25-351	NIVOLUMAB	NIVOLUMAB	NIVOLUMAB	advanced, previously treated (anti-angiogenic)	SD	0.0	35.1211499	1	11.40041068	1	62.0	F	True	False	NA	ICB	CM-025	INTERMEDIATE	INTERMEDIATE	PRIMARY	1.0	NA	NA	NA	NA	kidney renal clear cell carcinoma (advanced)
P66282-04H-Run1_S20_L002	RCC25-363	EVEROLIMUS	EVEROLIMUS	EVEROLIMUS	advanced, previously treated (anti-angiogenic)	SD	0.0	51.38398357	1	7.293634497	1	81.0	M	True	True	1.0	CB	CM-025	POOR	INTERMEDIATE	PRIMARY	2.0	NA	NA	NA	NA	kidney renal clear cell carcinoma (advanced)
P66291-08A-Run1_S6_L001	RCC25-490	EVEROLIMUS	EVEROLIMUS	EVEROLIMUS	advanced, previously treated (anti-angiogenic)	SD	0.0	9.49486653	1	8.936344969	1	67.0	F	True	True	1.0	CB	CM-025	POOR	POOR	PRIMARY	1.0	NA	0.31	106.0	MUT	kidney renal clear cell carcinoma (advanced)
EA632702	RCC25-406	EVEROLIMUS	EVEROLIMUS	EVEROLIMUS	advanced, previously treated (anti-angiogenic)	PD	0.0	5.092402464	1	1.675564682	1	64.0	M	True	True	0.0	NCB	CM-025	POOR	POOR	METASTASIS	1.0	243.0	NA	26.0	WT	kidney renal clear cell carcinoma (advanced)
P66432-07E-Run1_S20_L002	RCC25-416	NIVOLUMAB	NIVOLUMAB	NIVOLUMAB	advanced, previously treated (anti-angiogenic)	NE	NA	5.092402464	1	0.032854209	0	66.0	M	True	False	NA	ICB	CM-025	POOR	INTERMEDIATE	PRIMARY	1.0	510.0	0.29	56.0	WT	kidney renal clear cell carcinoma (advanced)
EA639153	RCC25-1044	NIVOLUMAB	NIVOLUMAB	NIVOLUMAB	advanced, previously treated (anti-angiogenic)	SD	0.0	51.18685832	0	4.73100616	1	53.0	M	True	False	NA	ICB	CM-025	FAVORABLE	FAVORABLE	PRIMARY	2.0	1480.0	0.23	41.0	WT	kidney renal clear cell carcinoma (advanced)
EA632174	RCC25-154	NIVOLUMAB	NIVOLUMAB	NIVOLUMAB	advanced, previously treated (anti-angiogenic)	CRPR	1.0	62.6201232	0	38.66940452	1	40.0	M	True	False	1.0	CB	CM-025	FAVORABLE	FAVORABLE	METASTASIS	3.0	915.0	NA	NA	NA	kidney renal clear cell carcinoma (advanced)
P66287-06H-Run1_S30_L002	RCC25-213	NIVOLUMAB	NIVOLUMAB	NIVOLUMAB	advanced, previously treated (anti-angiogenic)	CRPR	1.0	12.94455852	1	5.552361396	0	70.0	M	True	False	1.0	CB	CM-025	INTERMEDIATE	INTERMEDIATE	PRIMARY	1.0	NA	NA	NA	NA	kidney renal clear cell carcinoma (advanced)
EA647818	RCC25-343	EVEROLIMUS	EVEROLIMUS	EVEROLIMUS	advanced, previously treated (anti-angiogenic)	SD	0.0	5.420944559	1	2.792607803	1	61.0	M	True	True	NA	ICB	CM-025	POOR	POOR	METASTASIS	2.0	95.0	0.39	65.0	MUT	kidney renal clear cell carcinoma (advanced)
P66451-08H-Run1_S26_L002	RCC25-496	NIVOLUMAB	NIVOLUMAB	NIVOLUMAB	advanced, previously treated (anti-angiogenic)	NE	NA	0.952772074	0	0.032854209	0	62.0	M	True	False	NA	ICB	CM-025	INTERMEDIATE	INTERMEDIATE	METASTASIS	3.0	1354.0	0.23	49.0	MUT	kidney renal clear cell carcinoma (advanced)
EA632758	RCC25-541	NIVOLUMAB	NIVOLUMAB	NIVOLUMAB	advanced, previously treated (anti-angiogenic)	NE	NA	0.821355236	1	0.459958932	1	79.0	M	True	False	NA	ICB	CM-025	POOR	POOR	PRIMARY	1.0	368.0	NA	NA	NA	kidney renal clear cell carcinoma (advanced)
P66282-10F-Run1_S13_L002	RCC25-556	EVEROLIMUS	EVEROLIMUS	EVEROLIMUS	advanced, previously treated (anti-angiogenic)	SD	0.0	15.21149897	0	13.07597536	1	43.0	M	True	True	1.0	CB	CM-025	INTERMEDIATE	INTERMEDIATE	PRIMARY	2.0	NA	NA	NA	NA	kidney renal clear cell carcinoma (advanced)
EA632149	RCC25-94	NIVOLUMAB	NIVOLUMAB	NIVOLUMAB	advanced, previously treated (anti-angiogenic)	SD	0.0	63.21149897	0	14.88295688	1	75.0	F	True	False	NA	ICB	CM-025	FAVORABLE	FAVORABLE	METASTASIS	2.0	1121.0	0.28	64.0	WT	kidney renal clear cell carcinoma (advanced)
EA632772	RCC25-594	EVEROLIMUS	EVEROLIMUS	EVEROLIMUS	advanced, previously treated (anti-angiogenic)	PD	0.0	42.51334702	1	1.971252567	1	73.0	F	True	True	0.0	NCB	CM-025	INTERMEDIATE	INTERMEDIATE	METASTASIS	2.0	7.0	NA	NA	NA	kidney renal clear cell carcinoma (advanced)
P66291-06D-Run1_S27_L002	RCC25-1016	EVEROLIMUS	EVEROLIMUS	EVEROLIMUS	advanced, previously treated (anti-angiogenic)	SD	0.0	42.94045175	0	7.490759754	1	64.0	F	True	True	NA	ICB	CM-025	FAVORABLE	INTERMEDIATE	PRIMARY	1.0	NA	NA	76.0	WT	kidney renal clear cell carcinoma (advanced)
P66291-08F-Run1_S7_L001	RCC25-1053	EVEROLIMUS	EVEROLIMUS	EVEROLIMUS	advanced, previously treated (anti-angiogenic)	PD	0.0	6.570841889	1	1.839835729	1	59.0	F	True	True	0.0	NCB	CM-025	INTERMEDIATE	POOR	NA	1.0	NA	0.3	69.0	WT	kidney renal clear cell carcinoma (advanced)
EA639081	RCC25-874	EVEROLIMUS	EVEROLIMUS	EVEROLIMUS	advanced, previously treated (anti-angiogenic)	SD	0.0	41.56057495	1	16.29568789	1	62.0	M	True	True	1.0	CB	CM-025	INTERMEDIATE	INTERMEDIATE	PRIMARY	2.0	2930.0	0.36	75.0	WT	kidney renal clear cell carcinoma (advanced)
P66507-02H-Run1_S29_L002	RCC25-805	EVEROLIMUS	EVEROLIMUS	EVEROLIMUS	advanced, previously treated (anti-angiogenic)	CRPR	1.0	55.49075975	0	13.14168378	1	49.0	M	True	True	1.0	CB	CM-025	INTERMEDIATE	INTERMEDIATE	PRIMARY	2.0	903.0	0.22	49.0	WT	kidney renal clear cell carcinoma (advanced)
P66507-04A-Run1_S1_L001	RCC25-10	NIVOLUMAB	NIVOLUMAB	NIVOLUMAB	advanced, previously treated (anti-angiogenic)	SD	0.0	65.80698152	0	7.392197125	1	71.0	F	True	False	NA	ICB	CM-025	FAVORABLE	FAVORABLE	PRIMARY	1.0	3513.0	NA	NA	NA	kidney renal clear cell carcinoma (advanced)
P66282-05D-Run1_S21_L002	RCC25-134	NIVOLUMAB	NIVOLUMAB	NIVOLUMAB	advanced, previously treated (anti-angiogenic)	PD	0.0	21.9137577	1	1.77412731	1	31.0	M	True	False	0.0	NCB	CM-025	INTERMEDIATE	INTERMEDIATE	PRIMARY	1.0	NA	NA	147.0	WT	kidney renal clear cell carcinoma (advanced)
P66287-11D-Run1_S23_L002	RCC25-137	EVEROLIMUS	EVEROLIMUS	EVEROLIMUS	advanced, previously treated (anti-angiogenic)	NE	NA	3.351129363	1	1.281314168	1	72.0	F	True	True	NA	ICB	CM-025	INTERMEDIATE	INTERMEDIATE	METASTASIS	2.0	NA	0.51	72.0	WT	kidney renal clear cell carcinoma (advanced)
P66282-11E-Run1_S19_L002	RCC25-32	EVEROLIMUS	EVEROLIMUS	EVEROLIMUS	advanced, previously treated (anti-angiogenic)	PD	0.0	7.195071869	1	0.62422998	1	65.0	M	True	True	0.0	NCB	CM-025	POOR	POOR	PRIMARY	2.0	NA	0.26	68.0	WT	kidney renal clear cell carcinoma (advanced)
P66451-05D-Run1_S8_L001	RCC25-477	NIVOLUMAB	NIVOLUMAB	NIVOLUMAB	advanced, previously treated (anti-angiogenic)	PD	0.0	30.06160164	1	1.839835729	1	70.0	M	True	False	0.0	NCB	CM-025	FAVORABLE	NOT REPORTED	METASTASIS	1.0	1289.0	NA	NA	NA	kidney renal clear cell carcinoma (advanced)
P66287-04D-Run1_S18_L002	RCC25-57	NIVOLUMAB	NIVOLUMAB	NIVOLUMAB	advanced, previously treated (anti-angiogenic)	PD	0.0	40.01642711	1	1.741273101	1	38.0	M	True	False	0.0	NCB	CM-025	INTERMEDIATE	INTERMEDIATE	METASTASIS	1.0	NA	0.28	37.0	WT	kidney renal clear cell carcinoma (advanced)
P66291-05G-Run1_S22_L002	RCC25-793	NIVOLUMAB	NIVOLUMAB	NIVOLUMAB	advanced, previously treated (anti-angiogenic)	PD	0.0	31.17864476	1	1.80698152	1	45.0	M	True	False	0.0	NCB	CM-025	FAVORABLE	NOT REPORTED	METASTASIS	1.0	NA	0.44	43.0	WT	kidney renal clear cell carcinoma (advanced)
EA639152	RCC25-1040	EVEROLIMUS	EVEROLIMUS	EVEROLIMUS	advanced, previously treated (anti-angiogenic)	PD	0.0	2.431211499	1	1.77412731	1	51.0	F	True	True	0.0	NCB	CM-025	FAVORABLE	FAVORABLE	PRIMARY	2.0	617.0	0.18	68.0	WT	kidney renal clear cell carcinoma (advanced)
EA595668	RCC25-1075	EVEROLIMUS	EVEROLIMUS	EVEROLIMUS	advanced, previously treated (anti-angiogenic)	SD	0.0	8.509240246	1	5.585215606	1	58.0	M	True	True	NA	ICB	CM-025	INTERMEDIATE	POOR	METASTASIS	3.0	NA	NA	NA	NA	kidney renal clear cell carcinoma (advanced)
P66291-01B-Run1_S2_L001	RCC25-116	NIVOLUMAB	NIVOLUMAB	NIVOLUMAB	advanced, previously treated (anti-angiogenic)	CRPR	1.0	63.27720739	0	61.66735113	0	88.0	F	True	False	1.0	CB	CM-025	INTERMEDIATE	INTERMEDIATE	PRIMARY	1.0	NA	0.47	109.0	MUT	kidney renal clear cell carcinoma (advanced)
P66432-08C-Run1_S24_L002	RCC25-122	EVEROLIMUS	EVEROLIMUS	EVEROLIMUS	advanced, previously treated (anti-angiogenic)	PD	0.0	19.74537988	1	1.675564682	1	72.0	M	True	True	0.0	NCB	CM-025	INTERMEDIATE	INTERMEDIATE	PRIMARY	2.0	6768.0	0.54	110.0	WT	kidney renal clear cell carcinoma (advanced)
P66287-03A-Run1_S9_L001	RCC25-371	NIVOLUMAB	NIVOLUMAB	NIVOLUMAB	advanced, previously treated (anti-angiogenic)	PD	0.0	5.256673511	1	1.80698152	1	43.0	M	True	False	0.0	NCB	CM-025	POOR	NOT REPORTED	PRIMARY	2.0	NA	0.21	51.0	WT	kidney renal clear cell carcinoma (advanced)
EA632123	RCC25-59	NIVOLUMAB	NIVOLUMAB	NIVOLUMAB	advanced, previously treated (anti-angiogenic)	PD	0.0	12.74743327	1	1.839835729	1	64.0	M	True	False	0.0	NCB	CM-025	INTERMEDIATE	INTERMEDIATE	PRIMARY	2.0	746.0	0.57	59.0	MUT	kidney renal clear cell carcinoma (advanced)
P66511-02H-Run1_S26_L002	RCC25-659	EVEROLIMUS	EVEROLIMUS	EVEROLIMUS	advanced, previously treated (anti-angiogenic)	SD	0.0	26.57905544	1	5.519507187	1	57.0	M	True	True	NA	ICB	CM-025	FAVORABLE	INTERMEDIATE	PRIMARY	2.0	2166.0	NA	134.0	MUT	kidney renal clear cell carcinoma (advanced)
EA639019	RCC25-715	EVEROLIMUS	EVEROLIMUS	EVEROLIMUS	advanced, previously treated (anti-angiogenic)	PD	0.0	4.73100616	1	1.412731006	1	73.0	M	True	True	0.0	NCB	CM-025	POOR	POOR	METASTASIS	2.0	270.0	0.29	74.0	MUT	kidney renal clear cell carcinoma (advanced)
P66507-02D-Run1_S25_L002	RCC25-753	NIVOLUMAB	NIVOLUMAB	NIVOLUMAB	advanced, previously treated (anti-angiogenic)	SD	0.0	47.70431212	1	37.71663244	1	83.0	M	True	False	1.0	CB	CM-025	INTERMEDIATE	INTERMEDIATE	PRIMARY	1.0	5799.0	0.16	155.0	WT	kidney renal clear cell carcinoma (advanced)
EA595720	RCC25-781	NIVOLUMAB	NIVOLUMAB	NIVOLUMAB	advanced, previously treated (anti-angiogenic)	SD	0.0	36.96098563	1	16.16427105	1	48.0	M	True	False	1.0	CB	CM-025	POOR	POOR	PRIMARY	1.0	NA	NA	38.0	WT	kidney renal clear cell carcinoma (advanced)
P66507-11G-Run1_S11_L001	RCC25-782	EVEROLIMUS	EVEROLIMUS	EVEROLIMUS	advanced, previously treated (anti-angiogenic)	SD	0.0	16.42710472	1	3.54825462	1	72.0	M	True	True	NA	ICB	CM-025	INTERMEDIATE	INTERMEDIATE	PRIMARY	2.0	1028.0	NA	NA	NA	kidney renal clear cell carcinoma (advanced)
EA632138	RCC25-81	EVEROLIMUS	EVEROLIMUS	EVEROLIMUS	advanced, previously treated (anti-angiogenic)	SD	0.0	48.29568789	1	3.679671458	1	64.0	M	True	True	NA	ICB	CM-025	INTERMEDIATE	INTERMEDIATE	PRIMARY	2.0	886.0	NA	30.0	MUT	kidney renal clear cell carcinoma (advanced)
P66507-08D-Run1_S20_L002	RCC25-914	NIVOLUMAB	NIVOLUMAB	NIVOLUMAB	advanced, previously treated (anti-angiogenic)	PD	0.0	9.724845996	1	1.905544148	1	54.0	M	True	False	0.0	NCB	CM-025	INTERMEDIATE	INTERMEDIATE	PRIMARY	2.0	317.0	0.4	67.0	WT	kidney renal clear cell carcinoma (advanced)
EA595711	RCC25-1064	EVEROLIMUS	EVEROLIMUS	EVEROLIMUS	advanced, previously treated (anti-angiogenic)	PD	0.0	27.00616016	0	1.971252567	1	64.0	F	True	True	0.0	NCB	CM-025	POOR	POOR	METASTASIS	1.0	NA	0.37	76.0	WT	kidney renal clear cell carcinoma (advanced)
P66507-12B-Run1_S13_L001	RCC25-1065	NIVOLUMAB	NIVOLUMAB	NIVOLUMAB	advanced, previously treated (anti-angiogenic)	PD	0.0	50.85831622	0	1.938398357	1	55.0	M	True	False	0.0	NCB	CM-025	INTERMEDIATE	INTERMEDIATE	METASTASIS	1.0	132.0	0.48	55.0	MUT	kidney renal clear cell carcinoma (advanced)
EA647821	RCC25-380	EVEROLIMUS	EVEROLIMUS	EVEROLIMUS	advanced, previously treated (anti-angiogenic)	SD	0.0	36.79671458	1	13.04312115	1	60.0	M	True	True	NA	ICB	CM-025	INTERMEDIATE	POOR	PRIMARY	1.0	2344.0	NA	NA	NA	kidney renal clear cell carcinoma (advanced)
EA595679	RCC25-509	EVEROLIMUS	EVEROLIMUS	EVEROLIMUS	advanced, previously treated (anti-angiogenic)	PD	0.0	6.53798768	1	1.938398357	1	60.0	M	True	True	0.0	NCB	CM-025	POOR	POOR	PRIMARY	2.0	NA	0.39	64.0	WT	kidney renal clear cell carcinoma (advanced)
P66507-04C-Run1_S2_L001	RCC25-650	EVEROLIMUS	EVEROLIMUS	EVEROLIMUS	advanced, previously treated (anti-angiogenic)	PD	0.0	8.147843943	1	1.971252567	1	57.0	M	True	True	0.0	NCB	CM-025	POOR	POOR	PRIMARY	2.0	490.0	0.32	74.0	WT	kidney renal clear cell carcinoma (advanced)
P66507-01E-Run1_S19_L002	RCC25-849	NIVOLUMAB	NIVOLUMAB	NIVOLUMAB	advanced, previously treated (anti-angiogenic)	CRPR	1.0	40.31211499	0	37.74948665	0	52.0	F	True	False	1.0	CB	CM-025	FAVORABLE	INTERMEDIATE	PRIMARY	1.0	381.0	0.58	41.0	MUT	kidney renal clear cell carcinoma (advanced)
P66282-05F-Run1_S22_L002	RCC25-889	EVEROLIMUS	EVEROLIMUS	EVEROLIMUS	advanced, previously treated (anti-angiogenic)	PD	0.0	20.13963039	1	2.201232033	1	57.0	M	True	True	0.0	NCB	CM-025	FAVORABLE	INTERMEDIATE	PRIMARY	1.0	NA	0.29	54.0	WT	kidney renal clear cell carcinoma (advanced)
P66507-01G-Run1_S20_L002	RCC25-907	EVEROLIMUS	EVEROLIMUS	EVEROLIMUS	advanced, previously treated (anti-angiogenic)	NE	NA	14.29158111	1	1.281314168	1	56.0	F	True	True	NA	ICB	CM-025	FAVORABLE	INTERMEDIATE	METASTASIS	1.0	133.0	NA	NA	NA	kidney renal clear cell carcinoma (advanced)
P66511-09E-Run1_S29_L002	RCC25-927	EVEROLIMUS	EVEROLIMUS	EVEROLIMUS	advanced, previously treated (anti-angiogenic)	SD	0.0	37.78234086	0	11.40041068	1	72.0	F	True	True	1.0	CB	CM-025	INTERMEDIATE	POOR	METASTASIS	1.0	164.0	0.65	104.0	WT	kidney renal clear cell carcinoma (advanced)
EA595719	RCC25-1000	NIVOLUMAB	NIVOLUMAB	NIVOLUMAB	advanced, previously treated (anti-angiogenic)	SD	0.0	53.2238193	0	7.162217659	1	64.0	F	True	False	NA	ICB	CM-025	FAVORABLE	INTERMEDIATE	PRIMARY	1.0	NA	0.69	69.0	MUT	kidney renal clear cell carcinoma (advanced)
P66287-04E-Run1_S19_L002	RCC25-344	EVEROLIMUS	EVEROLIMUS	EVEROLIMUS	advanced, previously treated (anti-angiogenic)	PD	0.0	11.86036961	1	1.872689938	1	40.0	M	True	True	0.0	NCB	CM-025	INTERMEDIATE	INTERMEDIATE	PRIMARY	2.0	NA	0.33	65.0	WT	kidney renal clear cell carcinoma (advanced)
EA595660	RCC25-345	EVEROLIMUS	EVEROLIMUS	EVEROLIMUS	advanced, previously treated (anti-angiogenic)	NE	NA	34.7926078	1	0.032854209	0	71.0	F	True	True	NA	ICB	CM-025	FAVORABLE	INTERMEDIATE	PRIMARY	1.0	NA	0.17	28.0	WT	kidney renal clear cell carcinoma (advanced)
P66432-08B-Run1_S23_L002	RCC25-196	EVEROLIMUS	EVEROLIMUS	EVEROLIMUS	advanced, previously treated (anti-angiogenic)	PD	0.0	16.22997947	1	2.168377823	1	65.0	M	True	True	0.0	NCB	CM-025	INTERMEDIATE	INTERMEDIATE	METASTASIS	1.0	503.0	NA	NA	NA	kidney renal clear cell carcinoma (advanced)
P66432-04D-Run1_S2_L001	RCC25-20	NIVOLUMAB	NIVOLUMAB	NIVOLUMAB	advanced, previously treated (anti-angiogenic)	PD	0.0	43.33470226	1	1.938398357	1	66.0	F	True	False	0.0	NCB	CM-025	INTERMEDIATE	INTERMEDIATE	PRIMARY	3.0	4457.0	0.52	73.0	WT	kidney renal clear cell carcinoma (advanced)
P66432-10B-Run1_S2_L001	RCC25-54	EVEROLIMUS	EVEROLIMUS	EVEROLIMUS	advanced, previously treated (anti-angiogenic)	NE	NA	8.049281314	1	0.032854209	0	70.0	M	True	True	NA	ICB	CM-025	FAVORABLE	FAVORABLE	PRIMARY	1.0	883.0	0.33	42.0	MUT	kidney renal clear cell carcinoma (advanced)
P66507-07F-Run1_S16_L002	RCC25-671	NIVOLUMAB	NIVOLUMAB	NIVOLUMAB	advanced, previously treated (anti-angiogenic)	PD	0.0	1.77412731	1	1.478439425	1	82.0	M	True	False	0.0	NCB	CM-025	POOR	POOR	PRIMARY	1.0	472.0	0.17	56.0	WT	kidney renal clear cell carcinoma (advanced)
EA632813	RCC25-684	NIVOLUMAB	NIVOLUMAB	NIVOLUMAB	advanced, previously treated (anti-angiogenic)	SD	0.0	13.96303901	1	5.848049281	1	60.0	F	True	False	NA	ICB	CM-025	FAVORABLE	INTERMEDIATE	PRIMARY	1.0	518.0	0.42	49.0	WT	kidney renal clear cell carcinoma (advanced)
EA632133	RCC25-72	NIVOLUMAB	NIVOLUMAB	NIVOLUMAB	advanced, previously treated (anti-angiogenic)	CRPR	1.0	13.17453799	1	13.17453799	1	77.0	M	True	False	1.0	CB	CM-025	INTERMEDIATE	INTERMEDIATE	METASTASIS	2.0	41.0	0.3	94.0	MUT	kidney renal clear cell carcinoma (advanced)
P66432-11C-Run1_S7_L001	RCC25-8	NIVOLUMAB	NIVOLUMAB	NIVOLUMAB	advanced, previously treated (anti-angiogenic)	PD	0.0	12.48459959	0	1.741273101	1	46.0	M	True	False	0.0	NCB	CM-025	FAVORABLE	FAVORABLE	NA	1.0	1683.0	0.46	62.0	MUT	kidney renal clear cell carcinoma (advanced)
P66507-12A-Run1_S12_L001	RCC25-898	EVEROLIMUS	EVEROLIMUS	EVEROLIMUS	advanced, previously treated (anti-angiogenic)	NE	NA	20.99383984	1	3.745379877	1	73.0	F	True	True	NA	ICB	CM-025	INTERMEDIATE	POOR	PRIMARY	2.0	6516.0	NA	NA	NA	kidney renal clear cell carcinoma (advanced)
P66432-02C-Run1_S22_L002	RCC25-9	NIVOLUMAB	NIVOLUMAB	NIVOLUMAB	advanced, previously treated (anti-angiogenic)	SD	0.0	12.25462012	1	3.843942505	1	69.0	M	True	False	NA	ICB	CM-025	POOR	INTERMEDIATE	METASTASIS	1.0	2337.0	NA	NA	NA	kidney renal clear cell carcinoma (advanced)
EA639099	RCC25-922	NIVOLUMAB	NIVOLUMAB	NIVOLUMAB	advanced, previously treated (anti-angiogenic)	CRPR	1.0	22.11088296	1	7.162217659	1	58.0	M	True	False	1.0	CB	CM-025	INTERMEDIATE	INTERMEDIATE	METASTASIS	1.0	1491.0	0.15	31.0	WT	kidney renal clear cell carcinoma (advanced)
EA639114	RCC25-952	EVEROLIMUS	EVEROLIMUS	EVEROLIMUS	advanced, previously treated (anti-angiogenic)	SD	0.0	12.25462012	1	5.650924025	1	76.0	M	True	True	NA	ICB	CM-025	FAVORABLE	FAVORABLE	PRIMARY	1.0	342.0	0.24	54.0	WT	kidney renal clear cell carcinoma (advanced)
EA632151	RCC25-97	EVEROLIMUS	EVEROLIMUS	EVEROLIMUS	advanced, previously treated (anti-angiogenic)	SD	0.0	24.67351129	1	7.490759754	1	64.0	F	True	True	1.0	CB	CM-025	INTERMEDIATE	INTERMEDIATE	PRIMARY	2.0	1236.0	NA	NA	NA	kidney renal clear cell carcinoma (advanced)
P66287-04G-Run1_S20_L002	RCC25-887	NIVOLUMAB	NIVOLUMAB	NIVOLUMAB	advanced, previously treated (anti-angiogenic)	SD	0.0	27.69609856	1	9.232032854	1	44.0	M	True	False	NA	ICB	CM-025	FAVORABLE	INTERMEDIATE	PRIMARY	1.0	NA	0.31	77.0	WT	kidney renal clear cell carcinoma (advanced)
P66432-06D-Run1_S11_L001	RCC25-166	NIVOLUMAB	NIVOLUMAB	NIVOLUMAB	advanced, previously treated (anti-angiogenic)	PD	0.0	12.09034908	1	0.985626283	1	56.0	M	True	False	0.0	NCB	CM-025	INTERMEDIATE	POOR	METASTASIS	3.0	38.0	0.28	54.0	WT	kidney renal clear cell carcinoma (advanced)
P66425-02C-Run1_S5_L001	RCC25-197	NIVOLUMAB	NIVOLUMAB	NIVOLUMAB	advanced, previously treated (anti-angiogenic)	SD	0.0	34.52977413	1	7.359342916	1	58.0	M	True	False	NA	ICB	CM-025	FAVORABLE	FAVORABLE	METASTASIS	3.0	2533.0	0.13	39.0	WT	kidney renal clear cell carcinoma (advanced)
P66425-03F-Run1_S12_L001	RCC25-202	EVEROLIMUS	EVEROLIMUS	EVEROLIMUS	advanced, previously treated (anti-angiogenic)	SD	0.0	58.05338809	1	5.453798768	0	56.0	M	True	True	NA	ICB	CM-025	INTERMEDIATE	INTERMEDIATE	PRIMARY	2.0	722.0	0.53	46.0	WT	kidney renal clear cell carcinoma (advanced)
P66451-01E-Run1_S17_L002	RCC25-396	NIVOLUMAB	NIVOLUMAB	NIVOLUMAB	advanced, previously treated (anti-angiogenic)	PD	0.0	59.92607803	0	1.77412731	1	51.0	M	True	False	0.0	NCB	CM-025	POOR	POOR	PRIMARY	2.0	805.0	NA	NA	NA	kidney renal clear cell carcinoma (advanced)
EA639112	RCC25-947	EVEROLIMUS	EVEROLIMUS	EVEROLIMUS	advanced, previously treated (anti-angiogenic)	SD	0.0	11.36755647	1	5.716632444	1	69.0	F	True	True	NA	ICB	CM-025	INTERMEDIATE	POOR	PRIMARY	2.0	714.0	0.16	34.0	WT	kidney renal clear cell carcinoma (advanced)
P66291-06C-Run1_S26_L002	RCC25-987	NIVOLUMAB	NIVOLUMAB	NIVOLUMAB	advanced, previously treated (anti-angiogenic)	NE	NA	10.21765914	1	0.032854209	0	85.0	M	True	False	NA	ICB	CM-025	POOR	POOR	METASTASIS	2.0	NA	0.13	57.0	MUT	kidney renal clear cell carcinoma (advanced)
P66432-10G-Run1_S4_L001	RCC25-491	NIVOLUMAB	NIVOLUMAB	NIVOLUMAB	advanced, previously treated (anti-angiogenic)	PD	0.0	58.90759754	0	29.27310062	1	52.0	M	True	False	NA	ICB	CM-025	INTERMEDIATE	NOT REPORTED	PRIMARY	1.0	986.0	0.49	53.0	MUT	kidney renal clear cell carcinoma (advanced)
P66425-02E-Run1_S6_L001	RCC25-559	NIVOLUMAB	NIVOLUMAB	NIVOLUMAB	advanced, previously treated (anti-angiogenic)	PD	0.0	10.64476386	1	2.004106776	1	51.0	M	True	False	0.0	NCB	CM-025	INTERMEDIATE	POOR	PRIMARY	1.0	302.0	0.16	19.0	WT	kidney renal clear cell carcinoma (advanced)
P66287-11E-Run1_S24_L002	RCC25-562	EVEROLIMUS	EVEROLIMUS	EVEROLIMUS	advanced, previously treated (anti-angiogenic)	PD	0.0	16.03285421	1	2.201232033	1	56.0	M	True	True	0.0	NCB	CM-025	FAVORABLE	INTERMEDIATE	METASTASIS	2.0	NA	0.41	90.0	WT	kidney renal clear cell carcinoma (advanced)
P66507-03H-Run1_S30_L002	RCC25-693	NIVOLUMAB	NIVOLUMAB	NIVOLUMAB	advanced, previously treated (anti-angiogenic)	PD	0.0	31.34291581	1	1.708418891	1	56.0	M	True	False	0.0	NCB	CM-025	FAVORABLE	FAVORABLE	METASTASIS	3.0	168.0	NA	NA	NA	kidney renal clear cell carcinoma (advanced)
EA639120	RCC25-965	NIVOLUMAB	NIVOLUMAB	NIVOLUMAB	advanced, previously treated (anti-angiogenic)	SD	0.0	14.39014374	1	7.425051335	1	50.0	M	True	False	NA	ICB	CM-025	INTERMEDIATE	INTERMEDIATE	PRIMARY	1.0	428.0	NA	NA	NA	kidney renal clear cell carcinoma (advanced)
P66511-10G-Run1_S4_L001	RCC25-915	NIVOLUMAB	NIVOLUMAB	NIVOLUMAB	advanced, previously treated (anti-angiogenic)	PD	0.0	8.706365503	1	1.511293635	1	74.0	M	True	False	0.0	NCB	CM-025	INTERMEDIATE	INTERMEDIATE	METASTASIS	1.0	560.0	0.45	75.0	MUT	kidney renal clear cell carcinoma (advanced)
P66451-08A-Run1_S21_L002	RCC25-68	EVEROLIMUS	EVEROLIMUS	EVEROLIMUS	advanced, previously treated (anti-angiogenic)	PD	0.0	3.811088296	1	2.135523614	1	52.0	M	True	True	0.0	NCB	CM-025	POOR	POOR	METASTASIS	1.0	442.0	0.37	56.0	WT	kidney renal clear cell carcinoma (advanced)
EA639131	RCC25-988	NIVOLUMAB	NIVOLUMAB	NIVOLUMAB	advanced, previously treated (anti-angiogenic)	SD	0.0	53.12525667	0	3.778234086	1	70.0	M	True	False	NA	ICB	CM-025	INTERMEDIATE	INTERMEDIATE	METASTASIS	1.0	348.0	NA	NA	NA	kidney renal clear cell carcinoma (advanced)
P66451-04F-Run1_S6_L001	RCC25-253	NIVOLUMAB	NIVOLUMAB	NIVOLUMAB	advanced, previously treated (anti-angiogenic)	PD	0.0	22.20944559	1	1.741273101	1	63.0	F	True	False	0.0	NCB	CM-025	INTERMEDIATE	INTERMEDIATE	PRIMARY	1.0	3611.0	NA	NA	NA	kidney renal clear cell carcinoma (advanced)
P66451-08G-Run1_S25_L002	RCC25-346	NIVOLUMAB	NIVOLUMAB	NIVOLUMAB	advanced, previously treated (anti-angiogenic)	SD	0.0	14.42299795	1	7.392197125	1	68.0	M	True	False	1.0	CB	CM-025	INTERMEDIATE	INTERMEDIATE	PRIMARY	1.0	852.0	0.36	56.0	WT	kidney renal clear cell carcinoma (advanced)
P66282-09A-Run1_S8_L001	RCC25-639	EVEROLIMUS	EVEROLIMUS	EVEROLIMUS	advanced, previously treated (anti-angiogenic)	SD	0.0	32.75564682	1	7.359342916	1	66.0	F	True	True	1.0	CB	CM-025	FAVORABLE	INTERMEDIATE	PRIMARY	2.0	NA	0.43	119.0	MUT	kidney renal clear cell carcinoma (advanced)
P66432-11D-Run1_S8_L001	RCC25-250	EVEROLIMUS	EVEROLIMUS	EVEROLIMUS	advanced, previously treated (anti-angiogenic)	CRPR	1.0	60.94455852	0	35.1211499	1	54.0	M	True	True	1.0	CB	CM-025	INTERMEDIATE	INTERMEDIATE	PRIMARY	2.0	666.0	NA	NA	NA	kidney renal clear cell carcinoma (advanced)
P66432-07D-Run1_S19_L002	RCC25-257	NIVOLUMAB	NIVOLUMAB	NIVOLUMAB	advanced, previously treated (anti-angiogenic)	PD	0.0	38.80082136	1	1.938398357	1	80.0	M	True	False	0.0	NCB	CM-025	INTERMEDIATE	INTERMEDIATE	PRIMARY	1.0	4132.0	0.77	177.0	WT	kidney renal clear cell carcinoma (advanced)
EA595529	RCC25-7	NIVOLUMAB	NIVOLUMAB	NIVOLUMAB	advanced, previously treated (anti-angiogenic)	NE	NA	20.69815195	1	0.032854209	0	30.0	F	True	False	NA	ICB	CM-025	POOR	POOR	PRIMARY	1.0	NA	0.74	53.0	WT	kidney renal clear cell carcinoma (advanced)
P66291-10C-Run1_S18_L002	RCC25-18	EVEROLIMUS	EVEROLIMUS	EVEROLIMUS	advanced, previously treated (anti-angiogenic)	SD	0.0	4.73100616	1	4.632443532	1	58.0	M	True	True	NA	ICB	CM-025	INTERMEDIATE	INTERMEDIATE	PRIMARY	2.0	NA	NA	102.0	WT	kidney renal clear cell carcinoma (advanced)
EA595597	RCC25-624	NIVOLUMAB	NIVOLUMAB	NIVOLUMAB	advanced, previously treated (anti-angiogenic)	CRPR	1.0	57.3963039	0	53.71663244	0	64.0	F	True	False	1.0	CB	CM-025	INTERMEDIATE	INTERMEDIATE	METASTASIS	1.0	NA	NA	28.0	WT	kidney renal clear cell carcinoma (advanced)
P66282-03A-Run1_S9_L001	RCC25-133	EVEROLIMUS	EVEROLIMUS	EVEROLIMUS	advanced, previously treated (anti-angiogenic)	PD	0.0	43.17043121	1	1.675564682	1	54.0	F	True	True	0.0	NCB	CM-025	FAVORABLE	FAVORABLE	PRIMARY	1.0	NA	NA	NA	NA	kidney renal clear cell carcinoma (advanced)
P66291-10G-Run1_S20_L002	RCC25-147	NIVOLUMAB	NIVOLUMAB	NIVOLUMAB	advanced, previously treated (anti-angiogenic)	SD	0.0	62.48870637	0	15.47433265	1	56.0	M	True	False	NA	ICB	CM-025	FAVORABLE	FAVORABLE	PRIMARY	1.0	NA	0.35	137.0	MUT	kidney renal clear cell carcinoma (advanced)
P66291-01A-Run1_S1_L001	RCC25-578	EVEROLIMUS	EVEROLIMUS	EVEROLIMUS	advanced, previously treated (anti-angiogenic)	NE	NA	11.10472279	1	0.032854209	0	60.0	M	True	True	NA	ICB	CM-025	FAVORABLE	FAVORABLE	PRIMARY	2.0	3711.0	0.57	116.0	WT	kidney renal clear cell carcinoma (advanced)
P66451-06A-Run1_S10_L001	RCC25-313	EVEROLIMUS	EVEROLIMUS	EVEROLIMUS	advanced, previously treated (anti-angiogenic)	SD	0.0	22.76796715	1	22.01232033	1	55.0	M	True	True	NA	ICB	CM-025	POOR	POOR	PRIMARY	1.0	6.0	NA	NA	NA	kidney renal clear cell carcinoma (advanced)
P66451-02B-Run1_S21_L002	RCC25-533	EVEROLIMUS	EVEROLIMUS	EVEROLIMUS	advanced, previously treated (anti-angiogenic)	PD	0.0	32.6899384	1	1.872689938	1	64.0	F	True	True	0.0	NCB	CM-025	INTERMEDIATE	INTERMEDIATE	PRIMARY	1.0	417.0	0.43	61.0	WT	kidney renal clear cell carcinoma (advanced)
P66507-02B-Run1_S23_L002	RCC25-732	NIVOLUMAB	NIVOLUMAB	NIVOLUMAB	advanced, previously treated (anti-angiogenic)	PD	0.0	1.577002053	1	1.379876797	1	49.0	M	True	False	0.0	NCB	CM-025	POOR	POOR	PRIMARY	1.0	141.0	0.48	66.0	MUT	kidney renal clear cell carcinoma (advanced)
P66291-05H-Run1_S23_L002	RCC25-476	EVEROLIMUS	EVEROLIMUS	EVEROLIMUS	advanced, previously treated (anti-angiogenic)	NE	NA	1.544147844	1	1.314168378	1	73.0	M	True	True	NA	ICB	CM-025	INTERMEDIATE	INTERMEDIATE	PRIMARY	2.0	NA	0.33	164.0	WT	kidney renal clear cell carcinoma (advanced)
EA647824	RCC25-485	NIVOLUMAB	NIVOLUMAB	NIVOLUMAB	advanced, previously treated (anti-angiogenic)	SD	0.0	7.490759754	1	3.712525667	0	71.0	M	True	False	NA	ICB	CM-025	POOR	POOR	PRIMARY	2.0	2474.0	NA	NA	NA	kidney renal clear cell carcinoma (advanced)
EA647829	RCC25-924	EVEROLIMUS	EVEROLIMUS	EVEROLIMUS	advanced, previously treated (anti-angiogenic)	PD	0.0	3.58110883	1	1.839835729	1	63.0	M	True	True	0.0	NCB	CM-025	POOR	POOR	PRIMARY	2.0	669.0	0.28	54.0	WT	kidney renal clear cell carcinoma (advanced)
P66287-01D-Run1_S1_L001	RCC25-441	EVEROLIMUS	EVEROLIMUS	EVEROLIMUS	advanced, previously treated (anti-angiogenic)	SD	0.0	58.64476386	0	15.14579055	1	65.0	F	True	True	1.0	CB	CM-025	FAVORABLE	FAVORABLE	METASTASIS	2.0	NA	NA	NA	NA	kidney renal clear cell carcinoma (advanced)
P66291-11E-Run1_S23_L002	RCC25-45	EVEROLIMUS	EVEROLIMUS	EVEROLIMUS	advanced, previously treated (anti-angiogenic)	SD	0.0	43.36755647	1	8.016427105	1	74.0	M	True	True	1.0	CB	CM-025	FAVORABLE	INTERMEDIATE	METASTASIS	2.0	NA	0.54	105.0	MUT	kidney renal clear cell carcinoma (advanced)
P66425-09G-Run1_S13_L001	RCC25-89	EVEROLIMUS	EVEROLIMUS	EVEROLIMUS	advanced, previously treated (anti-angiogenic)	PD	0.0	12.8788501	1	0.919917865	1	46.0	M	True	True	0.0	NCB	CM-025	INTERMEDIATE	INTERMEDIATE	PRIMARY	3.0	1017.0	0.37	19.0	MUT	kidney renal clear cell carcinoma (advanced)
P66511-01E-Run1_S17_L002	RCC25-919	NIVOLUMAB	NIVOLUMAB	NIVOLUMAB	advanced, previously treated (anti-angiogenic)	SD	0.0	23.35934292	1	5.848049281	1	59.0	M	True	False	NA	ICB	CM-025	INTERMEDIATE	INTERMEDIATE	PRIMARY	1.0	1452.0	0.2	30.0	WT	kidney renal clear cell carcinoma (advanced)
P66282-07G-Run1_S3_L001	RCC25-959	EVEROLIMUS	EVEROLIMUS	EVEROLIMUS	advanced, previously treated (anti-angiogenic)	NE	NA	2.201232033	1	0.887063655	1	54.0	F	True	True	NA	ICB	CM-025	INTERMEDIATE	INTERMEDIATE	PRIMARY	2.0	NA	0.39	109.0	WT	kidney renal clear cell carcinoma (advanced)
EA632768	RCC25-567	NIVOLUMAB	NIVOLUMAB	NIVOLUMAB	advanced, previously treated (anti-angiogenic)	NE	NA	10.15195072	1	1.21560575	1	53.0	F	True	False	NA	ICB	CM-025	FAVORABLE	FAVORABLE	PRIMARY	1.0	11.0	0.53	70.0	MUT	kidney renal clear cell carcinoma (advanced)
P66507-10B-Run1_S2_L001	RCC25-787	EVEROLIMUS	EVEROLIMUS	EVEROLIMUS	advanced, previously treated (anti-angiogenic)	SD	0.0	26.80903491	0	17.57700205	1	61.0	F	True	True	1.0	CB	CM-025	FAVORABLE	INTERMEDIATE	PRIMARY	1.0	9.0	0.23	41.0	WT	kidney renal clear cell carcinoma (advanced)
P66507-10C-Run1_S3_L001	RCC25-897	EVEROLIMUS	EVEROLIMUS	EVEROLIMUS	advanced, previously treated (anti-angiogenic)	SD	0.0	14.91581109	1	5.585215606	0	63.0	F	True	True	NA	ICB	CM-025	FAVORABLE	INTERMEDIATE	PRIMARY	1.0	7.0	0.22	54.0	MUT	kidney renal clear cell carcinoma (advanced)
EA639104	RCC25-931	EVEROLIMUS	EVEROLIMUS	EVEROLIMUS	advanced, previously treated (anti-angiogenic)	SD	0.0	33.64271047	0	7.293634497	1	57.0	F	True	True	1.0	CB	CM-025	INTERMEDIATE	INTERMEDIATE	METASTASIS	1.0	10.0	NA	341.0	WT	kidney renal clear cell carcinoma (advanced)
EA639107	RCC25-941	NIVOLUMAB	NIVOLUMAB	NIVOLUMAB	advanced, previously treated (anti-angiogenic)	SD	0.0	22.01232033	0	9.166324435	1	67.0	M	True	False	1.0	CB	CM-025	FAVORABLE	INTERMEDIATE	METASTASIS	1.0	11.0	0.31	68.0	WT	kidney renal clear cell carcinoma (advanced)
EA639109	RCC25-944	NIVOLUMAB	NIVOLUMAB	NIVOLUMAB	advanced, previously treated (anti-angiogenic)	CRPR	1.0	53.51950719	0	23.9835729	1	54.0	F	True	False	1.0	CB	CM-025	INTERMEDIATE	INTERMEDIATE	PRIMARY	2.0	1386.0	0.55	90.0	MUT	kidney renal clear cell carcinoma (advanced)
P66511-07G-Run1_S18_L002	RCC25-1037	EVEROLIMUS	EVEROLIMUS	EVEROLIMUS	advanced, previously treated (anti-angiogenic)	SD	0.0	45.53593429	0	26.28336756	1	53.0	M	True	True	1.0	CB	CM-025	FAVORABLE	INTERMEDIATE	PRIMARY	2.0	747.0	0.48	68.0	MUT	kidney renal clear cell carcinoma (advanced)
EA595500	RCC25-582	NIVOLUMAB	NIVOLUMAB	NIVOLUMAB	advanced, previously treated (anti-angiogenic)	PD	0.0	3.54825462	1	2.135523614	1	61.0	M	True	False	0.0	NCB	CM-025	INTERMEDIATE	INTERMEDIATE	PRIMARY	1.0	467.0	0.49	105.0	MUT	kidney renal clear cell carcinoma (advanced)
P66291-01H-Run1_S5_L001	RCC25-882	EVEROLIMUS	EVEROLIMUS	EVEROLIMUS	advanced, previously treated (anti-angiogenic)	PD	0.0	5.552361396	1	2.266940452	1	69.0	M	True	True	0.0	NCB	CM-025	POOR	INTERMEDIATE	PRIMARY	1.0	NA	NA	NA	NA	kidney renal clear cell carcinoma (advanced)
P66511-08E-Run1_S22_L002	RCC25-1052	EVEROLIMUS	EVEROLIMUS	EVEROLIMUS	advanced, previously treated (anti-angiogenic)	NE	NA	21.88090349	1	0.032854209	0	48.0	M	True	True	NA	ICB	CM-025	INTERMEDIATE	INTERMEDIATE	PRIMARY	1.0	309.0	NA	NA	NA	kidney renal clear cell carcinoma (advanced)
P66425-10B-Run1_S14_L001	RCC25-39	NIVOLUMAB	NIVOLUMAB	NIVOLUMAB	advanced, previously treated (anti-angiogenic)	NE	NA	10.48049281	1	0.032854209	0	64.0	M	True	False	NA	ICB	CM-025	INTERMEDIATE	INTERMEDIATE	METASTASIS	1.0	389.0	0.2	53.0	WT	kidney renal clear cell carcinoma (advanced)
P66507-08H-Run1_S24_L002	RCC25-648	EVEROLIMUS	EVEROLIMUS	EVEROLIMUS	advanced, previously treated (anti-angiogenic)	SD	0.0	35.21971253	0	7.950718686	1	60.0	M	True	True	NA	ICB	CM-025	POOR	INTERMEDIATE	PRIMARY	1.0	2149.0	NA	NA	NA	kidney renal clear cell carcinoma (advanced)
P66425-03D-Run1_S11_L001	RCC25-66	NIVOLUMAB	NIVOLUMAB	NIVOLUMAB	advanced, previously treated (anti-angiogenic)	PD	0.0	56.54209446	1	2.069815195	1	62.0	M	True	False	0.0	NCB	CM-025	INTERMEDIATE	INTERMEDIATE	PRIMARY	3.0	2845.0	0.33	70.0	MUT	kidney renal clear cell carcinoma (advanced)
EA632802	RCC25-664	NIVOLUMAB	NIVOLUMAB	NIVOLUMAB	advanced, previously treated (anti-angiogenic)	PD	0.0	41.52772074	1	9.954825462	1	75.0	M	True	False	NA	ICB	CM-025	INTERMEDIATE	INTERMEDIATE	PRIMARY	1.0	378.0	0.16	61.0	WT	kidney renal clear cell carcinoma (advanced)
P66451-05G-Run1_S9_L001	RCC25-79	NIVOLUMAB	NIVOLUMAB	NIVOLUMAB	advanced, previously treated (anti-angiogenic)	PD	0.0	13.33880904	1	2.036960986	1	39.0	F	True	False	0.0	NCB	CM-025	INTERMEDIATE	POOR	METASTASIS	2.0	242.0	0.32	78.0	WT	kidney renal clear cell carcinoma (advanced)
P66511-04B-Run1_S2_L001	RCC25-975	EVEROLIMUS	EVEROLIMUS	EVEROLIMUS	advanced, previously treated (anti-angiogenic)	SD	0.0	22.07802875	1	2.069815195	0	67.0	M	True	True	NA	ICB	CM-025	INTERMEDIATE	INTERMEDIATE	PRIMARY	1.0	439.0	NA	NA	NA	kidney renal clear cell carcinoma (advanced)
EA595455	RCC25-281	EVEROLIMUS	EVEROLIMUS	EVEROLIMUS	advanced, previously treated (anti-angiogenic)	SD	0.0	33.44558522	1	7.326488706	1	61.0	M	True	True	1.0	CB	CM-025	FAVORABLE	INTERMEDIATE	METASTASIS	1.0	NA	0.58	58.0	WT	kidney renal clear cell carcinoma (advanced)
P66432-01D-Run1_S17_L002	RCC25-426	EVEROLIMUS	EVEROLIMUS	EVEROLIMUS	advanced, previously treated (anti-angiogenic)	SD	0.0	8.344969199	1	3.745379877	1	65.0	M	True	True	NA	ICB	CM-025	FAVORABLE	FAVORABLE	PRIMARY	1.0	2002.0	0.45	121.0	MUT	kidney renal clear cell carcinoma (advanced)
EA595661	RCC25-595	EVEROLIMUS	EVEROLIMUS	EVEROLIMUS	advanced, previously treated (anti-angiogenic)	NE	NA	39.6550308	1	0.032854209	0	43.0	F	True	True	NA	ICB	CM-025	INTERMEDIATE	INTERMEDIATE	PRIMARY	2.0	NA	0.19	37.0	WT	kidney renal clear cell carcinoma (advanced)
P66291-07E-Run1_S3_L001	RCC25-522	NIVOLUMAB	NIVOLUMAB	NIVOLUMAB	advanced, previously treated (anti-angiogenic)	PD	0.0	4.73100616	1	1.839835729	1	40.0	M	True	False	0.0	NCB	CM-025	POOR	POOR	PRIMARY	2.0	NA	0.24	52.0	WT	kidney renal clear cell carcinoma (advanced)
P66291-07H-Run1_S5_L001	RCC25-791	NIVOLUMAB	NIVOLUMAB	NIVOLUMAB	advanced, previously treated (anti-angiogenic)	CRPR	1.0	55.68788501	0	9.560574949	1	37.0	M	True	False	1.0	CB	CM-025	INTERMEDIATE	INTERMEDIATE	PRIMARY	1.0	NA	0.3	34.0	WT	kidney renal clear cell carcinoma (advanced)
P66291-07D-Run1_S2_L001	RCC25-138	EVEROLIMUS	EVEROLIMUS	EVEROLIMUS	advanced, previously treated (anti-angiogenic)	SD	0.0	26.90759754	1	7.753593429	1	66.0	F	True	True	NA	ICB	CM-025	FAVORABLE	FAVORABLE	PRIMARY	1.0	NA	0.58	90.0	MUT	kidney renal clear cell carcinoma (advanced)
EA595628	RCC25-118	EVEROLIMUS	EVEROLIMUS	EVEROLIMUS	advanced, previously treated (anti-angiogenic)	PD	0.0	24.73921971	1	3.383983573	1	74.0	M	True	True	NA	ICB	CM-025	FAVORABLE	FAVORABLE	METASTASIS	2.0	NA	NA	44.0	WT	kidney renal clear cell carcinoma (advanced)
P66291-11F-Run1_S24_L002	RCC25-146	NIVOLUMAB	NIVOLUMAB	NIVOLUMAB	advanced, previously treated (anti-angiogenic)	PD	0.0	13.43737166	1	1.872689938	1	66.0	M	True	False	0.0	NCB	CM-025	POOR	POOR	PRIMARY	1.0	NA	0.5	67.0	WT	kidney renal clear cell carcinoma (advanced)
P66451-04A-Run1_S2_L001	RCC25-189	EVEROLIMUS	EVEROLIMUS	EVEROLIMUS	advanced, previously treated (anti-angiogenic)	CRPR	1.0	41.92197125	1	27.00616016	1	78.0	M	True	True	1.0	CB	CM-025	INTERMEDIATE	INTERMEDIATE	METASTASIS	1.0	5.0	0.34	87.0	WT	kidney renal clear cell carcinoma (advanced)
P66432-07A-Run1_S16_L002	RCC25-108	EVEROLIMUS	EVEROLIMUS	EVEROLIMUS	advanced, previously treated (anti-angiogenic)	SD	0.0	6.209445585	1	3.58110883	1	71.0	M	True	True	NA	ICB	CM-025	INTERMEDIATE	INTERMEDIATE	PRIMARY	1.0	3892.0	0.3	131.0	WT	kidney renal clear cell carcinoma (advanced)
P66291-06G-Run1_S29_L002	RCC25-602	EVEROLIMUS	EVEROLIMUS	EVEROLIMUS	advanced, previously treated (anti-angiogenic)	SD	0.0	11.8275154	1	7.195071869	1	73.0	M	True	True	NA	ICB	CM-025	FAVORABLE	FAVORABLE	PRIMARY	2.0	NA	NA	NA	NA	kidney renal clear cell carcinoma (advanced)
P66282-12A-Run1_S22_L002	RCC25-78	EVEROLIMUS	EVEROLIMUS	EVEROLIMUS	advanced, previously treated (anti-angiogenic)	PD	0.0	2.924024641	1	0.459958932	1	60.0	F	True	True	0.0	NCB	CM-025	INTERMEDIATE	INTERMEDIATE	PRIMARY	1.0	NA	0.3	82.0	WT	kidney renal clear cell carcinoma (advanced)
P66425-06F-Run1_S29_L002	RCC25-329	NIVOLUMAB	NIVOLUMAB	NIVOLUMAB	advanced, previously treated (anti-angiogenic)	SD	0.0	60.02464066	0	11.30184805	1	83.0	F	True	False	1.0	CB	CM-025	FAVORABLE	FAVORABLE	PRIMARY	1.0	6686.0	NA	NA	NA	kidney renal clear cell carcinoma (advanced)
P66432-02B-Run1_S21_L002	RCC25-340	NIVOLUMAB	NIVOLUMAB	NIVOLUMAB	advanced, previously treated (anti-angiogenic)	SD	0.0	59.8275154	0	20.30390144	1	45.0	F	True	False	NA	ICB	CM-025	FAVORABLE	FAVORABLE	PRIMARY	2.0	3942.0	0.41	57.0	WT	kidney renal clear cell carcinoma (advanced)
EA595565	RCC25-438	EVEROLIMUS	EVEROLIMUS	EVEROLIMUS	advanced, previously treated (anti-angiogenic)	PD	0.0	9.856262834	1	1.708418891	1	69.0	F	True	True	0.0	NCB	CM-025	INTERMEDIATE	INTERMEDIATE	PRIMARY	1.0	733.0	NA	NA	NA	kidney renal clear cell carcinoma (advanced)
P66425-04C-Run1_S18_L002	RCC25-579	EVEROLIMUS	EVEROLIMUS	EVEROLIMUS	advanced, previously treated (anti-angiogenic)	SD	0.0	57.52772074	0	5.289527721	1	86.0	M	True	True	NA	ICB	CM-025	FAVORABLE	INTERMEDIATE	PRIMARY	1.0	2274.0	NA	NA	NA	kidney renal clear cell carcinoma (advanced)
P66425-02B-Run1_S4_L001	RCC25-608	EVEROLIMUS	EVEROLIMUS	EVEROLIMUS	advanced, previously treated (anti-angiogenic)	SD	0.0	56.87063655	0	8.936344969	1	80.0	F	True	True	NA	ICB	CM-025	INTERMEDIATE	INTERMEDIATE	PRIMARY	1.0	538.0	0.52	84.0	WT	kidney renal clear cell carcinoma (advanced)
P66282-11B-Run1_S16_L002	RCC25-297	EVEROLIMUS	EVEROLIMUS	EVEROLIMUS	advanced, previously treated (anti-angiogenic)	SD	0.0	17.24845996	1	6.702258727	1	65.0	F	True	True	1.0	CB	CM-025	FAVORABLE	FAVORABLE	PRIMARY	1.0	NA	NA	173.0	WT	kidney renal clear cell carcinoma (advanced)
P66282-05G-Run1_S23_L002	RCC25-539	NIVOLUMAB	NIVOLUMAB	NIVOLUMAB	advanced, previously treated (anti-angiogenic)	SD	0.0	18.13552361	1	5.092402464	1	54.0	F	True	False	NA	ICB	CM-025	POOR	POOR	PRIMARY	2.0	NA	NA	NA	NA	kidney renal clear cell carcinoma (advanced)
P66282-01B-Run1_S1_L001	RCC25-347	NIVOLUMAB	NIVOLUMAB	NIVOLUMAB	advanced, previously treated (anti-angiogenic)	CRPR	1.0	42.38193019	1	42.38193019	1	71.0	M	True	False	1.0	CB	CM-025	POOR	POOR	PRIMARY	1.0	NA	0.21	80.0	WT	kidney renal clear cell carcinoma (advanced)
EA595564	RCC25-414	EVEROLIMUS	EVEROLIMUS	EVEROLIMUS	advanced, previously treated (anti-angiogenic)	SD	0.0	23.95071869	1	22.11088296	1	65.0	M	True	True	1.0	CB	CM-025	INTERMEDIATE	INTERMEDIATE	PRIMARY	1.0	NA	NA	54.0	WT	kidney renal clear cell carcinoma (advanced)
EA595522	RCC25-678	NIVOLUMAB	NIVOLUMAB	NIVOLUMAB	advanced, previously treated (anti-angiogenic)	SD	0.0	19.64681725	1	3.186858316	1	59.0	M	True	False	NA	ICB	CM-025	INTERMEDIATE	INTERMEDIATE	PRIMARY	1.0	NA	0.55	93.0	MUT	kidney renal clear cell carcinoma (advanced)
P66291-08G-Run1_S8_L001	RCC25-845	NIVOLUMAB	NIVOLUMAB	NIVOLUMAB	advanced, previously treated (anti-angiogenic)	SD	0.0	11.23613963	1	3.712525667	1	60.0	M	True	False	NA	ICB	CM-025	INTERMEDIATE	INTERMEDIATE	PRIMARY	1.0	NA	0.39	101.0	WT	kidney renal clear cell carcinoma (advanced)
EA639018	RCC25-709	NIVOLUMAB	NIVOLUMAB	NIVOLUMAB	advanced, previously treated (anti-angiogenic)	SD	0.0	17.0513347	1	5.420944559	1	68.0	M	True	False	NA	ICB	CM-025	POOR	POOR	PRIMARY	1.0	418.0	NA	NA	NA	kidney renal clear cell carcinoma (advanced)
P66287-05E-Run1_S24_L002	RCC25-112	NIVOLUMAB	NIVOLUMAB	NIVOLUMAB	advanced, previously treated (anti-angiogenic)	SD	0.0	60.64887064	0	21.88090349	1	65.0	M	True	False	NA	ICB	CM-025	FAVORABLE	INTERMEDIATE	PRIMARY	1.0	NA	NA	NA	NA	kidney renal clear cell carcinoma (advanced)
P66282-01H-Run1_S4_L001	RCC25-3	EVEROLIMUS	EVEROLIMUS	EVEROLIMUS	advanced, previously treated (anti-angiogenic)	SD	0.0	21.2238193	1	9.232032854	1	76.0	F	True	True	1.0	CB	CM-025	FAVORABLE	FAVORABLE	PRIMARY	2.0	NA	0.61	140.0	MUT	kidney renal clear cell carcinoma (advanced)
P66291-07B-Run1_S17_L002	RCC25-321	NIVOLUMAB	NIVOLUMAB	NIVOLUMAB	advanced, previously treated (anti-angiogenic)	PD	0.0	15.11293635	1	1.675564682	1	36.0	M	True	False	0.0	NCB	CM-025	INTERMEDIATE	INTERMEDIATE	PRIMARY	1.0	NA	0.23	46.0	WT	kidney renal clear cell carcinoma (advanced)
P66282-07F-Run1_S2_L001	RCC25-520	EVEROLIMUS	EVEROLIMUS	EVEROLIMUS	advanced, previously treated (anti-angiogenic)	PD	0.0	13.33880904	1	3.515400411	1	66.0	F	True	True	NA	ICB	CM-025	POOR	POOR	METASTASIS	1.0	NA	0.7	73.0	WT	kidney renal clear cell carcinoma (advanced)
P66291-10E-Run1_S19_L002	RCC25-675	EVEROLIMUS	EVEROLIMUS	EVEROLIMUS	advanced, previously treated (anti-angiogenic)	PD	0.0	8.213552361	1	1.642710472	1	76.0	M	True	True	0.0	NCB	CM-025	INTERMEDIATE	INTERMEDIATE	PRIMARY	1.0	NA	0.42	133.0	MUT	kidney renal clear cell carcinoma (advanced)
P66287-09C-Run1_S12_L001	RCC25-84	NIVOLUMAB	NIVOLUMAB	NIVOLUMAB	advanced, previously treated (anti-angiogenic)	CRPR	1.0	44.58316222	1	7.655030801	1	75.0	M	True	False	1.0	CB	CM-025	FAVORABLE	INTERMEDIATE	PRIMARY	2.0	NA	0.37	91.0	WT	kidney renal clear cell carcinoma (advanced)
EA595635	RCC25-493	NIVOLUMAB	NIVOLUMAB	NIVOLUMAB	advanced, previously treated (anti-angiogenic)	PD	0.0	3.679671458	1	1.018480493	1	65.0	M	True	False	0.0	NCB	CM-025	INTERMEDIATE	INTERMEDIATE	PRIMARY	1.0	NA	NA	NA	NA	kidney renal clear cell carcinoma (advanced)
EA595650	RCC25-627	EVEROLIMUS	EVEROLIMUS	EVEROLIMUS	advanced, previously treated (anti-angiogenic)	NE	NA	4.960985626	1	0.032854209	0	71.0	M	True	True	NA	ICB	CM-025	INTERMEDIATE	INTERMEDIATE	METASTASIS	1.0	NA	0.17	60.0	WT	kidney renal clear cell carcinoma (advanced)
EA595621	RCC25-726	EVEROLIMUS	EVEROLIMUS	EVEROLIMUS	advanced, previously treated (anti-angiogenic)	NE	NA	0.689938398	1	0.689938398	1	56.0	M	True	True	NA	ICB	CM-025	POOR	POOR	PRIMARY	1.0	NA	NA	NA	NA	kidney renal clear cell carcinoma (advanced)
P66287-07G-Run1_S4_L001	RCC25-1061	EVEROLIMUS	EVEROLIMUS	EVEROLIMUS	advanced, previously treated (anti-angiogenic)	SD	0.0	51.05544148	0	21.48665298	1	63.0	M	True	True	1.0	CB	CM-025	POOR	POOR	PRIMARY	1.0	NA	0.18	294.0	WT	kidney renal clear cell carcinoma (advanced)
P66291-02E-Run1_S7_L001	RCC25-1062	EVEROLIMUS	EVEROLIMUS	EVEROLIMUS	advanced, previously treated (anti-angiogenic)	PD	0.0	3.646817249	1	1.938398357	1	62.0	F	True	True	0.0	NCB	CM-025	FAVORABLE	INTERMEDIATE	PRIMARY	1.0	NA	NA	NA	NA	kidney renal clear cell carcinoma (advanced)
EA595654	RCC25-465	NIVOLUMAB	NIVOLUMAB	NIVOLUMAB	advanced, previously treated (anti-angiogenic)	CRPR	1.0	58.57905544	0	11.26899384	1	70.0	M	True	False	1.0	CB	CM-025	INTERMEDIATE	INTERMEDIATE	PRIMARY	1.0	NA	NA	NA	NA	kidney renal clear cell carcinoma (advanced)
P66282-04A-Run1_S14_L002	RCC25-73	NIVOLUMAB	NIVOLUMAB	NIVOLUMAB	advanced, previously treated (anti-angiogenic)	CRPR	1.0	45.17453799	1	11.03901437	1	48.0	F	True	False	1.0	CB	CM-025	INTERMEDIATE	INTERMEDIATE	PRIMARY	2.0	NA	NA	NA	NA	kidney renal clear cell carcinoma (advanced)
EA595624	RCC25-982	NIVOLUMAB	NIVOLUMAB	NIVOLUMAB	advanced, previously treated (anti-angiogenic)	CRPR	1.0	17.83983573	0	11.8275154	1	67.0	M	True	False	1.0	CB	CM-025	INTERMEDIATE	INTERMEDIATE	PRIMARY	1.0	NA	0.33	181.0	MUT	kidney renal clear cell carcinoma (advanced)
EA595454	RCC25-677	NIVOLUMAB	NIVOLUMAB	NIVOLUMAB	advanced, previously treated (anti-angiogenic)	SD	0.0	37.81519507	1	11.10472279	1	69.0	M	True	False	1.0	CB	CM-025	FAVORABLE	FAVORABLE	METASTASIS	1.0	NA	0.34	64.0	WT	kidney renal clear cell carcinoma (advanced)
P66291-09D-Run1_S11_L001	RCC25-184	NIVOLUMAB	NIVOLUMAB	NIVOLUMAB	advanced, previously treated (anti-angiogenic)	SD	0.0	19.58110883	1	5.585215606	1	63.0	M	True	False	NA	ICB	CM-025	INTERMEDIATE	INTERMEDIATE	PRIMARY	1.0	NA	0.33	70.0	WT	kidney renal clear cell carcinoma (advanced)
EA632234	RCC25-265	NIVOLUMAB	NIVOLUMAB	NIVOLUMAB	advanced, previously treated (anti-angiogenic)	SD	0.0	16.91991786	1	8.344969199	1	58.0	M	True	False	1.0	CB	CM-025	INTERMEDIATE	POOR	PRIMARY	1.0	303.0	0.5	76.0	WT	kidney renal clear cell carcinoma (advanced)
P66282-11A-Run1_S15_L002	RCC25-37	EVEROLIMUS	EVEROLIMUS	EVEROLIMUS	advanced, previously treated (anti-angiogenic)	SD	0.0	26.21765914	1	5.716632444	1	66.0	M	True	True	NA	ICB	CM-025	INTERMEDIATE	INTERMEDIATE	PRIMARY	1.0	NA	0.5	59.0	MUT	kidney renal clear cell carcinoma (advanced)
P66511-07H-Run1_S19_L002	RCC25-656	NIVOLUMAB	NIVOLUMAB	NIVOLUMAB	advanced, previously treated (anti-angiogenic)	SD	0.0	8.27926078	1	3.778234086	1	66.0	M	True	False	NA	ICB	CM-025	INTERMEDIATE	INTERMEDIATE	PRIMARY	1.0	624.0	NA	NA	NA	kidney renal clear cell carcinoma (advanced)
EA647826	RCC25-728	NIVOLUMAB	NIVOLUMAB	NIVOLUMAB	advanced, previously treated (anti-angiogenic)	CRPR	1.0	25.98767967	1	5.782340862	1	59.0	F	True	False	1.0	CB	CM-025	FAVORABLE	FAVORABLE	PRIMARY	1.0	740.0	0.71	84.0	MUT	kidney renal clear cell carcinoma (advanced)
P66425-09F-Run1_S12_L001	RCC25-217	EVEROLIMUS	EVEROLIMUS	EVEROLIMUS	advanced, previously treated (anti-angiogenic)	SD	0.0	4.402464066	1	1.938398357	1	31.0	M	True	True	NA	ICB	CM-025	POOR	POOR	PRIMARY	1.0	888.0	0.57	41.0	WT	kidney renal clear cell carcinoma (advanced)
P66451-07A-Run1_S15_L002	RCC25-378	NIVOLUMAB	NIVOLUMAB	NIVOLUMAB	advanced, previously treated (anti-angiogenic)	PD	0.0	16.78850103	1	1.905544148	1	47.0	F	True	False	0.0	NCB	CM-025	FAVORABLE	INTERMEDIATE	PRIMARY	1.0	511.0	0.35	52.0	WT	kidney renal clear cell carcinoma (advanced)
P66511-09G-Run1_S31_L002	RCC25-690	EVEROLIMUS	EVEROLIMUS	EVEROLIMUS	advanced, previously treated (anti-angiogenic)	CRPR	1.0	46.48870637	1	17.64271047	1	41.0	M	True	True	1.0	CB	CM-025	FAVORABLE	FAVORABLE	PRIMARY	1.0	1517.0	0.35	48.0	MUT	kidney renal clear cell carcinoma (advanced)
P66511-06F-Run1_S15_L001	RCC25-904	NIVOLUMAB	NIVOLUMAB	NIVOLUMAB	advanced, previously treated (anti-angiogenic)	PD	0.0	3.022587269	1	1.511293635	1	51.0	F	True	False	0.0	NCB	CM-025	POOR	POOR	METASTASIS	2.0	1015.0	NA	NA	NA	kidney renal clear cell carcinoma (advanced)
P66287-02A-Run1_S5_L001	RCC25-1041	NIVOLUMAB	NIVOLUMAB	NIVOLUMAB	advanced, previously treated (anti-angiogenic)	CRPR	1.0	50.75975359	0	46.09445585	0	57.0	M	True	False	1.0	CB	CM-025	INTERMEDIATE	POOR	PRIMARY	1.0	NA	NA	NA	NA	kidney renal clear cell carcinoma (advanced)
P66282-09E-Run1_S10_L001	RCC25-349	EVEROLIMUS	EVEROLIMUS	EVEROLIMUS	advanced, previously treated (anti-angiogenic)	PD	0.0	16.95277207	1	2.168377823	1	70.0	F	True	True	0.0	NCB	CM-025	INTERMEDIATE	INTERMEDIATE	METASTASIS	1.0	NA	0.52	65.0	WT	kidney renal clear cell carcinoma (advanced)
P66282-04E-Run1_S18_L002	RCC25-495	EVEROLIMUS	EVEROLIMUS	EVEROLIMUS	advanced, previously treated (anti-angiogenic)	PD	0.0	3.58110883	1	1.80698152	1	58.0	M	True	True	0.0	NCB	CM-025	FAVORABLE	INTERMEDIATE	PRIMARY	1.0	NA	0.38	131.0	WT	kidney renal clear cell carcinoma (advanced)
P66282-03D-Run1_S11_L001	RCC25-535	NIVOLUMAB	NIVOLUMAB	NIVOLUMAB	advanced, previously treated (anti-angiogenic)	PD	0.0	5.519507187	0	1.80698152	1	50.0	M	True	False	0.0	NCB	CM-025	INTERMEDIATE	INTERMEDIATE	PRIMARY	1.0	NA	0.4	132.0	WT	kidney renal clear cell carcinoma (advanced)
P66282-03F-Run1_S12_L001	RCC25-861	EVEROLIMUS	EVEROLIMUS	EVEROLIMUS	advanced, previously treated (anti-angiogenic)	SD	0.0	36.04106776	1	11.20328542	1	59.0	M	True	True	1.0	CB	CM-025	FAVORABLE	FAVORABLE	PRIMARY	1.0	NA	0.46	171.0	WT	kidney renal clear cell carcinoma (advanced)
P66282-02E-Run1_S6_L001	RCC25-933	EVEROLIMUS	EVEROLIMUS	EVEROLIMUS	advanced, previously treated (anti-angiogenic)	SD	0.0	25.52772074	1	9.790554415	1	71.0	M	True	True	1.0	CB	CM-025	INTERMEDIATE	INTERMEDIATE	PRIMARY	1.0	NA	0.43	257.0	WT	kidney renal clear cell carcinoma (advanced)
P66282-06B-Run1_S17_L002	RCC25-683	EVEROLIMUS	EVEROLIMUS	EVEROLIMUS	advanced, previously treated (anti-angiogenic)	SD	0.0	17.01848049	0	5.388090349	1	53.0	F	True	True	NA	ICB	CM-025	INTERMEDIATE	POOR	PRIMARY	1.0	NA	0.5	87.0	WT	kidney renal clear cell carcinoma (advanced)
EA595653	RCC25-880	EVEROLIMUS	EVEROLIMUS	EVEROLIMUS	advanced, previously treated (anti-angiogenic)	SD	0.0	3.285420945	1	3.285420945	1	61.0	M	True	True	NA	ICB	CM-025	FAVORABLE	INTERMEDIATE	METASTASIS	2.0	NA	0.14	92.0	WT	kidney renal clear cell carcinoma (advanced)
P66287-11B-Run1_S21_L002	RCC25-940	NIVOLUMAB	NIVOLUMAB	NIVOLUMAB	advanced, previously treated (anti-angiogenic)	CRPR	1.0	9.330595483	1	9.330595483	1	76.0	M	True	False	1.0	CB	CM-025	POOR	INTERMEDIATE	PRIMARY	1.0	NA	NA	NA	NA	kidney renal clear cell carcinoma (advanced)
P66287-08B-Run1_S7_L001	RCC25-992	NIVOLUMAB	NIVOLUMAB	NIVOLUMAB	advanced, previously treated (anti-angiogenic)	PD	0.0	13.33880904	1	1.741273101	1	58.0	M	True	False	0.0	NCB	CM-025	POOR	POOR	METASTASIS	1.0	NA	0.38	103.0	WT	kidney renal clear cell carcinoma (advanced)
EA595473	RCC25-229	EVEROLIMUS	EVEROLIMUS	EVEROLIMUS	advanced, previously treated (anti-angiogenic)	CRPR	1.0	42.28336756	1	26.74332649	1	61.0	M	True	True	1.0	CB	CM-025	FAVORABLE	INTERMEDIATE	PRIMARY	2.0	NA	0.23	47.0	WT	kidney renal clear cell carcinoma (advanced)
P66287-01A-Run1_S16_L002	RCC25-899	EVEROLIMUS	EVEROLIMUS	EVEROLIMUS	advanced, previously treated (anti-angiogenic)	PD	0.0	5.585215606	1	1.839835729	1	53.0	M	True	True	0.0	NCB	CM-025	FAVORABLE	INTERMEDIATE	PRIMARY	2.0	NA	0.24	87.0	WT	kidney renal clear cell carcinoma (advanced)
EA632744	RCC25-504	EVEROLIMUS	EVEROLIMUS	EVEROLIMUS	advanced, previously treated (anti-angiogenic)	SD	0.0	53.15811088	1	23.95071869	1	82.0	M	True	True	1.0	CB	CM-025	FAVORABLE	FAVORABLE	PRIMARY	2.0	5500.0	0.48	94.0	WT	kidney renal clear cell carcinoma (advanced)
P66425-11F-Run1_S14_L002	RCC25-575	EVEROLIMUS	EVEROLIMUS	EVEROLIMUS	advanced, previously treated (anti-angiogenic)	PD	0.0	3.318275154	1	1.708418891	1	60.0	M	True	True	0.0	NCB	CM-025	INTERMEDIATE	INTERMEDIATE	PRIMARY	2.0	438.0	0.35	39.0	WT	kidney renal clear cell carcinoma (advanced)
P66511-05F-Run1_S12_L001	RCC25-649	EVEROLIMUS	EVEROLIMUS	EVEROLIMUS	advanced, previously treated (anti-angiogenic)	SD	0.0	57.06776181	0	9.166324435	1	62.0	M	True	True	1.0	CB	CM-025	FAVORABLE	INTERMEDIATE	PRIMARY	1.0	2018.0	0.35	54.0	MUT	kidney renal clear cell carcinoma (advanced)
EA639040	RCC25-754	NIVOLUMAB	NIVOLUMAB	NIVOLUMAB	advanced, previously treated (anti-angiogenic)	PD	0.0	34.03696099	1	1.675564682	1	71.0	M	True	False	0.0	NCB	CM-025	INTERMEDIATE	INTERMEDIATE	PRIMARY	2.0	3200.0	0.28	59.0	WT	kidney renal clear cell carcinoma (advanced)
P66507-04D-Run1_S3_L001	RCC25-756	NIVOLUMAB	NIVOLUMAB	NIVOLUMAB	advanced, previously treated (anti-angiogenic)	CRPR	1.0	55.35934292	0	10.15195072	0	63.0	M	True	False	1.0	CB	CM-025	FAVORABLE	INTERMEDIATE	PRIMARY	1.0	545.0	0.63	70.0	MUT	kidney renal clear cell carcinoma (advanced)
P66511-01B-Run1_S15_L002	RCC25-866	EVEROLIMUS	EVEROLIMUS	EVEROLIMUS	advanced, previously treated (anti-angiogenic)	SD	0.0	53.15811088	0	1.872689938	1	64.0	M	True	True	NA	ICB	CM-025	FAVORABLE	FAVORABLE	METASTASIS	1.0	306.0	0.25	49.0	WT	kidney renal clear cell carcinoma (advanced)
P66507-07G-Run1_S17_L002	RCC25-892	NIVOLUMAB	NIVOLUMAB	NIVOLUMAB	advanced, previously treated (anti-angiogenic)	CRPR	1.0	55.12936345	0	5.585215606	1	67.0	M	True	False	1.0	CB	CM-025	FAVORABLE	INTERMEDIATE	PRIMARY	1.0	420.0	0.44	58.0	WT	kidney renal clear cell carcinoma (advanced)
P66507-06E-Run1_S12_L001	RCC25-909	EVEROLIMUS	EVEROLIMUS	EVEROLIMUS	advanced, previously treated (anti-angiogenic)	SD	0.0	25.724846	1	1.938398357	0	68.0	M	True	True	NA	ICB	CM-025	FAVORABLE	INTERMEDIATE	PRIMARY	2.0	775.0	0.36	73.0	WT	kidney renal clear cell carcinoma (advanced)
P66425-05B-Run1_S21_L002	RCC25-105	NIVOLUMAB	NIVOLUMAB	NIVOLUMAB	advanced, previously treated (anti-angiogenic)	PD	0.0	63.50718686	0	1.642710472	1	63.0	F	True	False	0.0	NCB	CM-025	FAVORABLE	FAVORABLE	METASTASIS	1.0	504.0	NA	34.0	WT	kidney renal clear cell carcinoma (advanced)
P66425-03B-Run1_S10_L001	RCC25-30	NIVOLUMAB	NIVOLUMAB	NIVOLUMAB	advanced, previously treated (anti-angiogenic)	SD	0.0	9.593429158	1	3.58110883	1	74.0	F	True	False	NA	ICB	CM-025	INTERMEDIATE	INTERMEDIATE	PRIMARY	3.0	2401.0	0.53	95.0	MUT	kidney renal clear cell carcinoma (advanced)
P66507-08F-Run1_S22_L002	RCC25-799	EVEROLIMUS	EVEROLIMUS	EVEROLIMUS	advanced, previously treated (anti-angiogenic)	NE	NA	15.83572895	1	0.032854209	0	65.0	M	True	True	NA	ICB	CM-025	INTERMEDIATE	INTERMEDIATE	METASTASIS	1.0	880.0	NA	NA	NA	kidney renal clear cell carcinoma (advanced)
EA639069	RCC25-836	NIVOLUMAB	NIVOLUMAB	NIVOLUMAB	advanced, previously treated (anti-angiogenic)	PD	0.0	54.80082136	0	1.872689938	1	52.0	M	True	False	0.0	NCB	CM-025	FAVORABLE	FAVORABLE	PRIMARY	2.0	1431.0	0.51	47.0	MUT	kidney renal clear cell carcinoma (advanced)
P66282-11G-Run1_S20_L002	RCC25-706	NIVOLUMAB	NIVOLUMAB	NIVOLUMAB	advanced, previously treated (anti-angiogenic)	PD	0.0	2.004106776	1	1.971252567	1	63.0	M	True	False	0.0	NCB	CM-025	INTERMEDIATE	INTERMEDIATE	PRIMARY	1.0	8.0	NA	NA	NA	kidney renal clear cell carcinoma (advanced)
P66287-01F-Run1_S3_L001	RCC25-788	EVEROLIMUS	EVEROLIMUS	EVEROLIMUS	advanced, previously treated (anti-angiogenic)	NE	NA	1.379876797	1	1.379876797	1	64.0	M	True	True	NA	ICB	CM-025	POOR	POOR	PRIMARY	1.0	NA	NA	146.0	WT	kidney renal clear cell carcinoma (advanced)
RCC_102_T_SCR	RCC_102	NIVOLUMAB	NIVOLUMAB	NIVOLUMAB	advanced, previously treated (anti-angiogenic)	SD	0.0	5.424657534	0	3.550684932	1	64.0	MALE	False	False	NA	ICB	CM-009	NA	NA	METASTASIS	NA	42.0	0.5	111.0	MUT	kidney renal clear cell carcinoma (advanced)
RCC_105_T_SCR	RCC_105	NIVOLUMAB	NIVOLUMAB	NIVOLUMAB	advanced, previously treated (anti-angiogenic)	PD	0.0	3.879452055	1	1.479452055	1	64.0	MALE	False	False	0.0	NCB	CM-009	NA	NA	METASTASIS	NA	42.0	0.48	99.0	WT	kidney renal clear cell carcinoma (advanced)
RCC_106_T_SCR	RCC_106	NIVOLUMAB	NIVOLUMAB	NIVOLUMAB	advanced, previously treated (anti-angiogenic)	PR	1.0	28.60273973	0	26.99178082	0	61.0	FEMALE	False	False	1.0	CB	CM-009	NA	NA	METASTASIS	NA	42.0	0.32	71.0	MUT	kidney renal clear cell carcinoma (advanced)
RCC_115_T_SCR	RCC_115	NIVOLUMAB	NIVOLUMAB	NIVOLUMAB	advanced, previously treated (anti-angiogenic)	SD	0.0	12.03287671	0	2.860273973	1	60.0	MALE	False	False	NA	ICB	CM-009	NA	NA	METASTASIS	NA	42.0	0.63	62.0	WT	kidney renal clear cell carcinoma (advanced)
RCC_117_T_SCR	RCC_117	NIVOLUMAB	NIVOLUMAB	NIVOLUMAB	advanced, previously treated (anti-angiogenic)	SD	0.0	2.104109589	0	1.249315068	0	58.0	MALE	False	False	NA	ICB	CM-009	NA	NA	METASTASIS	0.0	42.0	0.34	61.0	MUT	kidney renal clear cell carcinoma (advanced)
RCC_14_T_SCR	RCC_14	NIVOLUMAB	NIVOLUMAB	NIVOLUMAB	advanced, previously treated (anti-angiogenic)	PR	1.0	33.69863014	0	17.78630137	1	59.0	MALE	False	False	1.0	CB	CM-009	NA	NA	METASTASIS	0.0	42.0	0.25	84.0	MUT	kidney renal clear cell carcinoma (advanced)
RCC_18_T_SCR	RCC_18	NIVOLUMAB	NIVOLUMAB	NIVOLUMAB	advanced, previously treated (anti-angiogenic)	PD	0.0	3.649315068	0	1.41369863	1	68.0	MALE	False	False	0.0	NCB	CM-009	NA	NA	METASTASIS	NA	42.0	0.28	60.0	MUT	kidney renal clear cell carcinoma (advanced)
RCC_21_T_SCR	RCC_21	NIVOLUMAB	NIVOLUMAB	NIVOLUMAB	advanced, previously treated (anti-angiogenic)	SD	0.0	11.4739726	0	1.41369863	0	64.0	MALE	False	False	NA	ICB	CM-009	NA	NA	METASTASIS	NA	42.0	0.53	81.0	MUT	kidney renal clear cell carcinoma (advanced)
RCC_27_T_SCR	RCC_27	NIVOLUMAB	NIVOLUMAB	NIVOLUMAB	advanced, previously treated (anti-angiogenic)	PD	0.0	31.82465753	0	1.150684932	1	59.0	MALE	False	False	0.0	NCB	CM-009	NA	NA	METASTASIS	NA	42.0	0.35	95.0	WT	kidney renal clear cell carcinoma (advanced)
RCC_41_T_SCR	RCC_41	NIVOLUMAB	NIVOLUMAB	NIVOLUMAB	advanced, previously treated (anti-angiogenic)	PD	0.0	6.410958904	0	1.380821918	1	66.0	MALE	False	False	0.0	NCB	CM-009	NA	NA	METASTASIS	NA	42.0	0.2	71.0	WT	kidney renal clear cell carcinoma (advanced)
RCC_50_T_SCR	RCC_50	NIVOLUMAB	NIVOLUMAB	NIVOLUMAB	advanced, previously treated (anti-angiogenic)	SD	0.0	32.28493151	0	2.82739726	1	63.0	FEMALE	False	False	1.0	CB	CM-009	NA	NA	METASTASIS	0.0	42.0	0.32	125.0	MUT	kidney renal clear cell carcinoma (advanced)
RCC_73_T_SCR	RCC_73	NIVOLUMAB	NIVOLUMAB	NIVOLUMAB	advanced, previously treated (anti-angiogenic)	PD	0.0	5.852054795	1	1.906849315	1	77.0	MALE	False	False	0.0	NCB	CM-009	NA	NA	METASTASIS	NA	42.0	0.59	44.0	WT	kidney renal clear cell carcinoma (advanced)
RCC_90_T_SCR	RCC_90	NIVOLUMAB	NIVOLUMAB	NIVOLUMAB	advanced, previously treated (anti-angiogenic)	PD	0.0	16.40547945	1	1.183561644	1	54.0	MALE	False	False	0.0	NCB	CM-009	NA	NA	METASTASIS	NA	42.0	0.31	100.0	WT	kidney renal clear cell carcinoma (advanced)
RCC_93_T_SCR	RCC_93	NIVOLUMAB	NIVOLUMAB	NIVOLUMAB	advanced, previously treated (anti-angiogenic)	PR	1.0	22.48767123	1	16.43835616	1	64.0	MALE	False	False	1.0	CB	CM-009	NA	NA	METASTASIS	NA	42.0	0.17	87.0	MUT	kidney renal clear cell carcinoma (advanced)
RCC_96_T_SCR	RCC_96	NIVOLUMAB	NIVOLUMAB	NIVOLUMAB	advanced, previously treated (anti-angiogenic)	PD	0.0	19.13424658	0	1.216438356	1	75.0	FEMALE	False	False	0.0	NCB	CM-009	NA	NA	METASTASIS	NA	42.0	0.67	150.0	MUT	kidney renal clear cell carcinoma (advanced)
RCC_99_T_SCR	RCC_99	NIVOLUMAB	NIVOLUMAB	NIVOLUMAB	advanced, previously treated (anti-angiogenic)	PD	0.0	1.347945205	1	1.347945205	1	50.0	MALE	False	False	0.0	NCB	CM-009	NA	NA	METASTASIS	NA	42.0	0.32	99.0	WT	kidney renal clear cell carcinoma (advanced)
