drug	patients	responders	cancers	model	mean_within_cancer_AUC	kfold_within_cancer_AUC	pooled_AUC	perm_p_loco	null_mean_loco	perm_p_kfold	null_mean_kfold
CAPECITABINE	94	60	3.0	patient_only	0.4837110601816484	0.5552796876326288	0.5026737967914439	0.6666666666666666	0.5280982089805619	0.4705882352941176	0.5493159324335795
CAPECITABINE	94	60	3.0	network	0.5352516764281471	0.576818606230371	0.5196078431372548				
CAPECITABINE	94	60	3.0	TRIAD_all	0.5352516764281471	0.576818606230371	0.5196078431372548	0.4705882352941176	0.522202529496647	0.3725490196078431	0.5393837535014004
CARBOPLATIN	259	171	7.0	patient_only	0.5231503288854548	0.481867155537064	0.5256008359456635	0.4117647058823529	0.4934496109344508	0.7254901960784313	0.520847621771821
CARBOPLATIN	259	171	7.0	network	0.5231503288854548	0.481867155537064	0.5256008359456635				
CARBOPLATIN	259	171	7.0	TRIAD_all	0.5231503288854548	0.481867155537064	0.5256008359456635	0.4117647058823529	0.4934496109344508	0.7254901960784313	0.520847621771821
CISPLATIN	418	323	8.0	patient_only	0.6373120137442778	0.6469715617833327	0.607756991685563	0.0196078431372549	0.4900985124018395	0.0392156862745098	0.5230110533265093
CISPLATIN	418	323	8.0	network	0.6276052572824842	0.648215069733495	0.6181500377928949				
CISPLATIN	418	323	8.0	cell_line_prior	0.6156631271059956	0.6412122546162843	0.6058201058201058				
CISPLATIN	418	323	8.0	organoid_prior	0.6047685191806348	0.6250223565513863	0.5766250944822373				
CISPLATIN	418	323	8.0	TRIAD_all	0.5959074294632354	0.6020625494061338	0.5823885109599395	0.0196078431372549	0.4878252844461221	0.0392156862745098	0.4999431722891028
CISPLATIN	418	323		frozen_cell_line	0.4931328766820548	0.4931328766820548					
CISPLATIN	418	323		frozen_organoid	0.5000982632013915	0.5000982632013915					
DOCETAXEL	161	109	4.0	patient_only	0.5230042670053096	0.4552198957941385	0.5068697729988053	0.3137254901960784	0.481486195597642	0.7647058823529411	0.5293061217024123
DOCETAXEL	161	109	4.0	network	0.5278121603118859	0.4306163510180191	0.5188172043010753				
DOCETAXEL	161	109	4.0	cell_line_prior	0.5088891806722688	0.4633199548476107	0.5002986857825568				
DOCETAXEL	161	109	4.0	organoid_prior	0.5065845927923409	0.4709335413269785	0.5152329749103943				
DOCETAXEL	161	109	4.0	TRIAD_all	0.5297043537564279	0.4649759997282495	0.5421146953405018	0.2549019607843137	0.4896208884673272	0.7058823529411765	0.5101553485200051
DOCETAXEL	161	109		frozen_cell_line	0.5178509370165977	0.5178509370165977					
DOCETAXEL	161	109		frozen_organoid	0.5333200724319578	0.5333200724319578					
DOXORUBICIN	169	123	4.0	patient_only	0.5181455358179496	0.6596627191454777	0.4556387565237123	0.3725490196078431	0.5104189016602809	0.1176470588235294	0.5545109427609427
DOXORUBICIN	169	123	4.0	network	0.4369078718216649	0.5411369441541856	0.4098025867937372				
DOXORUBICIN	169	123	4.0	cell_line_prior	0.4997634389875769	0.6502510739579705	0.4663036078965282				
DOXORUBICIN	169	123	4.0	organoid_prior	0.4629049111807732	0.5596032160687333	0.4819605173587474				
DOXORUBICIN	169	123	4.0	TRIAD_all	0.4503947521188901	0.4768344363171949	0.4760608123439982	0.7843137254901961	0.5009486241727621	0.7254901960784313	0.5086079472889817
DOXORUBICIN	169	123		frozen_cell_line	0.4664692906072216	0.4664692906072216					
DOXORUBICIN	169	123		frozen_organoid	0.5050142226866364	0.5050142226866364					
ETOPOSIDE	107	86	3.0	patient_only	0.659041394335512	0.7766884531590413	0.5659259259259259	0.2352941176470588	0.5251764705882352	0.0588235294117647	0.5409019607843137
ETOPOSIDE	107	86	3.0	network	0.7183006535947712	0.7628540305010895	0.5985185185185186				
ETOPOSIDE	107	86	3.0	cell_line_prior	0.6580610021786493	0.8107843137254903	0.5377777777777778				
ETOPOSIDE	107	86	3.0	organoid_prior	0.4666666666666666	0.6704793028322441	0.4962962962962963				
ETOPOSIDE	107	86	3.0	TRIAD_all	0.3301742919389978	0.4943355119825707	0.4385185185185185	0.9607843137254902	0.5117799564270152	0.6078431372549019	0.5188867102396515
ETOPOSIDE	107	86		frozen_cell_line	0.589433551198257	0.589433551198257					
ETOPOSIDE	107	86		frozen_organoid	0.3701525054466231	0.3701525054466231					
FLUOROURACIL	277	197	6.0	patient_only	0.4183584433942436	0.5134151430262096	0.4511320888636524	0.8235294117647058	0.4954279018938487	0.6078431372549019	0.5317895286731064
FLUOROURACIL	277	197	6.0	network	0.3968131968590211	0.4659762944675306	0.4197600965292072				
FLUOROURACIL	277	197	6.0	cell_line_prior	0.4001598632398266	0.4825607067859903	0.4485769039676344				
FLUOROURACIL	277	197	6.0	organoid_prior	0.3795720931203232	0.4862418697780709	0.4627723756121797				
FLUOROURACIL	277	197	6.0	TRIAD_all	0.4043185551247757	0.4350588791647332	0.4473702888778479	0.8823529411764706	0.4949081257841712	0.8823529411764706	0.5064164071312657
FLUOROURACIL	277	197		frozen_cell_line	0.4931006998712349	0.4931006998712349					
FLUOROURACIL	277	197		frozen_organoid	0.427156297854545	0.427156297854545					
GEMCITABINE	230	110	4.0	patient_only	0.451633812625192	0.5132912385067557	0.4997760358342665	0.803921568627451	0.4996261721477238	0.4509803921568627	0.5081173526755424
GEMCITABINE	230	110	4.0	network	0.5169921075093489	0.5539684553693175	0.5311310190369541				
GEMCITABINE	230	110	4.0	cell_line_prior	0.4849569779526675	0.5251514707333672	0.5223964165733482				
GEMCITABINE	230	110	4.0	organoid_prior	0.453524360851947	0.4875493426139978	0.4924972004479284				
GEMCITABINE	230	110	4.0	TRIAD_all	0.5121121322629943	0.5306756675291158	0.5315789473684209	0.4117647058823529	0.4944017467077812	0.2941176470588235	0.498849870617112
GEMCITABINE	230	110		frozen_cell_line	0.5241011108468006	0.5241011108468006					
GEMCITABINE	230	110		frozen_organoid	0.4796718487451246	0.4796718487451246					
OXALIPLATIN	108	67	4.0	patient_only	0.6488167425667426	0.6965781028281028	0.5162393162393162	0.1764705882352941	0.5223710647460647	0.1372549019607843	0.5646870235620236
OXALIPLATIN	108	67	4.0	network	0.6488167425667426	0.6965781028281028	0.5162393162393162				
OXALIPLATIN	108	67	4.0	cell_line_prior	0.660951060951061	0.7150022275022274	0.5303418803418803				
OXALIPLATIN	108	67	4.0	organoid_prior	0.6266745454245455	0.6457149457149457	0.5008547008547009				
OXALIPLATIN	108	67	4.0	TRIAD_all	0.6628314440814441	0.6490933240933241	0.5081196581196581	0.1176470588235294	0.5091857283107282	0.1568627450980392	0.5410536869286869
OXALIPLATIN	108	67		frozen_cell_line	0.5848956786456787	0.5848956786456787					
OXALIPLATIN	108	67		frozen_organoid	0.6058938058938059	0.6058938058938059					
PACLITAXEL	244	175	7.0	patient_only	0.5459470489827633	0.5393832159903589	0.515791865485117	0.2745098039215686	0.5040425217639504	0.5294117647058824	0.5480264893836322
PACLITAXEL	244	175	7.0	network	0.5794601826744683	0.5582637402280258	0.561122472165417				
PACLITAXEL	244	175	7.0	cell_line_prior	0.5421403199974628	0.5483753548039262	0.5251079300159055				
PACLITAXEL	244	175	7.0	organoid_prior	0.604225357975358	0.6054331581117296	0.5576005453306067				
PACLITAXEL	244	175	7.0	TRIAD_all	0.6543902327830898	0.6496993879136737	0.6324698932060895	0.0392156862745098	0.5011743732458017	0.0392156862745098	0.5215582354153783
PACLITAXEL	244	175		frozen_cell_line	0.512185532721247	0.512185532721247					
PACLITAXEL	244	175		frozen_organoid	0.6086788013573727	0.6086788013573727					
TEMOZOLOMIDE	136	23	1.0	patient_only	0.5813852813852813	0.5415584415584416	0.5813852813852813	0.0980392156862745	0.4962337662337661	0.2745098039215686	0.4922943722943724
TEMOZOLOMIDE	136	23	1.0	network	0.5813852813852813	0.5415584415584416	0.5813852813852813				
TEMOZOLOMIDE	136	23	1.0	cell_line_prior	0.5748917748917748	0.561038961038961	0.5748917748917748				
TEMOZOLOMIDE	136	23	1.0	organoid_prior	0.6043290043290044	0.5822510822510822	0.6043290043290044				
TEMOZOLOMIDE	136	23	1.0	TRIAD_all	0.6121212121212122	0.5904761904761905	0.6121212121212122	0.0392156862745098	0.4899480519480519	0.0588235294117647	0.4871515151515151
TEMOZOLOMIDE	136	23		frozen_cell_line	0.5255411255411255	0.5255411255411255					
TEMOZOLOMIDE	136	23		frozen_organoid	0.5939393939393939	0.5939393939393939					
