sample	CCLE_Name	stripped_cell_line_name	lineage	lineage_subtype	primary_disease	COSMICID	Sanger_Model_ID
ACH-000002	HL60_HAEMATOPOIETIC_AND_LYMPHOID_TISSUE	HL60	blood	AML	Leukemia	905938.0	SIDM00829
ACH-000004	HEL_HAEMATOPOIETIC_AND_LYMPHOID_TISSUE	HEL	blood	AML	Leukemia	907053.0	SIDM00594
ACH-000005	HEL9217_HAEMATOPOIETIC_AND_LYMPHOID_TISSUE	HEL9217	blood	AML	Leukemia		SIDM00593
ACH-000006	MONOMAC6_HAEMATOPOIETIC_AND_LYMPHOID_TISSUE	MONOMAC6	blood	AML	Leukemia	908148.0	SIDM01023
ACH-000007	LS513_LARGE_INTESTINE	LS513	colorectal	colorectal_adenocarcinoma	Colon/Colorectal Cancer	907795.0	SIDM00677
ACH-000008	A101D_SKIN	A101D	skin	melanoma	Skin Cancer	910921.0	SIDM00801
ACH-000009	C2BBE1_LARGE_INTESTINE	C2BBE1	colorectal	colorectal_adenocarcinoma	Colon/Colorectal Cancer	910700.0	SIDM01233
ACH-000011	253J_URINARY_TRACT	253J	urinary_tract	bladder_carcinoma	Bladder Cancer		
ACH-000012	HCC827_LUNG	HCC827	lung	NSCLC	Lung Cancer	1240146.0	SIDM01067
ACH-000013	ONCODG1_OVARY	ONCODG1	ovary	ovary_adenocarcinoma	Ovarian Cancer		SIDM00093
ACH-000014	HS294T_SKIN	HS294T	skin	melanoma	Skin Cancer		SIDM00800
ACH-000015	NCIH1581_LUNG	NCIH1581	lung	NSCLC	Lung Cancer	908471.0	SIDM00748
ACH-000017	SKBR3_BREAST	SKBR3	breast	breast_carcinoma	Breast Cancer		SIDM00897
ACH-000018	T24_URINARY_TRACT	T24	urinary_tract	bladder_carcinoma	Bladder Cancer	724812.0	SIDM01184
ACH-000019	MCF7_BREAST	MCF7	breast	breast_carcinoma	Breast Cancer	905946.0	SIDM00148
ACH-000021	NCIH1693_LUNG	NCIH1693	lung	NSCLC	Lung Cancer	687802.0	SIDM00742
ACH-000022	PATU8988S_PANCREAS	PATU8988S	pancreas	exocrine	Pancreatic Cancer		SIDM00452
ACH-000023	PATU8988T_PANCREAS	PATU8988T	pancreas	exocrine	Pancreatic Cancer	1240201.0	SIDM00453
ACH-000024	OPM2_HAEMATOPOIETIC_AND_LYMPHOID_TISSUE	OPM2	plasma_cell	multiple_myeloma	Myeloma	909249.0	SIDM00457
ACH-000026	253JBV_URINARY_TRACT	253JBV	urinary_tract	bladder_carcinoma	Bladder Cancer		
ACH-000027	GOS3_CENTRAL_NERVOUS_SYSTEM	GOS3	central_nervous_system	glioma	Brain Cancer		
ACH-000028	KPL1_BREAST	KPL1	breast	breast_carcinoma	Breast Cancer		SIDM00147
ACH-000030	PC14_LUNG	PC14	lung	NSCLC	Lung Cancer	753608.0	SIDM00237
ACH-000032	MHHCALL3_HAEMATOPOIETIC_AND_LYMPHOID_TISSUE	MHHCALL3	blood	ALL	Leukemia		
ACH-000035	NCIH1650_LUNG	NCIH1650	lung	NSCLC	Lung Cancer	687800.0	SIDM00745
ACH-000038	EHEB_HAEMATOPOIETIC_AND_LYMPHOID_TISSUE	EHEB	lymphocyte	lymphoma_unspecified	Lymphoma	906854.0	SIDM01049
ACH-000039	SKNMC_BONE	SKNMC	bone	Ewing_sarcoma	Bone Cancer		SIDM00634
ACH-000040	U118MG_CENTRAL_NERVOUS_SYSTEM	U118MG	central_nervous_system	glioma	Brain Cancer	687588.0	SIDM01193
ACH-000041	RDES_BONE	RDES	bone	Ewing_sarcoma	Bone Cancer		
ACH-000042	PANC0203_PANCREAS	PANC0203	pancreas	exocrine	Pancreatic Cancer	1298475.0	SIDM01139
ACH-000043	HS895T_FIBROBLAST	HS895T	fibroblast	fibroblast_skin	Fibroblast		
ACH-000045	MV411_HAEMATOPOIETIC_AND_LYMPHOID_TISSUE	MV411	blood	AML	Leukemia	908156.0	SIDM00657
ACH-000046	ACHN_KIDNEY	ACHN	kidney	renal_cell_carcinoma	Kidney Cancer	905950.0	SIDM00123
ACH-000048	TOV112D_OVARY	TOV112D	ovary	ovary_adenocarcinoma	Ovarian Cancer	1299070.0	SIDM01170
ACH-000050	NCIH929_HAEMATOPOIETIC_AND_LYMPHOID_TISSUE	NCIH929	plasma_cell	multiple_myeloma	Myeloma	724825.0	SIDM01148
ACH-000051	TE617T_SOFT_TISSUE	TE617T	soft_tissue	rhabdomyosarcoma	Sarcoma		
ACH-000052	A673_BONE	A673	bone	Ewing_sarcoma	Bone Cancer	684052.0	SIDM00848
ACH-000053	KARPAS299_HAEMATOPOIETIC_AND_LYMPHOID_TISSUE	KARPAS299	lymphocyte	non_hodgkin_lymphoma	Lymphoma	907273.0	SIDM01010
ACH-000054	HT1080_SOFT_TISSUE	HT1080	soft_tissue	fibrosarcoma	Sarcoma	907064.0	SIDM00828
ACH-000055	D283MED_CENTRAL_NERVOUS_SYSTEM	D283MED	central_nervous_system	medulloblastoma	Brain Cancer	906834.0	SIDM00888
ACH-000056	DOHH2_HAEMATOPOIETIC_AND_LYMPHOID_TISSUE	DOHH2	lymphocyte	non_hodgkin_lymphoma	Lymphoma	906842.0	SIDM00981
ACH-000058	ML1_THYROID	ML1	thyroid	thyroid_carcinoma	Thyroid Cancer	1240178.0	SIDM00442
ACH-000059	SUPB15_HAEMATOPOIETIC_AND_LYMPHOID_TISSUE	SUPB15	blood	ALL	Leukemia	1247871.0	SIDM01176
ACH-000060	PANC1005_PANCREAS	PANC1005	pancreas	exocrine	Pancreatic Cancer	925348.0	SIDM01135
ACH-000061	HH_HAEMATOPOIETIC_AND_LYMPHOID_TISSUE	HH	lymphocyte	non_hodgkin_lymphoma	Lymphoma	907056.0	SIDM00671
ACH-000062	RERFLCMS_LUNG	RERFLCMS	lung	NSCLC	Lung Cancer	910931.0	SIDM00355
ACH-000065	OCIAML5_HAEMATOPOIETIC_AND_LYMPHOID_TISSUE	OCIAML5	blood	AML	Leukemia	1330983.0	SIDM00461
ACH-000066	HCC4006_LUNG	HCC4006	lung	NSCLC	Lung Cancer		
ACH-000067	HS683_CENTRAL_NERVOUS_SYSTEM	HS683	central_nervous_system	glioma	Brain Cancer	1240150.0	SIDM00666
ACH-000068	REC1_HAEMATOPOIETIC_AND_LYMPHOID_TISSUE	REC1	lymphocyte	non_hodgkin_lymphoma	Lymphoma		
ACH-000069	HS611T_HAEMATOPOIETIC_AND_LYMPHOID_TISSUE	HS611T	lymphocyte	hodgkin_lymphoma	Lymphoma		
ACH-000070	697_HAEMATOPOIETIC_AND_LYMPHOID_TISSUE	697	blood	ALL	Leukemia	906800.0	SIDM01076
ACH-000073	GRANTA519_HAEMATOPOIETIC_AND_LYMPHOID_TISSUE	GRANTA519	lymphocyte	non_hodgkin_lymphoma	Lymphoma	1303897.0	SIDM01058
ACH-000074	KU812_HAEMATOPOIETIC_AND_LYMPHOID_TISSUE	KU812	blood	CML	Leukemia	907311.0	SIDM00308
ACH-000075	U87MG_CENTRAL_NERVOUS_SYSTEM	U87MG	central_nervous_system	glioma	Brain Cancer	687590.0	SIDM01189
ACH-000076	NCO2_HAEMATOPOIETIC_AND_LYMPHOID_TISSUE	NCO2	blood	CML	Leukemia		
ACH-000077	MJ_HAEMATOPOIETIC_AND_LYMPHOID_TISSUE	MJ	lymphocyte	non_hodgkin_lymphoma	Lymphoma		
ACH-000078	MHHNB11_AUTONOMIC_GANGLIA	MHHNB11	peripheral_nervous_system	neuroblastoma	Neuroblastoma	908135.0	SIDM00387
ACH-000080	BDCM_HAEMATOPOIETIC_AND_LYMPHOID_TISSUE	BDCM	blood	AML	Leukemia		
ACH-000081	GDM1_HAEMATOPOIETIC_AND_LYMPHOID_TISSUE	GDM1	blood	AML	Leukemia	906870.0	SIDM01057
ACH-000082	G292CLONEA141B1_BONE	G292CLONEA141B1	bone	osteosarcoma	Bone Cancer	1290807.0	SIDM00858
ACH-000086	ACCMESO1_PLEURA	ACCMESO1	lung	mesothelioma	Lung Cancer		
ACH-000087	SKES1_BONE	SKES1	bone	Ewing_sarcoma	Bone Cancer	684072.0	SIDM01111
ACH-000090	PC3_PROSTATE	PC3	prostate	prostate_adenocarcinoma	Prostate Cancer	905934.0	SIDM00088
ACH-000091	OV56_OVARY	OV56	ovary	ovary_adenocarcinoma	Ovarian Cancer	1480362.0	SIDM00475
ACH-000092	NCIH2452_PLEURA	NCIH2452	lung	mesothelioma	Lung Cancer	908462.0	SIDM00722
ACH-000094	HPAFII_PANCREAS	HPAFII	pancreas	exocrine	Pancreatic Cancer	724869.0	SIDM00669
ACH-000096	G401_SOFT_TISSUE	G401	kidney	malignant_rhabdoid_tumor	Rhabdoid	907299.0	SIDM00856
ACH-000097	ZR751_BREAST	ZR751	breast	breast_ductal_carcinoma	Breast Cancer		SIDM00314
ACH-000098	GAMG_CENTRAL_NERVOUS_SYSTEM	GAMG	central_nervous_system	glioma	Brain Cancer	906868.0	SIDM01055
ACH-000099	SIMA_AUTONOMIC_GANGLIA	SIMA	peripheral_nervous_system	neuroblastoma	Neuroblastoma	753620.0	SIDM00395
ACH-000100	RH41_SOFT_TISSUE	RH41	soft_tissue	rhabdomyosarcoma	Sarcoma	1240210.0	SIDM00426
ACH-000101	KE37_HAEMATOPOIETIC_AND_LYMPHOID_TISSUE	KE37	blood	ALL	Leukemia	907277.0	SIDM01003
ACH-000102	GMS10_CENTRAL_NERVOUS_SYSTEM	GMS10	central_nervous_system	glioma	Brain Cancer	906873.0	SIDM01074
ACH-000105	ALLSIL_HAEMATOPOIETIC_AND_LYMPHOID_TISSUE	ALLSIL	blood	ALL	Leukemia	1295740.0	SIDM00994
ACH-000106	JVM2_HAEMATOPOIETIC_AND_LYMPHOID_TISSUE	JVM2	lymphocyte	non_hodgkin_lymphoma	Lymphoma	907269.0	SIDM01013
ACH-000107	CAPAN2_PANCREAS	CAPAN2	pancreas	exocrine	Pancreatic Cancer	910915.0	SIDM00943
ACH-000108	KP3_PANCREAS	KP3	pancreas	exocrine	Pancreatic Cancer	1298219.0	SIDM00571
ACH-000110	NCCSTCK140_STOMACH	NCCSTCK140	gastric	gastric_adenocarcinoma	Gastric Cancer		
ACH-000112	SIGM5_HAEMATOPOIETIC_AND_LYMPHOID_TISSUE	SIGM5	blood	AML	Leukemia	909715.0	SIDM00396
ACH-000113	OCIAML2_HAEMATOPOIETIC_AND_LYMPHOID_TISSUE	OCIAML2	blood	AML	Leukemia	910947.0	SIDM00446
ACH-000114	SU8686_PANCREAS	SU8686	pancreas	exocrine	Pancreatic Cancer	1240218.0	SIDM01188
ACH-000115	VCAP_PROSTATE	VCAP	prostate	prostate_adenocarcinoma	Prostate Cancer	1299075.0	SIDM01077
ACH-000116	OAW28_OVARY	OAW28	ovary	ovary_adenocarcinoma	Ovarian Cancer	946360.0	SIDM00481
ACH-000117	EFM192A_BREAST	EFM192A	breast	breast_adenocarcinoma	Breast Cancer	1290798.0	SIDM01002
ACH-000118	HUPT3_PANCREAS	HUPT3	pancreas	exocrine	Pancreatic Cancer	907285.0	SIDM00533
ACH-000120	CHP212_AUTONOMIC_GANGLIA	CHP212	peripheral_nervous_system	neuroblastoma	Neuroblastoma	906820.0	SIDM00910
ACH-000121	NCIH2405_LUNG	NCIH2405	lung	NSCLC	Lung Cancer	687821.0	SIDM00724
ACH-000122	SUPT11_HAEMATOPOIETIC_AND_LYMPHOID_TISSUE	SUPT11	blood	ALL	Leukemia		
ACH-000123	COV434_OVARY	COV434	ovary	ovary_adenocarcinoma	Ovarian Cancer		
ACH-000124	OCILY19_HAEMATOPOIETIC_AND_LYMPHOID_TISSUE	OCILY19	lymphocyte	non_hodgkin_lymphoma	Lymphoma	1330984.0	SIDM00460
ACH-000126	KG1C_CENTRAL_NERVOUS_SYSTEM	KG1C	central_nervous_system	glioma	Brain Cancer		SIDM00784
ACH-000129	NCIH1341_LUNG	NCIH1341	lung	SCLC	Lung Cancer	1330964.0	SIDM00646
ACH-000132	JHOS2_OVARY	JHOS2	ovary	ovary_adenocarcinoma	Ovarian Cancer	1479995.0	SIDM00305
ACH-000133	HS729_SOFT_TISSUE	HS729	fibroblast	fibroblast_soft_tissue	Fibroblast		
ACH-000135	HS940T_FIBROBLAST	HS940T	fibroblast	fibroblast_skin	Fibroblast	1298145.0	SIDM00662
ACH-000136	CHP126_AUTONOMIC_GANGLIA	CHP126	peripheral_nervous_system	neuroblastoma	Neuroblastoma	910567.0	SIDM00286
ACH-000137	8MGBA_CENTRAL_NERVOUS_SYSTEM	8MGBA	central_nervous_system	glioma	Brain Cancer	687562.0	SIDM00998
ACH-000138	CFPAC1_PANCREAS	CFPAC1	pancreas	exocrine	Pancreatic Cancer	906821.0	SIDM00130
ACH-000139	PANC0327_PANCREAS	PANC0327	pancreas	exocrine	Pancreatic Cancer	925346.0	SIDM01138
ACH-000140	PFEIFFER_HAEMATOPOIETIC_AND_LYMPHOID_TISSUE	PFEIFFER	lymphocyte	non_hodgkin_lymphoma	Lymphoma		
ACH-000141	SNU308_BILIARY_TRACT	SNU308	bile_duct	gallbladder_adenocarcinoma	Gallbladder Cancer		SIDM00161
ACH-000142	CAL29_URINARY_TRACT	CAL29	urinary_tract	bladder_carcinoma	Bladder Cancer	1290730.0	SIDM00936
ACH-000145	SKLMS1_SOFT_TISSUE	SKLMS1	soft_tissue	leiomyosarcoma	Sarcoma	909720.0	SIDM01109
ACH-000146	THP1_HAEMATOPOIETIC_AND_LYMPHOID_TISSUE	THP1	blood	AML	Leukemia	909771.0	SIDM01172
ACH-000147	T47D_BREAST	T47D	breast	breast_ductal_carcinoma	Breast Cancer	905945.0	SIDM00097
ACH-000148	HS578T_BREAST	HS578T	breast	breast_carcinoma	Breast Cancer	905957.0	SIDM00135
ACH-000149	SKNSH_AUTONOMIC_GANGLIA	SKNSH	peripheral_nervous_system	neuroblastoma	Neuroblastoma	717431.0	SIDM01098
ACH-000150	HCC2935_LUNG	HCC2935	lung	NSCLC	Lung Cancer		
ACH-000151	JM1_HAEMATOPOIETIC_AND_LYMPHOID_TISSUE	JM1	blood	ALL	Leukemia	1327768.0	SIDM00689
ACH-000152	M059K_CENTRAL_NERVOUS_SYSTEM	M059K	central_nervous_system	glioma	Brain Cancer		SIDM00639
ACH-000153	NCIH2052_PLEURA	NCIH2052	lung	mesothelioma	Lung Cancer	688058.0	SIDM00713
ACH-000154	HS888T_FIBROBLAST	HS888T	fibroblast	fibroblast_bone	Fibroblast		
ACH-000155	SW1990_PANCREAS	SW1990	pancreas	exocrine	Pancreatic Cancer	910907.0	SIDM01165
ACH-000156	MHHCALL4_HAEMATOPOIETIC_AND_LYMPHOID_TISSUE	MHHCALL4	blood	ALL	Leukemia	908133.0	SIDM00376
ACH-000157	A4FUK_HAEMATOPOIETIC_AND_LYMPHOID_TISSUE	A4FUK	lymphocyte	non_hodgkin_lymphoma	Lymphoma	910934.0	SIDM00502
ACH-000158	OCILY3_HAEMATOPOIETIC_AND_LYMPHOID_TISSUE	OCILY3	lymphocyte	non_hodgkin_lymphoma	Lymphoma		
ACH-000159	OSRC2_KIDNEY	OSRC2	kidney	renal_cell_carcinoma	Kidney Cancer	909250.0	SIDM00239
ACH-000160	BT12_SOFT_TISSUE	BT12	soft_tissue	ATRT	Rhabdoid		
ACH-000161	CORL105_LUNG	CORL105	lung	NSCLC	Lung Cancer	906805.0	SIDM00513
ACH-000162	GA10_HAEMATOPOIETIC_AND_LYMPHOID_TISSUE	GA10	lymphocyte	non_hodgkin_lymphoma	Lymphoma	1303896.0	SIDM00854
ACH-000163	SW579_THYROID	SW579	thyroid	thyroid_squamous	Thyroid Cancer		SIDM01167
ACH-000164	PANC1_PANCREAS	PANC1	pancreas	exocrine	Pancreatic Cancer		SIDM00610
ACH-000167	KE97_STOMACH	KE97	plasma_cell	multiple_myeloma	Myeloma		
ACH-000168	NOMO1_HAEMATOPOIETIC_AND_LYMPHOID_TISSUE	NOMO1	blood	AML	Leukemia	908451.0	SIDM00580
ACH-000169	RD_SOFT_TISSUE	RD	soft_tissue	rhabdomyosarcoma	Sarcoma	909264.0	SIDM00847
ACH-000171	VMRCRCZ_KIDNEY	VMRCRCZ	kidney	renal_cell_carcinoma	Kidney Cancer	909781.0	SIDM00317
ACH-000172	TM87_SOFT_TISSUE	TM87	soft_tissue	malignant_rhabdoid_tumor	Rhabdoid		
ACH-000173	JHUEM3_ENDOMETRIUM	JHUEM3	uterus	endometrial_adenocarcinoma	Endometrial/Uterine Cancer		
ACH-000174	CAL62_THYROID	CAL62	thyroid	thyroid_carcinoma	Thyroid Cancer	906828.0	SIDM00931
ACH-000176	LOUNH91_LUNG	LOUNH91	lung	NSCLC	Lung Cancer	1298226.0	SIDM00341
ACH-000177	NCIH660_PROSTATE	NCIH660	prostate	prostate_small_cell	Prostate Cancer	1330975.0	SIDM01123
ACH-000178	HS766T_PANCREAS	HS766T	pancreas	exocrine	Pancreatic Cancer	1298141.0	SIDM00664
ACH-000180	HS839T_FIBROBLAST	HS839T	fibroblast	fibroblast_skin	Fibroblast		
ACH-000181	SCC9_UPPER_AERODIGESTIVE_TRACT	SCC9	upper_aerodigestive	upper_aerodigestive_squamous	Head and Neck Cancer	909709.0	SIDM01080
ACH-000182	SNU869_BILIARY_TRACT	SNU869	bile_duct	cholangiocarcinoma	Bile Duct Cancer		SIDM00159
ACH-000183	L363_HAEMATOPOIETIC_AND_LYMPHOID_TISSUE	L363	plasma_cell	multiple_myeloma	Myeloma	924239.0	SIDM00312
ACH-000186	NCIH2444_LUNG	NCIH2444	lung	NSCLC	Lung Cancer	1298356.0	SIDM00723
ACH-000188	SCC25_UPPER_AERODIGESTIVE_TRACT	SCC25	upper_aerodigestive	upper_aerodigestive_squamous	Head and Neck Cancer	910701.0	SIDM01082
ACH-000189	RCC10RGB_KIDNEY	RCC10RGB	kidney	renal_cell_carcinoma	Kidney Cancer	909974.0	SIDM00235
ACH-000190	HDMYZ_HAEMATOPOIETIC_AND_LYMPHOID_TISSUE	HDMYZ	lymphocyte	hodgkin_lymphoma	Lymphoma	907050.0	SIDM01063
ACH-000191	BHT101_THYROID	BHT101	thyroid	thyroid_carcinoma	Thyroid Cancer	906696.0	SIDM00987
ACH-000193	KARPAS620_HAEMATOPOIETIC_AND_LYMPHOID_TISSUE	KARPAS620	plasma_cell	multiple_myeloma	Myeloma	1327775.0	SIDM01006
ACH-000194	HS934T_FIBROBLAST	HS934T	fibroblast	fibroblast_skin	Fibroblast		
ACH-000195	SET2_HAEMATOPOIETIC_AND_LYMPHOID_TISSUE	SET2	blood	AML	Leukemia		SIDM00397
ACH-000197	TALL1_HAEMATOPOIETIC_AND_LYMPHOID_TISSUE	TALL1	blood	ALL	Leukemia	909762.0	SIDM00370
ACH-000198	EOL1_HAEMATOPOIETIC_AND_LYMPHOID_TISSUE	EOL1	blood	AML	Leukemia	906856.0	SIDM00277
ACH-000200	NMCG1_CENTRAL_NERVOUS_SYSTEM	NMCG1	central_nervous_system	glioma	Brain Cancer	908449.0	SIDM00575
ACH-000201	A204_SOFT_TISSUE	A204	soft_tissue	malignant_rhabdoid_tumor	Rhabdoid	910784.0	SIDM00798
ACH-000203	NH6_AUTONOMIC_GANGLIA	NH6	peripheral_nervous_system	neuroblastoma	Neuroblastoma		
ACH-000204	LP1_HAEMATOPOIETIC_AND_LYMPHOID_TISSUE	LP1	plasma_cell	multiple_myeloma	Myeloma	907791.0	SIDM00340
ACH-000205	PK59_PANCREAS	PK59	pancreas	exocrine	Pancreatic Cancer		
ACH-000207	DETROIT562_UPPER_AERODIGESTIVE_TRACT	DETROIT562	upper_aerodigestive	upper_aerodigestive_squamous	Head and Neck Cancer	906837.0	SIDM00831
ACH-000209	SNU1079_BILIARY_TRACT	SNU1079	bile_duct	cholangiocarcinoma	Bile Duct Cancer		SIDM00164
ACH-000210	CADOES1_BONE	CADOES1	bone	Ewing_sarcoma	Bone Cancer	753539.0	SIDM00961
ACH-000211	DAOY_CENTRAL_NERVOUS_SYSTEM	DAOY	central_nervous_system	medulloblastoma	Brain Cancer	906833.0	SIDM00887
ACH-000212	CAL120_BREAST	CAL120	breast	breast_carcinoma	Breast Cancer	906826.0	SIDM00940
ACH-000213	HUPT4_PANCREAS	HUPT4	pancreas	exocrine	Pancreatic Cancer	907286.0	SIDM00531
ACH-000217	JHH6_LIVER	JHH6	liver	hepatocellular_carcinoma	Liver Cancer	1240159.0	SIDM00615
ACH-000218	PL21_HAEMATOPOIETIC_AND_LYMPHOID_TISSUE	PL21	blood	AML	Leukemia	1330991.0	SIDM00450
ACH-000219	A375_SKIN	A375	skin	melanoma	Skin Cancer	906793.0	SIDM00795
ACH-000220	MINO_HAEMATOPOIETIC_AND_LYMPHOID_TISSUE	MINO	lymphocyte	non_hodgkin_lymphoma	Lymphoma		
ACH-000221	SNU398_LIVER	SNU398	liver	hepatocellular_carcinoma	Liver Cancer	1240217.0	SIDM01181
ACH-000222	ASPC1_PANCREAS	ASPC1	pancreas	exocrine	Pancreatic Cancer	910702.0	SIDM00899
ACH-000223	HCC1937_BREAST	HCC1937	breast	breast_ductal_carcinoma	Breast Cancer	749714.0	SIDM00874
ACH-000225	ECC12_STOMACH	ECC12	gastric	gastric_small_cell	Gastric Cancer	906849.0	SIDM00279
ACH-000226	SUPM2_HAEMATOPOIETIC_AND_LYMPHOID_TISSUE	SUPM2	lymphocyte	non_hodgkin_lymphoma	Lymphoma	1331040.0	SIDM00421
ACH-000227	KPNYN_AUTONOMIC_GANGLIA	KPNYN	peripheral_nervous_system	neuroblastoma	Neuroblastoma	907314.0	SIDM00556
ACH-000228	BICR31_UPPER_AERODIGESTIVE_TRACT	BICR31	upper_aerodigestive	upper_aerodigestive_squamous	Head and Neck Cancer	1290725.0	SIDM00078
ACH-000229	HS822T_FIBROBLAST	HS822T	fibroblast	fibroblast_bone	Fibroblast		
ACH-000231	KALS1_CENTRAL_NERVOUS_SYSTEM	KALS1	central_nervous_system	glioma	Brain Cancer	907271.0	SIDM00613
ACH-000232	U251MG_CENTRAL_NERVOUS_SYSTEM	U251MG	central_nervous_system	glioma	Brain Cancer	905983.0	SIDM00111
ACH-000233	DEL_HAEMATOPOIETIC_AND_LYMPHOID_TISSUE	DEL	lymphocyte	non_hodgkin_lymphoma	Lymphoma	906836.0	SIDM00949
ACH-000234	CAKI2_KIDNEY	CAKI2	kidney	renal_cell_carcinoma	Kidney Cancer		
ACH-000235	PANC0403_PANCREAS	PANC0403	pancreas	exocrine	Pancreatic Cancer	1298476.0	SIDM01137
ACH-000236	SW1417_LARGE_INTESTINE	SW1417	colorectal	colorectal_adenocarcinoma	Colon/Colorectal Cancer	909747.0	SIDM00812
ACH-000237	JHOM1_OVARY	JHOM1	ovary	ovary_adenocarcinoma	Ovarian Cancer		
ACH-000238	SCC4_UPPER_AERODIGESTIVE_TRACT	SCC4	upper_aerodigestive	upper_aerodigestive_squamous	Head and Neck Cancer	910904.0	SIDM01081
ACH-000239	HUG1N_STOMACH	HUG1N	gastric	gastric_adenocarcinoma	Gastric Cancer		
ACH-000241	JK1_HAEMATOPOIETIC_AND_LYMPHOID_TISSUE	JK1	blood	CML	Leukemia		
ACH-000242	RT4_URINARY_TRACT	RT4	urinary_tract	bladder_carcinoma	Bladder Cancer	687455.0	SIDM01085
ACH-000243	DANG_PANCREAS	DANG	pancreas	exocrine	Pancreatic Cancer	1290797.0	SIDM00950
ACH-000244	DKMG_CENTRAL_NERVOUS_SYSTEM	DKMG	central_nervous_system	glioma	Brain Cancer	906839.0	SIDM00947
ACH-000245	BL41_HAEMATOPOIETIC_AND_LYMPHOID_TISSUE	BL41	lymphocyte	non_hodgkin_lymphoma	Lymphoma	910706.0	SIDM00985
ACH-000247	OCUM1_STOMACH	OCUM1	gastric	gastric_adenocarcinoma	Gastric Cancer	1298358.0	SIDM00568
ACH-000248	AU565_BREAST	AU565	breast	breast_adenocarcinoma	Breast Cancer	910704.0	SIDM00898
ACH-000249	CL11_LARGE_INTESTINE	CL11	colorectal	colorectal_adenocarcinoma	Colon/Colorectal Cancer	1290769.0	SIDM00944
ACH-000250	KMRC20_KIDNEY	KMRC20	kidney	renal_cell_carcinoma	Kidney Cancer	1298169.0	SIDM00609
ACH-000252	LS1034_LARGE_INTESTINE	LS1034	colorectal	colorectal_adenocarcinoma	Colon/Colorectal Cancer	917486.0	SIDM00681
ACH-000253	COLO201_LARGE_INTESTINE	COLO201	colorectal	colorectal_adenocarcinoma	Colon/Colorectal Cancer		SIDM00823
ACH-000255	LMSU_STOMACH	LMSU	gastric	gastric_adenocarcinoma	Gastric Cancer		
ACH-000257	CORL279_LUNG	CORL279	lung	SCLC	Lung Cancer	910937.0	SIDM00511
ACH-000258	DU4475_BREAST	DU4475	breast	breast_carcinoma	Breast Cancer	906844.0	SIDM01001
ACH-000259	KELLY_AUTONOMIC_GANGLIA	KELLY	peripheral_nervous_system	neuroblastoma	Neuroblastoma	753618.0	SIDM01009
ACH-000260	SKNAS_AUTONOMIC_GANGLIA	SKNAS	peripheral_nervous_system	neuroblastoma	Neuroblastoma	724828.0	SIDM01101
ACH-000261	RERFLCAI_LUNG	RERFLCAI	lung	NSCLC	Lung Cancer		SIDM00307
ACH-000263	KASUMI1_HAEMATOPOIETIC_AND_LYMPHOID_TISSUE	KASUMI1	blood	AML	Leukemia	907275.0	SIDM01005
ACH-000264	CALU6_LUNG	CALU6	lung	NSCLC	Lung Cancer	724859.0	SIDM00921
ACH-000265	KP4_PANCREAS	KP4	pancreas	exocrine	Pancreatic Cancer	753572.0	SIDM00301
ACH-000266	SNU213_PANCREAS	SNU213	pancreas	exocrine	Pancreatic Cancer		
ACH-000267	HDLM2_HAEMATOPOIETIC_AND_LYMPHOID_TISSUE	HDLM2	lymphocyte	hodgkin_lymphoma	Lymphoma	924110.0	SIDM01064
ACH-000268	SNU245_BILIARY_TRACT	SNU245	bile_duct	cholangiocarcinoma	Bile Duct Cancer		SIDM00162
ACH-000269	AM38_CENTRAL_NERVOUS_SYSTEM	AM38	central_nervous_system	glioma	Brain Cancer	910933.0	SIDM00492
ACH-000270	HPAC_PANCREAS	HPAC	pancreas	exocrine	Pancreatic Cancer	1298136.0	SIDM00670
ACH-000271	SUDHL10_HAEMATOPOIETIC_AND_LYMPHOID_TISSUE	SUDHL10	lymphocyte	non_hodgkin_lymphoma	Lymphoma	1331033.0	SIDM00389
ACH-000273	SF539_CENTRAL_NERVOUS_SYSTEM	SF539	central_nervous_system	glioma	Brain Cancer	905984.0	SIDM00083
ACH-000274	HS852T_SKIN	HS852T	skin	melanoma	Skin Cancer		
ACH-000276	HCC38_BREAST	HCC38	breast	breast_ductal_carcinoma	Breast Cancer	749717.0	SIDM00675
ACH-000277	HCC1419_BREAST	HCC1419	breast	breast_ductal_carcinoma	Breast Cancer	907045.0	SIDM00882
ACH-000278	COV362_OVARY	COV362	ovary	ovary_adenocarcinoma	Ovarian Cancer		
ACH-000280	SNU840_OVARY	SNU840	ovary	brenner_tumor	Ovarian Cancer		
ACH-000281	KP2_PANCREAS	KP2	pancreas	exocrine	Pancreatic Cancer	1298218.0	SIDM00582
ACH-000282	NCIH1755_LUNG	NCIH1755	lung	NSCLC	Lung Cancer	908475.0	SIDM00738
ACH-000285	TOLEDO_HAEMATOPOIETIC_AND_LYMPHOID_TISSUE	TOLEDO	lymphocyte	non_hodgkin_lymphoma	Lymphoma		
ACH-000286	SNU1033_LARGE_INTESTINE	SNU1033	colorectal	colorectal_adenocarcinoma	Colon/Colorectal Cancer		SIDM00192
ACH-000287	NUDUL1_HAEMATOPOIETIC_AND_LYMPHOID_TISSUE	NUDUL1	lymphocyte	non_hodgkin_lymphoma	Lymphoma	1330982.0	SIDM00443
ACH-000288	BT549_BREAST	BT549	breast	breast_ductal_carcinoma	Breast Cancer	905951.0	SIDM00122
ACH-000289	SNU466_CENTRAL_NERVOUS_SYSTEM	SNU466	central_nervous_system	glioma	Brain Cancer		
ACH-000290	NCIH209_LUNG	NCIH209	lung	SCLC	Lung Cancer	688013.0	SIDM00706
ACH-000291	OV90_OVARY	OV90	ovary	ovary_adenocarcinoma	Ovarian Cancer	1240197.0	SIDM01141
ACH-000292	NCIH841_LUNG	NCIH841	lung	SCLC	Lung Cancer	1240192.0	SIDM01134
ACH-000293	KLE_ENDOMETRIUM	KLE	uterus	endometrial_adenocarcinoma	Endometrial/Uterine Cancer	924187.0	SIDM00686
ACH-000294	NB4_HAEMATOPOIETIC_AND_LYMPHOID_TISSUE	NB4	blood	AML	Leukemia	1323913.0	SIDM00428
ACH-000295	EM2_HAEMATOPOIETIC_AND_LYMPHOID_TISSUE	EM2	blood	CML	Leukemia	906855.0	SIDM01047
ACH-000296	OUMS23_LARGE_INTESTINE	OUMS23	colorectal	colorectal_adenocarcinoma	Colon/Colorectal Cancer		SIDM00036
ACH-000297	NCIH889_LUNG	NCIH889	lung	SCLC	Lung Cancer		
ACH-000298	NCIH2029_LUNG	NCIH2029	lung	SCLC	Lung Cancer	688011.0	SIDM00735
ACH-000301	LAMA84_HAEMATOPOIETIC_AND_LYMPHOID_TISSUE	LAMA84	blood	CML	Leukemia	907783.0	SIDM00346
ACH-000302	SNU1077_ENDOMETRIUM	SNU1077	uterus	mullerian_carcinoma	Endometrial/Uterine Cancer		SIDM00166
ACH-000303	SNU5_STOMACH	SNU5	gastric	gastric_adenocarcinoma	Gastric Cancer	908445.0	SIDM01144
ACH-000304	WM115_SKIN	WM115	skin	melanoma	Skin Cancer	909784.0	SIDM01000
ACH-000305	ECGI10_OESOPHAGUS	ECGI10	esophagus	esophagus_squamous	Esophageal Cancer	753555.0	SIDM00278
ACH-000306	HS688AT_FIBROBLAST	HS688AT	fibroblast	fibroblast_skin	Fibroblast		
ACH-000307	PK1_PANCREAS	PK1	pancreas	exocrine	Pancreatic Cancer		
ACH-000308	EFO21_OVARY	EFO21	ovary	ovary_adenocarcinoma	Ovarian Cancer	911905.0	SIDM01052
ACH-000309	SKLU1_LUNG	SKLU1	lung	NSCLC	Lung Cancer	909721.0	SIDM01108
ACH-000310	IMR32_AUTONOMIC_GANGLIA	IMR32	peripheral_nervous_system	neuroblastoma	Neuroblastoma		SIDM00226
ACH-000311	NCIH2122_LUNG	NCIH2122	lung	NSCLC	Lung Cancer	722046.0	SIDM00702
ACH-000312	SKNBE2_AUTONOMIC_GANGLIA	SKNBE2	peripheral_nervous_system	neuroblastoma	Neuroblastoma		SIDM00894
ACH-000313	KMRC3_KIDNEY	KMRC3	kidney	renal_cell_carcinoma	Kidney Cancer		
ACH-000314	HCC2108_LUNG	HCC2108	lung	NSCLC	Lung Cancer		
ACH-000315	KARPAS422_HAEMATOPOIETIC_AND_LYMPHOID_TISSUE	KARPAS422	lymphocyte	non_hodgkin_lymphoma	Lymphoma	907274.0	SIDM01008
ACH-000316	SNU886_LIVER	SNU886	liver	hepatocellular_carcinoma	Liver Cancer		
ACH-000317	TUHR14TKB_KIDNEY	TUHR14TKB	kidney	renal_cell_carcinoma	Kidney Cancer		
ACH-000318	TE10_OESOPHAGUS	TE10	esophagus	esophagus_squamous	Esophageal Cancer	753622.0	SIDM00349
ACH-000319	MPP89_PLEURA	MPP89	lung	mesothelioma	Lung Cancer	908150.0	SIDM00222
ACH-000320	PSN1_PANCREAS	PSN1	pancreas	exocrine	Pancreatic Cancer	910546.0	SIDM00469
ACH-000321	MOLM6_HAEMATOPOIETIC_AND_LYMPHOID_TISSUE	MOLM6	blood	CML	Leukemia		
ACH-000322	HT144_SKIN	HT144	skin	melanoma	Skin Cancer	907067.0	SIDM00695
ACH-000323	42MGBA_CENTRAL_NERVOUS_SYSTEM	42MGBA	central_nervous_system	glioma	Brain Cancer	687561.0	SIDM00982
ACH-000324	JHOC5_OVARY	JHOC5	ovary	ovary_adenocarcinoma	Ovarian Cancer		
ACH-000325	SNU620_STOMACH	SNU620	gastric	gastric_adenocarcinoma	Gastric Cancer		
ACH-000326	JURLMK1_HAEMATOPOIETIC_AND_LYMPHOID_TISSUE	JURLMK1	blood	CML	Leukemia	1327771.0	SIDM01015
ACH-000327	NCIH1395_LUNG	NCIH1395	lung	NSCLC	Lung Cancer	684681.0	SIDM00644
ACH-000329	CCFSTTG1_CENTRAL_NERVOUS_SYSTEM	CCFSTTG1	central_nervous_system	glioma	Brain Cancer	906823.0	SIDM00131
ACH-000332	YAPC_PANCREAS	YAPC	pancreas	exocrine	Pancreatic Cancer	909904.0	SIDM00411
ACH-000334	DB_HAEMATOPOIETIC_AND_LYMPHOID_TISSUE	DB	lymphocyte	non_hodgkin_lymphoma	Lymphoma	906832.0	SIDM00886
ACH-000335	MSTO211H_PLEURA	MSTO211H	lung	mesothelioma	Lung Cancer	908152.0	SIDM00640
ACH-000336	OCIAML3_HAEMATOPOIETIC_AND_LYMPHOID_TISSUE	OCIAML3	blood	AML	Leukemia	1290455.0	SIDM00462
ACH-000341	SKNFI_AUTONOMIC_GANGLIA	SKNFI	peripheral_nervous_system	neuroblastoma	Neuroblastoma	688087.0	SIDM01099
ACH-000343	NCIH522_LUNG	NCIH522	lung	NSCLC	Lung Cancer	905944.0	SIDM00116
ACH-000344	SNU668_STOMACH	SNU668	gastric	gastric_adenocarcinoma	Gastric Cancer		
ACH-000346	JVM3_HAEMATOPOIETIC_AND_LYMPHOID_TISSUE	JVM3	blood	CLL	Leukemia	907270.0	SIDM01012
ACH-000347	QGP1_PANCREAS	QGP1	pancreas	endocrine	Pancreatic Cancer	1298534.0	SIDM00360
ACH-000348	RPMI7951_SKIN	RPMI7951	skin	melanoma	Skin Cancer	910903.0	SIDM01087
ACH-000349	HCC1500_BREAST	HCC1500	breast	breast_ductal_carcinoma	Breast Cancer	1303900.0	SIDM00879
ACH-000350	COLO678_LARGE_INTESTINE	COLO678	colorectal	colorectal_adenocarcinoma	Colon/Colorectal Cancer	910689.0	SIDM00957
ACH-000351	MKN1_STOMACH	MKN1	gastric	gastric_adenocarcinoma	Gastric Cancer	908138.0	SIDM00271
ACH-000352	HCC1428_BREAST	HCC1428	breast	breast_carcinoma	Breast Cancer	1290905.0	SIDM00881
ACH-000353	TE15_OESOPHAGUS	TE15	esophagus	esophagus_squamous	Esophageal Cancer	753614.0	SIDM00249
ACH-000354	CAPAN1_PANCREAS	CAPAN1	pancreas	exocrine	Pancreatic Cancer	753624.0	SIDM00934
ACH-000356	MKN45_STOMACH	MKN45	gastric	gastric_adenocarcinoma	Gastric Cancer	925340.0	SIDM00247
ACH-000357	JEKO1_HAEMATOPOIETIC_AND_LYMPHOID_TISSUE	JEKO1	lymphocyte	non_hodgkin_lymphoma	Lymphoma	1327765.0	SIDM01038
ACH-000358	NCIH69_LUNG	NCIH69	lung	SCLC	Lung Cancer	688027.0	SIDM01121
ACH-000359	MG63_BONE	MG63	bone	osteosarcoma	Bone Cancer	908131.0	SIDM00525
ACH-000360	NCIH508_LARGE_INTESTINE	NCIH508	colorectal	caecum_adenocarcinoma	Colon/Colorectal Cancer	908442.0	SIDM00777
ACH-000361	SKHEP1_LIVER	SKHEP1	liver	hepatocellular_carcinoma	Liver Cancer	909719.0	SIDM01110
ACH-000362	MOLM13_HAEMATOPOIETIC_AND_LYMPHOID_TISSUE	MOLM13	blood	AML	Leukemia	1330947.0	SIDM00437
ACH-000363	SKMM2_HAEMATOPOIETIC_AND_LYMPHOID_TISSUE	SKMM2	plasma_cell	multiple_myeloma	Myeloma	753612.0	SIDM00391
ACH-000364	U2OS_BONE	U2OS	bone	osteosarcoma	Bone Cancer	909776.0	SIDM01191
ACH-000365	SUDHL4_HAEMATOPOIETIC_AND_LYMPHOID_TISSUE	SUDHL4	lymphocyte	non_hodgkin_lymphoma	Lymphoma	1331035.0	SIDM00405
ACH-000366	SKNDZ_AUTONOMIC_GANGLIA	SKNDZ	peripheral_nervous_system	neuroblastoma	Neuroblastoma	688086.0	SIDM01100
ACH-000367	NCIH226_LUNG	NCIH226	lung	NSCLC	Lung Cancer	905941.0	SIDM00139
ACH-000368	SNU1105_CENTRAL_NERVOUS_SYSTEM	SNU1105	central_nervous_system	glioma	Brain Cancer		
ACH-000369	MOLM16_HAEMATOPOIETIC_AND_LYMPHOID_TISSUE	MOLM16	blood	AML	Leukemia	1330948.0	SIDM00435
ACH-000370	SNU626_CENTRAL_NERVOUS_SYSTEM	SNU626	central_nervous_system	glioma	Brain Cancer		
ACH-000371	RL_HAEMATOPOIETIC_AND_LYMPHOID_TISSUE	RL	lymphocyte	non_hodgkin_lymphoma	Lymphoma	910861.0	SIDM01089
ACH-000372	P12ICHIKAWA_HAEMATOPOIETIC_AND_LYMPHOID_TISSUE	P12ICHIKAWA	blood	ALL	Leukemia	909251.0	SIDM00463
ACH-000373	SKM1_HAEMATOPOIETIC_AND_LYMPHOID_TISSUE	SKM1	blood	AML	Leukemia	909722.0	SIDM00380
ACH-000374	HCC1143_BREAST	HCC1143	breast	breast_ductal_carcinoma	Breast Cancer	749710.0	SIDM00866
ACH-000375	G402_SOFT_TISSUE	G402	soft_tissue	malignant_rhabdoid_tumor	Kidney Cancer	907298.0	SIDM00855
ACH-000376	SF295_CENTRAL_NERVOUS_SYSTEM	SF295	central_nervous_system	glioma	Brain Cancer	905985.0	SIDM00084
ACH-000377	SNU478_BILIARY_TRACT	SNU478	bile_duct	cholangiocarcinoma	Bile Duct Cancer		SIDM00160
ACH-000378	NCIH647_LUNG	NCIH647	lung	NSCLC	Lung Cancer	1240191.0	SIDM01125
ACH-000380	KMS12BM_HAEMATOPOIETIC_AND_LYMPHOID_TISSUE	KMS12BM	plasma_cell	multiple_myeloma	Myeloma	907281.0	SIDM01020
ACH-000381	T84_LARGE_INTESTINE	T84	colorectal	colorectal_adenocarcinoma	Colon/Colorectal Cancer	909761.0	SIDM00782
ACH-000383	OE33_OESOPHAGUS	OE33	esophagus	esophagus_adenocarcinoma	Esophageal Cancer	910549.0	SIDM00477
ACH-000387	TF1_HAEMATOPOIETIC_AND_LYMPHOID_TISSUE	TF1	blood	AML	Leukemia		
ACH-000388	NUDHL1_HAEMATOPOIETIC_AND_LYMPHOID_TISSUE	NUDHL1	lymphocyte	non_hodgkin_lymphoma	Lymphoma		
ACH-000390	LUDLU1_LUNG	LUDLU1	lung	NSCLC	Lung Cancer		
ACH-000391	MHHES1_BONE	MHHES1	bone	Ewing_sarcoma	Bone Cancer	908134.0	SIDM00386
ACH-000392	CALU3_LUNG	CALU3	lung	NSCLC	Lung Cancer	687777.0	SIDM00922
ACH-000393	HLF_LIVER	HLF	liver	hepatocellular_carcinoma	Liver Cancer		SIDM00065
ACH-000394	NCIH2081_LUNG	NCIH2081	lung	SCLC	Lung Cancer	908480.0	SIDM00710
ACH-000395	NCIH520_LUNG	NCIH520	lung	NSCLC	Lung Cancer	908443.0	SIDM01130
ACH-000396	J82_URINARY_TRACT	J82	urinary_tract	bladder_carcinoma	Bladder Cancer	753566.0	SIDM00693
ACH-000398	RI1_HAEMATOPOIETIC_AND_LYMPHOID_TISSUE	RI1	lymphocyte	non_hodgkin_lymphoma	Lymphoma		
ACH-000399	NCIH2196_LUNG	NCIH2196	lung	SCLC	Lung Cancer	908481.0	SIDM00731
ACH-000400	SKCO1_LARGE_INTESTINE	SKCO1	colorectal	colorectal_adenocarcinoma	Colon/Colorectal Cancer	909718.0	SIDM01096
ACH-000401	COLO800_SKIN	COLO800	skin	melanoma	Skin Cancer	906813.0	SIDM00515
ACH-000402	BL70_HAEMATOPOIETIC_AND_LYMPHOID_TISSUE	BL70	lymphocyte	non_hodgkin_lymphoma	Lymphoma		SIDM00074
ACH-000403	NCIH747_LARGE_INTESTINE	NCIH747	colorectal	colorectal_adenocarcinoma	Colon/Colorectal Cancer	908457.0	SIDM00778
ACH-000404	K029AX_SKIN	K029AX	skin	melanoma	Skin Cancer		
ACH-000405	MEC1_HAEMATOPOIETIC_AND_LYMPHOID_TISSUE	MEC1	blood	CLL	Leukemia		SIDM00001
ACH-000406	U937_HAEMATOPOIETIC_AND_LYMPHOID_TISSUE	U937	blood	AML	Leukemia		SIDM01195
ACH-000407	SNU685_ENDOMETRIUM	SNU685	uterus	MMMT	Endometrial/Uterine Cancer		SIDM00165
ACH-000408	TE5_OESOPHAGUS	TE5	esophagus	esophagus_squamous	Esophageal Cancer	735784.0	SIDM00347
ACH-000409	OVSAHO_OVARY	OVSAHO	ovary	ovary_adenocarcinoma	Ovarian Cancer		
ACH-000410	SAOS2_BONE	SAOS2	bone	osteosarcoma	Bone Cancer	909707.0	SIDM01084
ACH-000411	769P_KIDNEY	769P	kidney	renal_cell_carcinoma	Kidney Cancer	910922.0	SIDM00803
ACH-000414	NCIH1944_LUNG	NCIH1944	lung	NSCLC	Lung Cancer	1240185.0	SIDM00762
ACH-000415	BICR6_UPPER_AERODIGESTIVE_TRACT	BICR6	upper_aerodigestive	upper_aerodigestive_squamous	Head and Neck Cancer		
ACH-000416	NCIH838_LUNG	NCIH838	lung	NSCLC	Lung Cancer	910399.0	SIDM01150
ACH-000417	PANC0813_PANCREAS	PANC0813	pancreas	exocrine	Pancreatic Cancer	925347.0	SIDM01136
ACH-000418	SW1353_BONE	SW1353	bone	chondrosarcoma	Bone Cancer		
ACH-000419	KMS28BM_HAEMATOPOIETIC_AND_LYMPHOID_TISSUE	KMS28BM	plasma_cell	multiple_myeloma	Myeloma		
ACH-000420	SNU449_LIVER	SNU449	liver	hepatocellular_carcinoma	Liver Cancer	909738.0	SIDM01194
ACH-000422	SNU475_LIVER	SNU475	liver	hepatocellular_carcinoma	Liver Cancer	909739.0	SIDM01196
ACH-000423	SKMEL3_SKIN	SKMEL3	skin	melanoma	Skin Cancer	909724.0	SIDM01105
ACH-000424	TC71_BONE	TC71	bone	Ewing_sarcoma	Bone Cancer	1240221.0	SIDM00419
ACH-000425	UACC62_SKIN	UACC62	skin	melanoma	Skin Cancer	905976.0	SIDM00107
ACH-000426	KMS20_HAEMATOPOIETIC_AND_LYMPHOID_TISSUE	KMS20	plasma_cell	multiple_myeloma	Myeloma		
ACH-000427	NCIN87_STOMACH	NCIN87	gastric	gastric_adenocarcinoma	Gastric Cancer	908461.0	SIDM01147
ACH-000428	UO31_KIDNEY	UO31	kidney	renal_cell_carcinoma	Kidney Cancer	905981.0	SIDM00112
ACH-000430	TYKNU_OVARY	TYKNU	ovary	ovary_adenocarcinoma	Ovarian Cancer	909774.0	SIDM00321
ACH-000431	NCIH1694_LUNG	NCIH1694	lung	SCLC	Lung Cancer	688006.0	SIDM00741
ACH-000432	BV173_HAEMATOPOIETIC_AND_LYMPHOID_TISSUE	BV173	blood	CML	Leukemia	910710.0	SIDM00962
ACH-000433	CAKI1_KIDNEY	CAKI1	kidney	renal_cell_carcinoma	Kidney Cancer	905963.0	SIDM00941
ACH-000434	NCIH1915_LUNG	NCIH1915	lung	NSCLC	Lung Cancer	1240184.0	SIDM00763
ACH-000435	EFE184_ENDOMETRIUM	EFE184	uterus	endometrial_adenocarcinoma	Endometrial/Uterine Cancer		
ACH-000437	SW1088_CENTRAL_NERVOUS_SYSTEM	SW1088	central_nervous_system	glioma	Brain Cancer	909745.0	SIDM01155
ACH-000438	LU65_LUNG	LU65	lung	NSCLC	Lung Cancer	724863.0	SIDM00547
ACH-000439	ME1_HAEMATOPOIETIC_AND_LYMPHOID_TISSUE	ME1	blood	AML	Leukemia	1330942.0	SIDM00338
ACH-000440	CA46_HAEMATOPOIETIC_AND_LYMPHOID_TISSUE	CA46	lymphocyte	non_hodgkin_lymphoma	Lymphoma	910703.0	SIDM00907
ACH-000441	SH4_SKIN	SH4	skin	melanoma	Skin Cancer	909713.0	SIDM01079
ACH-000445	KNS60_CENTRAL_NERVOUS_SYSTEM	KNS60	central_nervous_system	glioma	Brain Cancer		
ACH-000446	KPNSI9S_AUTONOMIC_GANGLIA	KPNSI9S	peripheral_nervous_system	neuroblastoma	Neuroblastoma		
ACH-000447	NCIH2228_LUNG	NCIH2228	lung	NSCLC	Lung Cancer	687816.0	SIDM00729
ACH-000448	NCIH1666_LUNG	NCIH1666	lung	NSCLC	Lung Cancer	908473.0	SIDM00743
ACH-000449	MESSA_SOFT_TISSUE	MESSA	soft_tissue	uterine_sarcoma	Sarcoma	908127.0	SIDM00625
ACH-000450	MELHO_SKIN	MELHO	skin	melanoma	Skin Cancer	908124.0	SIDM00337
ACH-000451	NCIH2085_LUNG	NCIH2085	lung	NSCLC	Lung Cancer	687812.0	SIDM00709
ACH-000452	TE8_OESOPHAGUS	TE8	esophagus	esophagus_squamous	Esophageal Cancer	753623.0	SIDM00326
ACH-000453	MOLP2_HAEMATOPOIETIC_AND_LYMPHOID_TISSUE	MOLP2	plasma_cell	multiple_myeloma	Myeloma		
ACH-000454	HCC95_LUNG	HCC95	lung	NSCLC	Lung Cancer		
ACH-000456	BCPAP_THYROID	BCPAP	thyroid	thyroid_carcinoma	Thyroid Cancer	924104.0	SIDM00992
ACH-000457	CAL54_KIDNEY	CAL54	kidney	renal_cell_carcinoma	Kidney Cancer	910952.0	SIDM00932
ACH-000458	CJM_SKIN	CJM	skin	melanoma	Skin Cancer		
ACH-000459	TUHR10TKB_KIDNEY	TUHR10TKB	kidney	renal_cell_carcinoma	Kidney Cancer		
ACH-000460	SNU8_OVARY	SNU8	ovary	ovary_adenocarcinoma	Ovarian Cancer		
ACH-000461	SNU1196_BILIARY_TRACT	SNU1196	bile_duct	cholangiocarcinoma	Bile Duct Cancer		SIDM00163
ACH-000463	NCIH460_LUNG	NCIH460	lung	NSCLC	Lung Cancer	905943.0	SIDM00144
ACH-000464	CAS1_CENTRAL_NERVOUS_SYSTEM	CAS1	central_nervous_system	glioma	Brain Cancer	910943.0	SIDM00212
ACH-000465	SKMEL1_SKIN	SKMEL1	skin	melanoma	Skin Cancer	909723.0	SIDM01107
ACH-000466	SNU216_STOMACH	SNU216	gastric	gastric_adenocarcinoma	Gastric Cancer		
ACH-000467	HCC56_LARGE_INTESTINE	HCC56	colorectal	colorectal_adenocarcinoma	Colon/Colorectal Cancer	1290907.0	SIDM00597
ACH-000468	PK45H_PANCREAS	PK45H	pancreas	exocrine	Pancreatic Cancer		
ACH-000469	YH13_CENTRAL_NERVOUS_SYSTEM	YH13	central_nervous_system	glioma	Brain Cancer	909905.0	SIDM00316
ACH-000470	SW1463_LARGE_INTESTINE	SW1463	colorectal	colorectal_adenocarcinoma	Colon/Colorectal Cancer	909748.0	SIDM00834
ACH-000471	LI7_LIVER	LI7	liver		Liver Cancer		
ACH-000472	HSC2_UPPER_AERODIGESTIVE_TRACT	HSC2	upper_aerodigestive	upper_aerodigestive_squamous	Head and Neck Cancer	753562.0	SIDM00590
ACH-000473	RT112_URINARY_TRACT	RT112	urinary_tract	bladder_carcinoma	Bladder Cancer	909704.0	SIDM00402
ACH-000475	HUH1_LIVER	HUH1	liver	hepatocellular_carcinoma	Liver Cancer	1298146.0	SIDM00586
ACH-000476	JHH4_LIVER	JHH4	liver	hepatocellular_carcinoma	Liver Cancer	1240158.0	SIDM00616
ACH-000477	MALME3M_SKIN	MALME3M	skin	melanoma	Skin Cancer		SIDM00011
ACH-000478	SNU387_LIVER	SNU387	liver	hepatocellular_carcinoma	Liver Cancer	909736.0	SIDM01180
ACH-000479	KNS81_CENTRAL_NERVOUS_SYSTEM	KNS81	central_nervous_system	glioma	Brain Cancer		SIDM00605
ACH-000481	NCIH2170_LUNG	NCIH2170	lung	NSCLC	Lung Cancer	687815.0	SIDM00716
ACH-000483	SNU182_LIVER	SNU182	liver	hepatocellular_carcinoma	Liver Cancer	1240216.0	SIDM01151
ACH-000484	VMRCRCW_KIDNEY	VMRCRCW	kidney	renal_cell_carcinoma	Kidney Cancer	1240224.0	SIDM00318
ACH-000485	GSU_STOMACH	GSU	gastric	gastric_adenocarcinoma	Gastric Cancer		
ACH-000486	KU1919_URINARY_TRACT	KU1919	urinary_tract	bladder_carcinoma	Bladder Cancer	907312.0	SIDM01033
ACH-000487	F36P_HAEMATOPOIETIC_AND_LYMPHOID_TISSUE	F36P	blood	AML	Leukemia		
ACH-000488	TE11_OESOPHAGUS	TE11	esophagus	esophagus_squamous	Esophageal Cancer	946354.0	SIDM00348
ACH-000489	SW1116_LARGE_INTESTINE	SW1116	colorectal	colorectal_adenocarcinoma	Colon/Colorectal Cancer	909746.0	SIDM00835
ACH-000491	NCIH716_LARGE_INTESTINE	NCIH716	colorectal	colorectal_adenocarcinoma	Colon/Colorectal Cancer	908458.0	SIDM00779
ACH-000493	SNU423_LIVER	SNU423	liver	hepatocellular_carcinoma	Liver Cancer	909737.0	SIDM01199
ACH-000495	TUHR4TKB_KIDNEY	TUHR4TKB	kidney	renal_cell_carcinoma	Kidney Cancer		
ACH-000496	NCIH1792_LUNG	NCIH1792	lung	NSCLC	Lung Cancer	724868.0	SIDM00771
ACH-000498	KO52_HAEMATOPOIETIC_AND_LYMPHOID_TISSUE	KO52	blood	AML	Leukemia	1330932.0	SIDM00018
ACH-000500	SNU46_UPPER_AERODIGESTIVE_TRACT	SNU46	upper_aerodigestive	upper_aerodigestive_squamous	Head and Neck Cancer		
ACH-000501	LS123_LARGE_INTESTINE	LS123	colorectal	colorectal_adenocarcinoma	Colon/Colorectal Cancer	907792.0	SIDM00776
ACH-000502	TCCPAN2_PANCREAS	TCCPAN2	pancreas	exocrine	Pancreatic Cancer		
ACH-000503	BICR16_UPPER_AERODIGESTIVE_TRACT	BICR16	upper_aerodigestive	upper_aerodigestive_squamous	Head and Neck Cancer		
ACH-000504	SNB75_CENTRAL_NERVOUS_SYSTEM	SNB75	central_nervous_system	glioma	Brain Cancer	905982.0	SIDM00095
ACH-000505	RKN_SOFT_TISSUE	RKN	soft_tissue	leiomyosarcoma	Sarcoma	1298539.0	SIDM00353
ACH-000506	NCIH146_LUNG	NCIH146	lung	SCLC	Lung Cancer	910899.0	SIDM00698
ACH-000507	KE39_STOMACH	KE39	gastric	gastric_adenocarcinoma	Gastric Cancer		
ACH-000508	CORL88_LUNG	CORL88	lung	SCLC	Lung Cancer	906808.0	SIDM00506
ACH-000509	HUT78_HAEMATOPOIETIC_AND_LYMPHOID_TISSUE	HUT78	lymphocyte	non_hodgkin_lymphoma	Lymphoma		SIDM00851
ACH-000510	NCIH1299_LUNG	NCIH1299	lung	NSCLC	Lung Cancer	724831.0	SIDM00649
ACH-000511	CALU1_LUNG	CALU1	lung	NSCLC	Lung Cancer		
ACH-000513	SNU1272_KIDNEY	SNU1272	kidney	renal_cell_carcinoma	Kidney Cancer		
ACH-000514	NCIH1092_LUNG	NCIH1092	lung	SCLC	Lung Cancer	687997.0	SIDM00653
ACH-000515	HCC33_LUNG	HCC33	lung	SCLC	Lung Cancer	1303901.0	SIDM01071
ACH-000516	CAL78_BONE	CAL78	bone	chondrosarcoma	Bone Cancer	1290765.0	SIDM00929
ACH-000517	SNU410_PANCREAS	SNU410	pancreas	exocrine	Pancreatic Cancer		
ACH-000518	CAL33_UPPER_AERODIGESTIVE_TRACT	CAL33	upper_aerodigestive	upper_aerodigestive_squamous	Head and Neck Cancer	753541.0	SIDM00942
ACH-000519	PEER_HAEMATOPOIETIC_AND_LYMPHOID_TISSUE	PEER	blood	ALL	Leukemia		SIDM00991
ACH-000521	NCIH2030_LUNG	NCIH2030	lung	NSCLC	Lung Cancer	722045.0	SIDM00715
ACH-000522	UMUC3_URINARY_TRACT	UMUC3	urinary_tract	bladder_carcinoma	Bladder Cancer	724838.0	SIDM01182
ACH-000523	NCIH1184_LUNG	NCIH1184	lung	SCLC	Lung Cancer		
ACH-000524	KURAMOCHI_OVARY	KURAMOCHI	ovary	ovary_adenocarcinoma	Ovarian Cancer	909975.0	SIDM00554
ACH-000525	NCIH2171_LUNG	NCIH2171	lung	SCLC	Lung Cancer	688015.0	SIDM00733
ACH-000527	OVISE_OVARY	OVISE	ovary	ovary_adenocarcinoma	Ovarian Cancer	1240198.0	SIDM00564
ACH-000530	DMS114_LUNG	DMS114	lung	SCLC	Lung Cancer	687983.0	SIDM00865
ACH-000532	SNU61_LARGE_INTESTINE	SNU61	colorectal	colorectal_adenocarcinoma	Colon/Colorectal Cancer	1660035.0	SIDM00194
ACH-000534	WSUDLCL2_HAEMATOPOIETIC_AND_LYMPHOID_TISSUE	WSUDLCL2	lymphocyte	non_hodgkin_lymphoma	Lymphoma	1331050.0	SIDM00413
ACH-000535	BXPC3_PANCREAS	BXPC3	pancreas	exocrine	Pancreatic Cancer	906693.0	SIDM00132
ACH-000536	BT20_BREAST	BT20	breast	breast_ductal_carcinoma	Breast Cancer	906801.0	SIDM00893
ACH-000537	SNU761_LIVER	SNU761	liver	hepatocellular_carcinoma	Liver Cancer		
ACH-000541	KMS34_HAEMATOPOIETIC_AND_LYMPHOID_TISSUE	KMS34	plasma_cell	multiple_myeloma	Myeloma		
ACH-000542	HEYA8_OVARY	HEYA8	ovary	ovary_adenocarcinoma	Ovarian Cancer		SIDM01215
ACH-000543	SNU489_CENTRAL_NERVOUS_SYSTEM	SNU489	central_nervous_system	glioma	Brain Cancer		
ACH-000544	OE21_OESOPHAGUS	OE21	esophagus	esophagus_squamous	Esophageal Cancer	1298359.0	SIDM00478
ACH-000545	VMCUB1_URINARY_TRACT	VMCUB1	urinary_tract	bladder_carcinoma	Bladder Cancer	909780.0	SIDM00414
ACH-000546	HSC4_UPPER_AERODIGESTIVE_TRACT	HSC4	upper_aerodigestive	upper_aerodigestive_squamous	Head and Neck Cancer	907062.0	SIDM00588
ACH-000547	HT1197_URINARY_TRACT	HT1197	urinary_tract	bladder_carcinoma	Bladder Cancer	907065.0	SIDM00676
ACH-000548	BHY_UPPER_AERODIGESTIVE_TRACT	BHY	upper_aerodigestive	upper_aerodigestive_squamous	Head and Neck Cancer	753535.0	SIDM00986
ACH-000549	SNU1076_UPPER_AERODIGESTIVE_TRACT	SNU1076	upper_aerodigestive	upper_aerodigestive_squamous	Head and Neck Cancer		SIDM00168
ACH-000550	IGR39_SKIN	IGR39	skin	melanoma	Skin Cancer		SIDM01065
ACH-000551	K562_HAEMATOPOIETIC_AND_LYMPHOID_TISSUE	K562	blood	CML	Leukemia	905940.0	SIDM00791
ACH-000552	HT29_LARGE_INTESTINE	HT29	colorectal	colorectal_adenocarcinoma	Colon/Colorectal Cancer	905939.0	SIDM00136
ACH-000553	SQ1_LUNG	SQ1	lung	NSCLC	Lung Cancer		
ACH-000555	A498_KIDNEY	A498	kidney	renal_cell_carcinoma	Kidney Cancer	905948.0	SIDM00124
ACH-000557	AML193_HAEMATOPOIETIC_AND_LYMPHOID_TISSUE	AML193	blood	AML	Leukemia		
ACH-000558	A172_CENTRAL_NERVOUS_SYSTEM	A172	central_nervous_system	glioma	Brain Cancer	687563.0	SIDM00799
ACH-000560	ECC10_STOMACH	ECC10	gastric	gastric_small_cell	Gastric Cancer	906848.0	SIDM00280
ACH-000561	TT_OESOPHAGUS	TDOTT	esophagus	esophagus_squamous	Esophageal Cancer	1299064.0	SIDM00322
ACH-000562	HCC78_LUNG	HCC78	lung	NSCLC	Lung Cancer	1290908.0	SIDM01068
ACH-000563	EBC1_LUNG	EBC1	lung	NSCLC	Lung Cancer	753554.0	SIDM00486
ACH-000564	KHM1B_HAEMATOPOIETIC_AND_LYMPHOID_TISSUE	KHM1B	plasma_cell	multiple_myeloma	Myeloma		
ACH-000566	SW1710_URINARY_TRACT	SW1710	urinary_tract	bladder_carcinoma	Bladder Cancer	909749.0	SIDM00420
ACH-000567	ST486_HAEMATOPOIETIC_AND_LYMPHOID_TISSUE	ST486	lymphocyte	non_hodgkin_lymphoma	Lymphoma	910906.0	SIDM01198
ACH-000568	UACC812_BREAST	UACC812	breast	breast_ductal_carcinoma	Breast Cancer	910910.0	SIDM01187
ACH-000569	ISTMES1_PLEURA	ISTMES1	lung	mesothelioma	Lung Cancer	907173.0	SIDM00224
ACH-000570	YKG1_CENTRAL_NERVOUS_SYSTEM	YKG1	central_nervous_system	glioma	Brain Cancer	687592.0	SIDM00315
ACH-000571	T98G_CENTRAL_NERVOUS_SYSTEM	T98G	central_nervous_system	glioma	Brain Cancer	687586.0	SIDM01171
ACH-000572	G361_SKIN	G361	skin	melanoma	Skin Cancer	906865.0	SIDM00857
ACH-000574	FUOV1_OVARY	FUOV1	ovary	ovary_adenocarcinoma	Ovarian Cancer	1240129.0	SIDM01040
ACH-000576	KMS27_HAEMATOPOIETIC_AND_LYMPHOID_TISSUE	KMS27	plasma_cell	multiple_myeloma	Myeloma		
ACH-000577	JHH2_LIVER	JHH2	liver	hepatocellular_carcinoma	Liver Cancer	1240157.0	SIDM00617
ACH-000578	HCC1171_LUNG	HCC1171	lung	NSCLC	Lung Cancer		
ACH-000579	UACC257_SKIN	UACC257	skin	melanoma	Skin Cancer	905977.0	SIDM00108
ACH-000580	C32_SKIN	C32	skin	melanoma	Skin Cancer	906830.0	SIDM00890
ACH-000581	SNU16_STOMACH	SNU16	gastric	gastric_adenocarcinoma	Gastric Cancer	908446.0	SIDM01145
ACH-000582	COLO741_SKIN	COLO741	skin	melanoma	Skin Cancer		
ACH-000583	MC116_HAEMATOPOIETIC_AND_LYMPHOID_TISSUE	MC116	lymphocyte	non_hodgkin_lymphoma	Lymphoma	907799.0	SIDM00637
ACH-000585	EPLC272H_LUNG	EPLC272H	lung	NSCLC	Lung Cancer	753556.0	SIDM01044
ACH-000587	NCIH1975_LUNG	NCIH1975	lung	NSCLC	Lung Cancer	924244.0	SIDM00759
ACH-000588	KMS26_HAEMATOPOIETIC_AND_LYMPHOID_TISSUE	KMS26	plasma_cell	multiple_myeloma	Myeloma		
ACH-000592	TM31_CENTRAL_NERVOUS_SYSTEM	TM31	central_nervous_system	glioma	Brain Cancer		
ACH-000593	BC3C_URINARY_TRACT	BC3C	urinary_tract	bladder_carcinoma	Bladder Cancer		
ACH-000595	LN229_CENTRAL_NERVOUS_SYSTEM	LN229	central_nervous_system	glioma	Brain Cancer	1240169.0	SIDM00684
ACH-000596	LCLC97TM1_LUNG	LCLC97TM1	lung	NSCLC	Lung Cancer	946361.0	SIDM00344
ACH-000597	TTC709_SOFT_TISSUE	TTC709	soft_tissue	malignant_rhabdoid_tumor	Rhabdoid		
ACH-000598	KMS21BM_HAEMATOPOIETIC_AND_LYMPHOID_TISSUE	KMS21BM	plasma_cell	multiple_myeloma	Myeloma		
ACH-000599	PATU8902_PANCREAS	PATU8902	pancreas	exocrine	Pancreatic Cancer	1298526.0	SIDM00455
ACH-000601	MIAPACA2_PANCREAS	MIAPACA2	pancreas	exocrine	Pancreatic Cancer	724870.0	SIDM00505
ACH-000602	M07E_HAEMATOPOIETIC_AND_LYMPHOID_TISSUE	M07E	blood	AML	Leukemia		
ACH-000603	BEN_LUNG	BEN	lung	NSCLC	Lung Cancer	753534.0	SIDM00990
ACH-000604	KYO1_HAEMATOPOIETIC_AND_LYMPHOID_TISSUE	KYO1	blood	CML	Leukemia		
ACH-000605	TE6_OESOPHAGUS	TE6	esophagus	esophagus_squamous	Esophageal Cancer	946355.0	SIDM00328
ACH-000606	PECAPJ34CLONEC12_UPPER_AERODIGESTIVE_TRACT	PECAPJ34CLONEC12	upper_aerodigestive	upper_aerodigestive_squamous	Head and Neck Cancer		
ACH-000607	KYM1_SOFT_TISSUE	KYM1	soft_tissue	malignant_rhabdoid_tumor	Rhabdoid	1240166.0	SIDM00552
ACH-000608	COV644_OVARY	COV644	ovary	ovary_adenocarcinoma	Ovarian Cancer		
ACH-000609	SF126_CENTRAL_NERVOUS_SYSTEM	SF126	central_nervous_system	glioma	Brain Cancer	909712.0	SIDM00382
ACH-000611	SUDHL6_HAEMATOPOIETIC_AND_LYMPHOID_TISSUE	SUDHL6	lymphocyte	non_hodgkin_lymphoma	Lymphoma	1331037.0	SIDM00407
ACH-000613	HOS_BONE	HOS	bone	osteosarcoma	Bone Cancer	907060.0	SIDM00806
ACH-000614	RVH421_SKIN	RVH421	skin	melanoma	Skin Cancer	909706.0	SIDM00401
ACH-000615	SKMEL28_SKIN	SKMEL28	skin	melanoma	Skin Cancer	905954.0	SIDM00081
ACH-000616	HS746T_STOMACH	HS746T	gastric	gastric_adenocarcinoma	Gastric Cancer	1240151.0	SIDM00665
ACH-000617	OVCAR4_OVARY	OVCAR4	ovary	ovary_adenocarcinoma	Ovarian Cancer	905990.0	SIDM00092
ACH-000618	SNU1041_UPPER_AERODIGESTIVE_TRACT	SNU1041	upper_aerodigestive	upper_aerodigestive_squamous	Head and Neck Cancer		SIDM00173
ACH-000619	PECAPJ15_UPPER_AERODIGESTIVE_TRACT	PECAPJ15	upper_aerodigestive	upper_aerodigestive_squamous	Head and Neck Cancer	1240207.0	SIDM00473
ACH-000620	JHH1_LIVER	JHH1	liver	hepatocellular_carcinoma	Liver Cancer	1298151.0	SIDM00618
ACH-000621	MDAMB157_BREAST	MDAMB157	breast	breast_ductal_carcinoma	Breast Cancer	925338.0	SIDM00529
ACH-000622	KNS42_CENTRAL_NERVOUS_SYSTEM	KNS42	central_nervous_system	glioma	Brain Cancer	907282.0	SIDM00607
ACH-000623	SNU201_CENTRAL_NERVOUS_SYSTEM	SNU201	central_nervous_system	glioma	Brain Cancer		SIDM00158
ACH-000624	HCC1806_BREAST	HCC1806	breast	breast_ductal_carcinoma	Breast Cancer	907047.0	SIDM00875
ACH-000625	HEP3B217_LIVER	HEP3B217	liver	hepatocellular_carcinoma	Liver Cancer	1240147.0	SIDM00672
ACH-000626	U266B1_HAEMATOPOIETIC_AND_LYMPHOID_TISSUE	U266B1	plasma_cell	multiple_myeloma	Myeloma	753615.0	SIDM00417
ACH-000627	LCLC103H_LUNG	LCLC103H	lung	NSCLC	Lung Cancer	753586.0	SIDM00345
ACH-000630	YD8_UPPER_AERODIGESTIVE_TRACT	YD8	upper_aerodigestive	upper_aerodigestive_squamous	Head and Neck Cancer		
ACH-000632	HS944T_SKIN	HS944T	skin	melanoma	Skin Cancer		SIDM00063
ACH-000633	FU97_STOMACH	FU97	gastric	gastric_adenocarcinoma	Gastric Cancer	1290806.0	SIDM00503
ACH-000635	SNU119_OVARY	SNU119	ovary	ovary_adenocarcinoma	Ovarian Cancer		
ACH-000636	RPMI8402_HAEMATOPOIETIC_AND_LYMPHOID_TISSUE	RPMI8402	blood	ALL	Leukemia	909702.0	SIDM00403
ACH-000637	KYSE520_OESOPHAGUS	KYSE520	esophagus	esophagus_squamous	Esophageal Cancer	753575.0	SIDM01025
ACH-000638	NCIH441_LUNG	NCIH441	lung	NSCLC	Lung Cancer	908460.0	SIDM00925
ACH-000639	NCIH211_LUNG	NCIH211	lung	SCLC	Lung Cancer	1240189.0	SIDM00704
ACH-000640	SKMEL31_SKIN	SKMEL31	skin	melanoma	Skin Cancer	909727.0	SIDM01104
ACH-000641	CMK_HAEMATOPOIETIC_AND_LYMPHOID_TISSUE	CMK	blood	AML	Leukemia	910566.0	SIDM00959
ACH-000643	HDQP1_BREAST	HDQP1	breast	breast_ductal_carcinoma	Breast Cancer	1290922.0	SIDM01062
ACH-000644	COLO829_SKIN	COLO829	skin	melanoma	Skin Cancer	687448.0	SIDM00909
ACH-000645	JL1_PLEURA	JL1	lung	mesothelioma	Lung Cancer		
ACH-000647	TE1_OESOPHAGUS	TE1	esophagus	esophagus_squamous	Esophageal Cancer	753621.0	SIDM00369
ACH-000648	NCIH28_PLEURA	NCIH28	lung	mesothelioma	Lung Cancer	908470.0	SIDM00720
ACH-000649	786O_KIDNEY	786O	kidney	renal_cell_carcinoma	Kidney Cancer	905947.0	SIDM00125
ACH-000650	IGR37_SKIN	IGR37	skin	melanoma	Skin Cancer	1240153.0	SIDM01066
ACH-000651	SW620_LARGE_INTESTINE	SW620	colorectal	colorectal_adenocarcinoma	Colon/Colorectal Cancer	905962.0	SIDM00841
ACH-000652	SUIT2_PANCREAS	SUIT2	pancreas	exocrine	Pancreatic Cancer	1240219.0	SIDM00371
ACH-000653	JJN3_HAEMATOPOIETIC_AND_LYMPHOID_TISSUE	JJN3	plasma_cell	multiple_myeloma	Myeloma	1327766.0	SIDM01036
ACH-000654	RAJI_HAEMATOPOIETIC_AND_LYMPHOID_TISSUE	RAJI	lymphocyte	non_hodgkin_lymphoma	Lymphoma	909262.0	SIDM00844
ACH-000655	SF268_CENTRAL_NERVOUS_SYSTEM	SF268	central_nervous_system	glioma	Brain Cancer	905986.0	SIDM00085
ACH-000656	SUDHL8_HAEMATOPOIETIC_AND_LYMPHOID_TISSUE	SUDHL8	lymphocyte	non_hodgkin_lymphoma	Lymphoma	1331038.0	SIDM00423
ACH-000657	A2780_OVARY	A2780	ovary	ovary_adenocarcinoma	Ovarian Cancer	906804.0	SIDM00210
ACH-000658	KMS18_HAEMATOPOIETIC_AND_LYMPHOID_TISSUE	KMS18	plasma_cell	multiple_myeloma	Myeloma		
ACH-000659	SCLC21H_LUNG	SCLC21H	lung	SCLC	Lung Cancer		SIDM00029
ACH-000661	WM1799_SKIN	WM1799	skin	melanoma	Skin Cancer		
ACH-000663	OVTOKO_OVARY	OVTOKO	ovary	ovary_adenocarcinoma	Ovarian Cancer	1298365.0	SIDM00425
ACH-000664	SUDHL1_HAEMATOPOIETIC_AND_LYMPHOID_TISSUE	SUDHL1	lymphocyte	non_hodgkin_lymphoma	Lymphoma	909742.0	SIDM00390
ACH-000665	SKMES1_LUNG	SKMES1	lung	NSCLC	Lung Cancer	909728.0	SIDM01103
ACH-000666	NCIH1355_LUNG	NCIH1355	lung	NSCLC	Lung Cancer	724866.0	SIDM00645
ACH-000667	HCC44_LUNG	HCC44	lung	NSCLC	Lung Cancer	1240145.0	SIDM01069
ACH-000670	SBC5_LUNG	SBC5	lung	SCLC	Lung Cancer	713880.0	SIDM00368
ACH-000672	IALM_LUNG	IALM	lung	NSCLC	Lung Cancer	910779.0	SIDM00306
ACH-000674	NUGC4_STOMACH	NUGC4	gastric	gastric_adenocarcinoma	Gastric Cancer	1298357.0	SIDM00570
ACH-000675	NCIH1734_LUNG	NCIH1734	lung	NSCLC	Lung Cancer	722058.0	SIDM00739
ACH-000677	SW1573_LUNG	SW1573	lung	NSCLC	Lung Cancer	724878.0	SIDM01163
ACH-000678	MKN7_STOMACH	MKN7	gastric	gastric_adenocarcinoma	Gastric Cancer	924250.0	SIDM00560
ACH-000679	OE19_OESOPHAGUS	OE19	esophagus	esophagus_squamous	Esophageal Cancer	910079.0	SIDM00479
ACH-000680	SW948_LARGE_INTESTINE	SW948	colorectal	colorectal_adenocarcinoma	Colon/Colorectal Cancer	909757.0	SIDM00832
ACH-000681	A549_LUNG	A549	lung	NSCLC	Lung Cancer	905949.0	SIDM00903
ACH-000682	SNU1066_UPPER_AERODIGESTIVE_TRACT	SNU1066	upper_aerodigestive	upper_aerodigestive_squamous	Head and Neck Cancer		SIDM00170
ACH-000683	SNU503_LARGE_INTESTINE	SNU503	colorectal	colorectal_adenocarcinoma	Colon/Colorectal Cancer		SIDM00497
ACH-000684	KMRC1_KIDNEY	KMRC1	kidney	renal_cell_carcinoma	Kidney Cancer	1298168.0	SIDM00611
ACH-000685	L33_PANCREAS	L33	pancreas	exocrine	Pancreatic Cancer		
ACH-000686	SNU878_LIVER	SNU878	liver	hepatocellular_carcinoma	Liver Cancer		
ACH-000687	CI1_HAEMATOPOIETIC_AND_LYMPHOID_TISSUE	CI1	lymphocyte	non_hodgkin_lymphoma	Lymphoma		
ACH-000688	OV7_OVARY	OV7	ovary	ovary_adenocarcinoma	Ovarian Cancer	1480360.0	SIDM00474
ACH-000689	RH18_SOFT_TISSUE	RH18	soft_tissue	rhabdomyosarcoma	Sarcoma	971774.0	SIDM00454
ACH-000692	SNU899_UPPER_AERODIGESTIVE_TRACT	SNU899	upper_aerodigestive	upper_aerodigestive_squamous	Head and Neck Cancer		SIDM00169
ACH-000693	KYSE180_OESOPHAGUS	KYSE180	esophagus	esophagus_squamous	Esophageal Cancer	907318.0	SIDM01030
ACH-000694	TE9_OESOPHAGUS	TE9	esophagus	esophagus_squamous	Esophageal Cancer	946353.0	SIDM00325
ACH-000695	CORL47_LUNG	CORL47	lung	SCLC	Lung Cancer		
ACH-000696	OVCAR8_OVARY	OVCAR8	ovary	ovary_adenocarcinoma	Ovarian Cancer	905991.0	SIDM00090
ACH-000697	A3KAW_HAEMATOPOIETIC_AND_LYMPHOID_TISSUE	A3KAW	lymphocyte	non_hodgkin_lymphoma	Lymphoma	910935.0	SIDM00495
ACH-000698	DMS53_LUNG	DMS53	lung	SCLC	Lung Cancer	907295.0	SIDM00523
ACH-000699	HCC1395_BREAST	HCC1395	breast	breast_ductal_carcinoma	Breast Cancer	749712.0	SIDM00884
ACH-000702	L1236_HAEMATOPOIETIC_AND_LYMPHOID_TISSUE	L1236	lymphocyte	hodgkin_lymphoma	Lymphoma	1330935.0	SIDM00313
ACH-000703	DMS79_LUNG	DMS79	lung	SCLC	Lung Cancer	753551.0	SIDM00524
ACH-000704	OAW42_OVARY	OAW42	ovary	ovary_carcinoma	Ovarian Cancer	910548.0	SIDM00480
ACH-000705	LC1F_LUNG	LC1F	lung	NSCLC	Lung Cancer		SIDM00298
ACH-000706	EKVX_LUNG	EKVX	lung	NSCLC	Lung Cancer	905970.0	SIDM00119
ACH-000707	P3HR1_HAEMATOPOIETIC_AND_LYMPHOID_TISSUE	P3HR1	lymphocyte	non_hodgkin_lymphoma	Lymphoma		SIDM01254
ACH-000709	KMRC2_KIDNEY	KMRC2	kidney	renal_cell_carcinoma	Kidney Cancer		
ACH-000711	JIMT1_BREAST	JIMT1	breast	breast_ductal_carcinoma	Breast Cancer	1298157.0	SIDM01037
ACH-000712	HCC1833_LUNG	HCC1833	lung	NSCLC	Lung Cancer		
ACH-000713	CAOV3_OVARY	CAOV3	ovary	ovary_adenocarcinoma	Ovarian Cancer	906825.0	SIDM00919
ACH-000714	KMS11_HAEMATOPOIETIC_AND_LYMPHOID_TISSUE	KMS11	plasma_cell	multiple_myeloma	Myeloma	1659817.0	SIDM00608
ACH-000715	SNU1214_UPPER_AERODIGESTIVE_TRACT	SNU1214	upper_aerodigestive	upper_aerodigestive_squamous	Head and Neck Cancer		SIDM00167
ACH-000716	TT2609C02_THYROID	TT2609C02	thyroid	thyroid_carcinoma	Thyroid Cancer	1240223.0	SIDM00418
ACH-000717	COLO680N_OESOPHAGUS	COLO680N	esophagus	esophagus_squamous	Esophageal Cancer	906817.0	SIDM00956
ACH-000718	NCIH2291_LUNG	NCIH2291	lung	NSCLC	Lung Cancer	724874.0	SIDM00728
ACH-000719	RMGI_OVARY	RMGI	ovary	ovary_adenocarcinoma	Ovarian Cancer	909699.0	SIDM00352
ACH-000720	TCCSUP_URINARY_TRACT	TCCSUP	urinary_tract	bladder_carcinoma	Bladder Cancer	687459.0	SIDM01190
ACH-000721	HMC18_BREAST	HMC18	breast	breast_carcinoma	Breast Cancer		
ACH-000722	SNUC1_LARGE_INTESTINE	SNUC1	colorectal	colorectal_adenocarcinoma	Colon/Colorectal Cancer	910905.0	SIDM01197
ACH-000723	YD10B_UPPER_AERODIGESTIVE_TRACT	YD10B	upper_aerodigestive	upper_aerodigestive_squamous	Head and Neck Cancer		
ACH-000724	HT1376_URINARY_TRACT	HT1376	urinary_tract	bladder_carcinoma	Bladder Cancer	907066.0	SIDM00678
ACH-000725	HCC202_BREAST	HCC202	breast	breast_ductal_carcinoma	Breast Cancer	1290906.0	SIDM00870
ACH-000726	TE14_OESOPHAGUS	TE14	esophagus	esophagus_squamous	Esophageal Cancer		
ACH-000728	KASUMI2_HAEMATOPOIETIC_AND_LYMPHOID_TISSUE	KASUMI2	blood	ALL	Leukemia		
ACH-000730	SKMEL5_SKIN	SKMEL5	skin	melanoma	Skin Cancer	905956.0	SIDM00080
ACH-000731	HCC2279_LUNG	HCC2279	lung	NSCLC	Lung Cancer		
ACH-000732	PECAPJ41CLONED2_UPPER_AERODIGESTIVE_TRACT	PECAPJ41CLONED2	upper_aerodigestive	upper_aerodigestive_squamous	Head and Neck Cancer		
ACH-000733	NCIH1838_LUNG	NCIH1838	lung	NSCLC	Lung Cancer	687807.0	SIDM00769
ACH-000734	JHH5_LIVER	JHH5	liver	hepatocellular_carcinoma	Liver Cancer		
ACH-000735	PECAPJ49_UPPER_AERODIGESTIVE_TRACT	PECAPJ49	upper_aerodigestive	upper_aerodigestive_squamous	Head and Neck Cancer		
ACH-000736	SNU601_STOMACH	SNU601	gastric	gastric_adenocarcinoma	Gastric Cancer		
ACH-000737	NCIH1385_LUNG	NCIH1385	lung	NSCLC	Lung Cancer		
ACH-000738	GB1_CENTRAL_NERVOUS_SYSTEM	GB1	central_nervous_system	glioma	Brain Cancer	687568.0	SIDM00581
ACH-000739	HEPG2_LIVER	HEPG2	liver	hepatocellular_carcinoma	Liver Cancer		SIDM00904
ACH-000740	A253_SALIVARY_GLAND	A253	upper_aerodigestive	upper_aerodigestive_squamous	Head and Neck Cancer	906794.0	SIDM00796
ACH-000741	UBLC1_URINARY_TRACT	UBLC1	urinary_tract	bladder_carcinoma	Bladder Cancer		
ACH-000743	CORL95_LUNG	CORL95	lung	SCLC	Lung Cancer	1297439.0	SIDM00521
ACH-000744	NCIH1623_LUNG	NCIH1623	lung	NSCLC	Lung Cancer	687798.0	SIDM00747
ACH-000745	MOLP8_HAEMATOPOIETIC_AND_LYMPHOID_TISSUE	MOLP8	plasma_cell	multiple_myeloma	Myeloma	1330950.0	SIDM00434
ACH-000746	GSS_STOMACH	GSS	gastric	gastric_adenocarcinoma	Gastric Cancer		
ACH-000747	NCIH1703_LUNG	NCIH1703	lung	NSCLC	Lung Cancer	908474.0	SIDM00740
ACH-000748	SJSA1_BONE	SJSA1	bone	osteosarcoma	Bone Cancer	909717.0	SIDM01112
ACH-000749	DMS273_LUNG	DMS273	lung	SCLC	Lung Cancer	687985.0	SIDM00522
ACH-000750	LOXIMVI_SKIN	LOXIMVI	skin	melanoma	Skin Cancer	905974.0	SIDM00149
ACH-000751	OCIM1_HAEMATOPOIETIC_AND_LYMPHOID_TISSUE	OCIM1	blood	AML	Leukemia	1330985.0	SIDM00458
ACH-000752	NCIH196_LUNG	NCIH196	lung	SCLC	Lung Cancer	1240186.0	SIDM00761
ACH-000753	JMSU1_URINARY_TRACT	JMSU1	urinary_tract	bladder_carcinoma	Bladder Cancer		
ACH-000754	L428_HAEMATOPOIETIC_AND_LYMPHOID_TISSUE	L428	lymphocyte	hodgkin_lymphoma	Lymphoma	907322.0	SIDM00327
ACH-000755	HCC2218_BREAST	HCC2218	breast	breast_ductal_carcinoma	Breast Cancer	749716.0	SIDM00772
ACH-000756	GI1_CENTRAL_NERVOUS_SYSTEM	GI1	central_nervous_system	glioma	Brain Cancer	906871.0	SIDM00273
ACH-000758	MKN74_STOMACH	MKN74	gastric	gastric_adenocarcinoma	Gastric Cancer		SIDM00248
ACH-000762	YD38_UPPER_AERODIGESTIVE_TRACT	YD38	upper_aerodigestive	upper_aerodigestive_squamous	Head and Neck Cancer		
ACH-000763	MM1S_HAEMATOPOIETIC_AND_LYMPHOID_TISSUE	MM1S	plasma_cell	multiple_myeloma	Myeloma	1659818.0	SIDM01265
ACH-000764	SH10TC_STOMACH	SH10TC	gastric	gastric_adenocarcinoma	Gastric Cancer		
ACH-000765	WM983B_SKIN	WM983B	skin	melanoma	Skin Cancer		
ACH-000767	NCIH526_LUNG	NCIH526	lung	SCLC	Lung Cancer	688025.0	SIDM01128
ACH-000768	MDAMB231_BREAST	MDAMB231	breast	breast_carcinoma	Breast Cancer	905960.0	SIDM00146
ACH-000769	LK2_LUNG	LK2	lung	NSCLC	Lung Cancer	687787.0	SIDM00548
ACH-000770	P31FUJ_HAEMATOPOIETIC_AND_LYMPHOID_TISSUE	P31FUJ	blood	AML	Leukemia	909253.0	SIDM00363
ACH-000771	BICR56_UPPER_AERODIGESTIVE_TRACT	BICR56	upper_aerodigestive	upper_aerodigestive_squamous	Head and Neck Cancer		
ACH-000772	TE441T_SOFT_TISSUE	TE441T	soft_tissue	rhabdomyosarcoma	Sarcoma	924248.0	SIDM01173
ACH-000773	KIJK_HAEMATOPOIETIC_AND_LYMPHOID_TISSUE	KIJK	lymphocyte	non_hodgkin_lymphoma	Lymphoma		
ACH-000774	RERFLCAD2_LUNG	RERFLCAD2	lung	NSCLC	Lung Cancer		
ACH-000775	NCIH727_LUNG	NCIH727	lung	lung_carcinoid	Lung Cancer	724855.0	SIDM01119
ACH-000776	ONS76_CENTRAL_NERVOUS_SYSTEM	ONS76	central_nervous_system	medulloblastoma	Brain Cancer	909248.0	SIDM00567
ACH-000777	KYSE30_OESOPHAGUS	KYSE30	esophagus	esophagus_squamous	Esophageal Cancer		SIDM00015
ACH-000778	HSC3_UPPER_AERODIGESTIVE_TRACT	HSC3	upper_aerodigestive	upper_aerodigestive_squamous	Head and Neck Cancer	907061.0	SIDM00589
ACH-000780	NCIH1105_LUNG	NCIH1105	lung	SCLC	Lung Cancer	908468.0	SIDM00652
ACH-000781	NCIH2023_LUNG	NCIH2023	lung	NSCLC	Lung Cancer	1240187.0	SIDM00753
ACH-000782	SEM_HAEMATOPOIETIC_AND_LYMPHOID_TISSUE	SEM	blood	ALL	Leukemia		
ACH-000783	CAMA1_BREAST	CAMA1	breast	breast_carcinoma	Breast Cancer	946382.0	SIDM00920
ACH-000784	KYSE70_OESOPHAGUS	KYSE70	esophagus	esophagus_squamous	Esophageal Cancer	753576.0	SIDM01024
ACH-000785	NCIH2126_LUNG	NCIH2126	lung	NSCLC	Lung Cancer		SIDM00775
ACH-000786	DAUDI_HAEMATOPOIETIC_AND_LYMPHOID_TISSUE	DAUDI	lymphocyte	non_hodgkin_lymphoma	Lymphoma	906831.0	SIDM00845
ACH-000787	LXF289_LUNG	LXF289	lung	NSCLC	Lung Cancer	753592.0	SIDM00339
ACH-000788	A2058_SKIN	A2058	skin	melanoma	Skin Cancer	906792.0	SIDM00797
ACH-000789	NCIH810_LUNG	NCIH810	lung	NSCLC	Lung Cancer	925341.0	SIDM01116
ACH-000790	SHP77_LUNG	SHP77	lung	SCLC	Lung Cancer	724872.0	SIDM01078
ACH-000791	RERFLCAD1_LUNG	RERFLCAD1	lung	NSCLC	Lung Cancer		
ACH-000792	BFTC909_KIDNEY	BFTC909	kidney	renal_cell_carcinoma	Kidney Cancer	910698.0	SIDM00988
ACH-000793	KATOIII_STOMACH	KATOIII	gastric	gastric_adenocarcinoma	Gastric Cancer	907276.0	SIDM00687
ACH-000794	BICR22_UPPER_AERODIGESTIVE_TRACT	BICR22	upper_aerodigestive	upper_aerodigestive_squamous	Head and Neck Cancer	1240121.0	SIDM00485
ACH-000795	MOLT13_HAEMATOPOIETIC_AND_LYMPHOID_TISSUE	MOLT13	blood	ALL	Leukemia	908146.0	SIDM00433
ACH-000796	MCAS_OVARY	MCAS	ovary	ovary_adenocarcinoma	Ovarian Cancer		SIDM00008
ACH-000800	NCIH446_LUNG	NCIH446	lung	SCLC	Lung Cancer	688023.0	SIDM00965
ACH-000801	HS936T_SKIN	HS936T	skin	melanoma	Skin Cancer		
ACH-000802	BFTC905_URINARY_TRACT	BFTC905	urinary_tract	bladder_carcinoma	Bladder Cancer	910926.0	SIDM00989
ACH-000803	COLO668_LUNG	COLO668	lung	SCLC	Lung Cancer	910692.0	SIDM00143
ACH-000804	NB1_AUTONOMIC_GANGLIA	NB1	peripheral_nervous_system	neuroblastoma	Neuroblastoma	949179.0	SIDM00578
ACH-000806	L540_HAEMATOPOIETIC_AND_LYMPHOID_TISSUE	L540	lymphocyte	hodgkin_lymphoma	Lymphoma	907323.0	SIDM00329
ACH-000807	SNU738_CENTRAL_NERVOUS_SYSTEM	SNU738	central_nervous_system	glioma	Brain Cancer		
ACH-000808	HUH28_BILIARY_TRACT	HUH28	bile_duct	cholangiocarcinoma	Bile Duct Cancer		
ACH-000809	KYSE410_OESOPHAGUS	KYSE410	esophagus	esophagus_squamous	Esophageal Cancer	753574.0	SIDM01028
ACH-000810	SKMEL30_SKIN	SKMEL30	skin	melanoma	Skin Cancer	909726.0	SIDM00392
ACH-000811	SKOV3_OVARY	SKOV3	ovary	ovary_adenocarcinoma	Ovarian Cancer	905959.0	SIDM00079
ACH-000813	T3M10_LUNG	T3M10	lung	NSCLC	Lung Cancer		
ACH-000815	KMH2_HAEMATOPOIETIC_AND_LYMPHOID_TISSUE	KMH2	lymphocyte	hodgkin_lymphoma	Lymphoma	909976.0	SIDM01018
ACH-000816	NCIH524_LUNG	NCIH524	lung	SCLC	Lung Cancer	908483.0	SIDM01129
ACH-000817	RPMI8226_HAEMATOPOIETIC_AND_LYMPHOID_TISSUE	RPMI8226	plasma_cell	multiple_myeloma	Myeloma	905964.0	SIDM00087
ACH-000819	LN18_CENTRAL_NERVOUS_SYSTEM	LN18	central_nervous_system	glioma	Brain Cancer	1240168.0	SIDM00685
ACH-000821	EJM_HAEMATOPOIETIC_AND_LYMPHOID_TISSUE	EJM	plasma_cell	multiple_myeloma	Myeloma	1297447.0	SIDM01048
ACH-000822	SKMEL24_SKIN	SKMEL24	skin	melanoma	Skin Cancer	909725.0	SIDM01106
ACH-000823	KYSE140_OESOPHAGUS	KYSE140	esophagus	esophagus_squamous	Esophageal Cancer	753573.0	SIDM01032
ACH-000824	KYSE510_OESOPHAGUS	KYSE510	esophagus	esophagus_squamous	Esophageal Cancer	907321.0	SIDM01026
ACH-000825	HOP92_LUNG	HOP92	lung	NSCLC	Lung Cancer	905973.0	SIDM00134
ACH-000826	CAL12T_LUNG	CAL12T	lung	NSCLC	Lung Cancer	753540.0	SIDM00939
ACH-000827	WM793_SKIN	WM793	skin	melanoma	Skin Cancer	1299081.0	SIDM00973
ACH-000828	ZR7530_BREAST	ZR7530	breast	breast_ductal_carcinoma	Breast Cancer	909907.0	SIDM00971
ACH-000829	HUNS1_HAEMATOPOIETIC_AND_LYMPHOID_TISSUE	HUNS1	plasma_cell	multiple_myeloma	Myeloma		
ACH-000831	HEC50B_ENDOMETRIUM	HEC50B	uterus	endometrial_adenocarcinoma	Endometrial/Uterine Cancer		
ACH-000832	CAL27_UPPER_AERODIGESTIVE_TRACT	CAL27	upper_aerodigestive	upper_aerodigestive_squamous	Head and Neck Cancer	910916.0	SIDM00937
ACH-000834	UMUC1_URINARY_TRACT	UMUC1	urinary_tract	bladder_carcinoma	Bladder Cancer		
ACH-000835	GCT_SOFT_TISSUE	GCT	soft_tissue	pleomorphic_sarcoma	Sarcoma	906999.0	SIDM00853
ACH-000836	YD15_SALIVARY_GLAND	YD15	upper_aerodigestive	upper_aerodigestive_squamous	Head and Neck Cancer		
ACH-000838	AMO1_HAEMATOPOIETIC_AND_LYMPHOID_TISSUE	AMO1	plasma_cell	multiple_myeloma	Myeloma	1295741.0	SIDM00993
ACH-000839	SCABER_URINARY_TRACT	SCABER	urinary_tract	bladder_carcinoma	Bladder Cancer		SIDM00032
ACH-000840	HCC366_LUNG	HCC366	lung	NSCLC	Lung Cancer	1240144.0	SIDM01070
ACH-000841	NCIH2087_LUNG	NCIH2087	lung	NSCLC	Lung Cancer	724834.0	SIDM00708
ACH-000843	HARA_LUNG	HARA	lung	NSCLC	Lung Cancer	1240142.0	SIDM00598
ACH-000844	DMS454_LUNG	DMS454	lung	SCLC	Lung Cancer		
ACH-000845	NCIH1373_LUNG	NCIH1373	lung	NSCLC	Lung Cancer		
ACH-000846	FADU_UPPER_AERODIGESTIVE_TRACT	FADU	upper_aerodigestive	upper_aerodigestive_squamous	Head and Neck Cancer	906863.0	SIDM00860
ACH-000847	HGC27_STOMACH	HGC27	gastric	gastric_adenocarcinoma	Gastric Cancer	907055.0	SIDM00290
ACH-000849	MDAMB468_BREAST	MDAMB468	breast	breast_carcinoma	Breast Cancer	908123.0	SIDM00628
ACH-000851	MORCPR_LUNG	MORCPR	lung	NSCLC	Lung Cancer		
ACH-000852	NCIH1435_LUNG	NCIH1435	lung	NSCLC	Lung Cancer	1298347.0	SIDM00658
ACH-000853	NCIH661_LUNG	NCIH661	lung	NSCLC	Lung Cancer	687829.0	SIDM01122
ACH-000855	KYSE150_OESOPHAGUS	KYSE150	esophagus	esophagus_squamous	Esophageal Cancer	907317.0	SIDM01031
ACH-000856	CAL51_BREAST	CAL51	breast	breast_carcinoma	Breast Cancer	910927.0	SIDM00933
ACH-000857	CAL851_BREAST	CAL851	breast	breast_carcinoma	Breast Cancer	910852.0	SIDM00928
ACH-000858	KNS62_LUNG	KNS62	lung	NSCLC	Lung Cancer	753569.0	SIDM00606
ACH-000859	HCC1954_BREAST	HCC1954	breast	breast_ductal_carcinoma	Breast Cancer	749709.0	SIDM00872
ACH-000860	NCIH358_LUNG	NCIH358	lung	NSCLC	Lung Cancer	908465.0	SIDM00718
ACH-000861	HOP62_LUNG	HOP62	lung	NSCLC	Lung Cancer	905972.0	SIDM00133
ACH-000862	KMBC2_URINARY_TRACT	KMBC2	urinary_tract	bladder_carcinoma	Bladder Cancer		
ACH-000863	DBTRG05MG_CENTRAL_NERVOUS_SYSTEM	DBTRG05MG	central_nervous_system	glioma	Brain Cancer	906835.0	SIDM00867
ACH-000864	COLO684_ENDOMETRIUM	COLO684	uterus	endometrial_adenocarcinoma	Endometrial/Uterine Cancer	910691.0	SIDM00142
ACH-000865	KYSE450_OESOPHAGUS	KYSE450	esophagus	esophagus_squamous	Esophageal Cancer	907320.0	SIDM01027
ACH-000867	CHAGOK1_LUNG	CHAGOK1	lung	NSCLC	Lung Cancer	687596.0	SIDM00924
ACH-000868	HCC1195_LUNG	HCC1195	lung	NSCLC	Lung Cancer		
ACH-000869	NCIH1568_LUNG	NCIH1568	lung	NSCLC	Lung Cancer	1298348.0	SIDM00750
ACH-000871	NCIH510_LUNG	NCIH510	lung	SCLC	Lung Cancer	753605.0	SIDM00927
ACH-000874	RS411_HAEMATOPOIETIC_AND_LYMPHOID_TISSUE	RS411	blood	ALL	Leukemia	909703.0	SIDM01086
ACH-000876	MDAMB415_BREAST	MDAMB415	breast	breast_carcinoma	Breast Cancer	924240.0	SIDM00630
ACH-000877	EB1_HAEMATOPOIETIC_AND_LYMPHOID_TISSUE	EB1	lymphocyte	non_hodgkin_lymphoma	Lymphoma		SIDM00862
ACH-000878	HCC15_LUNG	HCC15	lung	NSCLC	Lung Cancer	1240143.0	SIDM01072
ACH-000879	MFE296_ENDOMETRIUM	MFE296	uterus	endometrial_adenocarcinoma	Endometrial/Uterine Cancer	908130.0	SIDM00334
ACH-000880	AGS_STOMACH	AGS	gastric	gastric_adenocarcinoma	Gastric Cancer	906790.0	SIDM00850
ACH-000881	MELJUSO_SKIN	MELJUSO	skin	melanoma	Skin Cancer	908125.0	SIDM00336
ACH-000882	IGR1_SKIN	IGR1	skin	melanoma	Skin Cancer	907169.0	SIDM01060
ACH-000883	SW1783_CENTRAL_NERVOUS_SYSTEM	SW1783	central_nervous_system	glioma	Brain Cancer	909750.0	SIDM01164
ACH-000885	TOV21G_OVARY	TOV21G	ovary	ovary_adenocarcinoma	Ovarian Cancer	1240222.0	SIDM01169
ACH-000886	NCIH2009_LUNG	NCIH2009	lung	NSCLC	Lung Cancer	724873.0	SIDM00756
ACH-000888	NCIH1793_LUNG	NCIH1793	lung	NSCLC	Lung Cancer	908463.0	SIDM00755
ACH-000889	KMM1_HAEMATOPOIETIC_AND_LYMPHOID_TISSUE	KMM1	plasma_cell	multiple_myeloma	Myeloma		
ACH-000890	SW1271_LUNG	SW1271	lung	SCLC	Lung Cancer	1299062.0	SIDM01156
ACH-000891	HCC1438_LUNG	HCC1438	lung	NSCLC	Lung Cancer		
ACH-000892	NCIH1563_LUNG	NCIH1563	lung	NSCLC	Lung Cancer	753600.0	SIDM00751
ACH-000893	NCIH1651_LUNG	NCIH1651	lung	NSCLC	Lung Cancer	910900.0	SIDM00744
ACH-000894	NCIH1869_LUNG	NCIH1869	lung	NSCLC	Lung Cancer	1240183.0	SIDM00768
ACH-000895	CL34_LARGE_INTESTINE	CL34	colorectal	colorectal_adenocarcinoma	Colon/Colorectal Cancer	1290771.0	SIDM00945
ACH-000896	647V_URINARY_TRACT	647V	urinary_tract	bladder_carcinoma	Bladder Cancer	906797.0	SIDM00983
ACH-000897	FTC238_THYROID	FTC238	thyroid	thyroid_carcinoma	Thyroid Cancer		SIDM00228
ACH-000898	SNU719_STOMACH	SNU719	gastric	gastric_adenocarcinoma	Gastric Cancer		
ACH-000899	WM88_SKIN	WM88	skin	melanoma	Skin Cancer		
ACH-000900	NCIH23_LUNG	NCIH23	lung	NSCLC	Lung Cancer	905942.0	SIDM00138
ACH-000902	CAL148_BREAST	CAL148	breast	breast_ductal_carcinoma	Breast Cancer	924106.0	SIDM00938
ACH-000903	FTC133_THYROID	FTC133	thyroid	thyroid_carcinoma	Thyroid Cancer	906864.0	SIDM00213
ACH-000904	NCIH2106_LUNG	NCIH2106	lung	NSCLC	Lung Cancer		
ACH-000905	5637_URINARY_TRACT	5637	urinary_tract	bladder_carcinoma	Bladder Cancer	687452.0	SIDM00807
ACH-000906	ES2_OVARY	ES2	ovary	ovary_adenocarcinoma	Ovarian Cancer	1240128.0	SIDM00861
ACH-000909	JHUEM2_ENDOMETRIUM	JHUEM2	uterus	endometrial_adenocarcinoma	Endometrial/Uterine Cancer		
ACH-000910	MDAMB453_BREAST	MDAMB453	breast	breast_carcinoma	Breast Cancer	908122.0	SIDM00272
ACH-000911	NUGC3_STOMACH	NUGC3	gastric	gastric_adenocarcinoma	Gastric Cancer	908455.0	SIDM00572
ACH-000912	NCIH2286_LUNG	NCIH2286	lung	SCLC	Lung Cancer		SIDM00017
ACH-000913	ESS1_ENDOMETRIUM	ESS1	uterus	endometrial_stromal_sarcoma	Endometrial/Uterine Cancer	907000.0	SIDM01043
ACH-000914	HT_HAEMATOPOIETIC_AND_LYMPHOID_TISSUE	HT	lymphocyte	non_hodgkin_lymphoma	Lymphoma	907063.0	SIDM00661
ACH-000915	IPC298_SKIN	IPC298	skin	melanoma	Skin Cancer	907171.0	SIDM01059
ACH-000916	NCIH1573_LUNG	NCIH1573	lung	NSCLC	Lung Cancer	908472.0	SIDM00749
ACH-000917	TE4_OESOPHAGUS	TE4	esophagus	esophagus_squamous	Esophageal Cancer	1503371.0	SIDM00250
ACH-000918	MOLT16_HAEMATOPOIETIC_AND_LYMPHOID_TISSUE	MOLT16	blood	ALL	Leukemia	908147.0	SIDM00431
ACH-000919	IM95_STOMACH	IM95	gastric	gastric_adenocarcinoma	Gastric Cancer	1240155.0	SIDM00602
ACH-000920	CMLT1_HAEMATOPOIETIC_AND_LYMPHOID_TISSUE	CMLT1	blood	CML	Leukemia	910951.0	SIDM00958
ACH-000921	NCIH1339_LUNG	NCIH1339	lung	SCLC	Lung Cancer		
ACH-000922	RCHACV_HAEMATOPOIETIC_AND_LYMPHOID_TISSUE	RCHACV	blood	ALL	Leukemia	1330994.0	SIDM00449
ACH-000923	BCP1_HAEMATOPOIETIC_AND_LYMPHOID_TISSUE	BCP1	lymphocyte	non_hodgkin_lymphoma	Lymphoma		
ACH-000924	NCIH2172_LUNG	NCIH2172	lung	NSCLC	Lung Cancer	1298353.0	SIDM00926
ACH-000925	DV90_LUNG	DV90	lung	NSCLC	Lung Cancer		
ACH-000926	HT55_LARGE_INTESTINE	HT55	colorectal	colorectal_adenocarcinoma	Colon/Colorectal Cancer	907287.0	SIDM00541
ACH-000927	BT474_BREAST	BT474	breast	breast_ductal_carcinoma	Breast Cancer	946359.0	SIDM00963
ACH-000928	JHUEM1_ENDOMETRIUM	JHUEM1	uterus	endometrial_adenocarcinoma	Endometrial/Uterine Cancer		
ACH-000929	NCIH2110_LUNG	NCIH2110	lung	NSCLC	Lung Cancer	1298351.0	SIDM00703
ACH-000930	HCC1569_BREAST	HCC1569	breast	breast_carcinoma	Breast Cancer	907046.0	SIDM00878
ACH-000931	HMCB_SKIN	HMCB	skin	melanoma	Skin Cancer		SIDM00914
ACH-000932	SNU1_STOMACH	SNU1	gastric	gastric_adenocarcinoma	Gastric Cancer	908444.0	SIDM01146
ACH-000934	MDAMB361_BREAST	MDAMB361	breast	breast_carcinoma	Breast Cancer	908121.0	SIDM00528
ACH-000935	MDST8_LARGE_INTESTINE	MDST8	colorectal	colorectal_adenocarcinoma	Colon/Colorectal Cancer	1240173.0	SIDM00527
ACH-000936	EFO27_OVARY	EFO27	ovary	ovary_adenocarcinoma	Ovarian Cancer	906852.0	SIDM01051
ACH-000937	PF382_HAEMATOPOIETIC_AND_LYMPHOID_TISSUE	PF382	blood	ALL	Leukemia	909260.0	SIDM00451
ACH-000938	NALM6_HAEMATOPOIETIC_AND_LYMPHOID_TISSUE	NALM6	blood	ALL	Leukemia	908158.0	SIDM00429
ACH-000939	SKUT1_SOFT_TISSUE	SKUT1	soft_tissue	leiomyosarcoma	Sarcoma	909732.0	SIDM01113
ACH-000940	AN3CA_ENDOMETRIUM	AN3CA	uterus	endometrial_adenocarcinoma	Endometrial/Uterine Cancer	910781.0	SIDM00901
ACH-000941	HEC1B_ENDOMETRIUM	HEC1B	uterus	endometrial_adenocarcinoma	Endometrial/Uterine Cancer		SIDM01241
ACH-000942	HPBALL_HAEMATOPOIETIC_AND_LYMPHOID_TISSUE	HPBALL	blood	ALL	Leukemia		
ACH-000943	RKO_LARGE_INTESTINE	RKO	colorectal	colorectal_adenocarcinoma	Colon/Colorectal Cancer	909698.0	SIDM01090
ACH-000944	NAMALWA_HAEMATOPOIETIC_AND_LYMPHOID_TISSUE	NAMALWA	lymphocyte	non_hodgkin_lymphoma	Lymphoma	908159.0	SIDM00641
ACH-000945	NCIH650_LUNG	NCIH650	lung	NSCLC	Lung Cancer	722066.0	SIDM01124
ACH-000946	HEC265_ENDOMETRIUM	HEC265	uterus	endometrial_adenocarcinoma	Endometrial/Uterine Cancer		
ACH-000947	OVK18_OVARY	OVK18	ovary	ovary_adenocarcinoma	Ovarian Cancer	1480371.0	SIDM00238
ACH-000948	2313287_STOMACH	2313287	gastric	gastric_adenocarcinoma	Gastric Cancer	910924.0	SIDM00980
ACH-000950	LOVO_LARGE_INTESTINE	LOVO	colorectal	colorectal_adenocarcinoma	Colon/Colorectal Cancer	907790.0	SIDM00839
ACH-000951	NCIH2342_LUNG	NCIH2342	lung	NSCLC	Lung Cancer	687819.0	SIDM00727
ACH-000953	SUPT1_HAEMATOPOIETIC_AND_LYMPHOID_TISSUE	SUPT1	blood	ALL	Leukemia	909743.0	SIDM01154
ACH-000954	HEC1A_ENDOMETRIUM	HEC1A	uterus	endometrial_adenocarcinoma	Endometrial/Uterine Cancer		SIDM00595
ACH-000955	SNU407_LARGE_INTESTINE	SNU407	colorectal	colorectal_adenocarcinoma	Colon/Colorectal Cancer	1660034.0	SIDM00214
ACH-000956	22RV1_PROSTATE	22RV1	prostate	prostate_adenocarcinoma	Prostate Cancer	924100.0	SIDM00499
ACH-000957	LS180_LARGE_INTESTINE	LS180	colorectal	colorectal_adenocarcinoma	Colon/Colorectal Cancer	998189.0	SIDM00680
ACH-000958	SW48_LARGE_INTESTINE	SW48	colorectal	colorectal_adenocarcinoma	Colon/Colorectal Cancer	909751.0	SIDM00837
ACH-000959	SNUC4_LARGE_INTESTINE	SNUC4	colorectal	colorectal_adenocarcinoma	Colon/Colorectal Cancer		SIDM00500
ACH-000960	REH_HAEMATOPOIETIC_AND_LYMPHOID_TISSUE	REH	blood	ALL	Leukemia	909696.0	SIDM00447
ACH-000961	ISHIKAWAHERAKLIO02ER_ENDOMETRIUM	ISHIKAWAHERAKLIO02ER	uterus	endometrial_adenocarcinoma	Endometrial/Uterine Cancer		SIDM00037
ACH-000962	OC314_OVARY	OC314	ovary	ovary_adenocarcinoma	Ovarian Cancer	909257.0	SIDM00220
ACH-000963	CCK81_LARGE_INTESTINE	CCK81	colorectal	colorectal_adenocarcinoma	Colon/Colorectal Cancer	1240123.0	SIDM00487
ACH-000964	MOLT3_HAEMATOPOIETIC_AND_LYMPHOID_TISSUE	MOLT3	blood	ALL	Leukemia		SIDM00153
ACH-000965	RL952_ENDOMETRIUM	RL952	uterus	endometrial_adenosquamous	Endometrial/Uterine Cancer	930082.0	SIDM01088
ACH-000966	IGROV1_OVARY	IGROV1	ovary	ovary_adenocarcinoma	Ovarian Cancer	905968.0	SIDM00151
ACH-000967	SNUC2A_LARGE_INTESTINE	SNUC2A	colorectal	colorectal_adenocarcinoma	Colon/Colorectal Cancer		SIDM00780
ACH-000968	COLO792_SKIN	COLO792	skin	melanoma	Skin Cancer	906814.0	SIDM00140
ACH-000969	KM12_LARGE_INTESTINE	KM12	colorectal	colorectal_adenocarcinoma	Colon/Colorectal Cancer	905989.0	SIDM00150
ACH-000970	SNUC5_LARGE_INTESTINE	SNUC5	colorectal	colorectal_adenocarcinoma	Colon/Colorectal Cancer	1674021.0	SIDM00498
ACH-000971	HCT116_LARGE_INTESTINE	HCT116	colorectal	colorectal_adenocarcinoma	Colon/Colorectal Cancer	905936.0	SIDM00783
ACH-000972	HEC151_ENDOMETRIUM	HEC151	uterus	endometrial_adenocarcinoma	Endometrial/Uterine Cancer		
ACH-000973	639V_URINARY_TRACT	639V	urinary_tract	bladder_carcinoma	Bladder Cancer	906798.0	SIDM00999
ACH-000974	SNGM_ENDOMETRIUM	SNGM	uterus	endometrial_adenocarcinoma	Endometrial/Uterine Cancer	909735.0	SIDM00373
ACH-000976	HUCCT1_BILIARY_TRACT	HUCCT1	bile_duct	cholangiocarcinoma	Bile Duct Cancer	907069.0	SIDM00587
ACH-000977	LNCAPCLONEFGC_PROSTATE	LNCAPCLONEFGC	prostate	prostate_adenocarcinoma	Prostate Cancer	907788.0	SIDM00683
ACH-000978	EN_ENDOMETRIUM	EN	uterus	endometrial_adenocarcinoma	Endometrial/Uterine Cancer	1240127.0	SIDM01045
ACH-000979	DU145_PROSTATE	DU145	prostate	prostate_adenocarcinoma	Prostate Cancer	905935.0	SIDM00120
ACH-000980	NCIH1155_LUNG	NCIH1155	lung	NSCLC	Lung Cancer	908467.0	SIDM00651
ACH-000981	DND41_HAEMATOPOIETIC_AND_LYMPHOID_TISSUE	DND41	blood	ALL	Leukemia	1297446.0	SIDM00946
ACH-000982	GP2D_LARGE_INTESTINE	GP2D	colorectal	colorectal_adenocarcinoma	Colon/Colorectal Cancer		SIDM00536
ACH-000983	KCL22_HAEMATOPOIETIC_AND_LYMPHOID_TISSUE	KCL22	blood	CML	Leukemia	1330931.0	SIDM01004
ACH-000984	HEC6_ENDOMETRIUM	HEC6	uterus	endometrial_adenocarcinoma	Endometrial/Uterine Cancer		
ACH-000985	LS411N_LARGE_INTESTINE	LS411N	colorectal	colorectal_adenocarcinoma	Colon/Colorectal Cancer	907794.0	SIDM00660
ACH-000986	HT115_LARGE_INTESTINE	HT115	colorectal	colorectal_adenocarcinoma	Colon/Colorectal Cancer	907289.0	SIDM00534
ACH-000987	MEWO_SKIN	MEWO	skin	melanoma	Skin Cancer	908128.0	SIDM00545
ACH-000988	MFE319_ENDOMETRIUM	MFE319	uterus	endometrial_adenocarcinoma	Endometrial/Uterine Cancer	1240174.0	SIDM00333
ACH-000989	SNU175_LARGE_INTESTINE	SNU175	colorectal	colorectal_adenocarcinoma	Colon/Colorectal Cancer	1659928.0	SIDM00216
ACH-000990	HEC108_ENDOMETRIUM	HEC108	uterus	endometrial_adenocarcinoma	Endometrial/Uterine Cancer		
ACH-000991	SNU81_LARGE_INTESTINE	SNU81	colorectal	colorectal_adenocarcinoma	Colon/Colorectal Cancer	1660036.0	SIDM00193
ACH-000992	BICR18_UPPER_AERODIGESTIVE_TRACT	BICR18	upper_aerodigestive	upper_aerodigestive_squamous	Head and Neck Cancer		
ACH-000993	JHUEM7_ENDOMETRIUM	JHUEM7	uterus	endometrial_adenocarcinoma	Endometrial/Uterine Cancer		
ACH-000994	HEC59_ENDOMETRIUM	HEC59	uterus	endometrial_adenocarcinoma	Endometrial/Uterine Cancer		
ACH-000995	JURKAT_HAEMATOPOIETIC_AND_LYMPHOID_TISSUE	JURKAT	blood	ALL	Leukemia	998184.0	SIDM01016
ACH-000996	HEC251_ENDOMETRIUM	HEC251	uterus	endometrial_adenocarcinoma	Endometrial/Uterine Cancer		
ACH-000997	HCT15_LARGE_INTESTINE	HCT15	colorectal	colorectal_adenocarcinoma	Colon/Colorectal Cancer	905937.0	SIDM00789
ACH-000998	CW2_LARGE_INTESTINE	CW2	colorectal	colorectal_adenocarcinoma	Colon/Colorectal Cancer	910554.0	SIDM00282
ACH-001016	BECKER_CENTRAL_NERVOUS_SYSTEM	BECKER	central_nervous_system	glioma	Brain Cancer	906746.0	SIDM00490
ACH-001020	BT16_SOFT_TISSUE	BT16	soft_tissue	ATRT	Rhabdoid		
ACH-001023	CGTHW1_THYROID	CGTHW1	thyroid	thyroid_carcinoma	Thyroid Cancer	910568.0	SIDM01248
ACH-001039	COLO205_LARGE_INTESTINE	COLO205	colorectal	colorectal_adenocarcinoma	Colon/Colorectal Cancer	905961.0	SIDM00826
ACH-001041	COLO699_LUNG	COLO699	lung	NSCLC	Lung Cancer		SIDM00911
ACH-001047	CORL51_LUNG	CORL51	lung	SCLC	Lung Cancer		
ACH-001061	DLD1_LARGE_INTESTINE	DLD1	colorectal	colorectal_adenocarcinoma	Colon/Colorectal Cancer		SIDM00787
ACH-001063	DOV13_OVARY	DOV13	ovary	ovary_adenocarcinoma	Ovarian Cancer	1479987.0	SIDM00969
ACH-001075	NCIH292_LUNG	NCIH292	lung	NSCLC	Lung Cancer	753604.0	SIDM00493
ACH-001078	HCC1588_LUNG	HCC1588	lung	NSCLC	Lung Cancer		
ACH-001084	HCT8_LARGE_INTESTINE	HCT8	colorectal	colorectal_adenocarcinoma	Colon/Colorectal Cancer		SIDM00786
ACH-001086	HELA_CERVIX	HELA	cervix	cervical_carcinoma	Cervical Cancer	1298134.0	SIDM00846
ACH-001113	LC1SQSF_LUNG	LC1SQSF	lung	NSCLC	Lung Cancer		SIDM01226
ACH-001129	MONOMAC1_HAEMATOPOIETIC_AND_LYMPHOID_TISSUE	MONOMAC1	blood	AML	Leukemia		SIDM01022
ACH-001130	MOTN1_HAEMATOPOIETIC_AND_LYMPHOID_TISSUE	MOTN1	lymphocyte	lymphoma_unspecified	Lymphoma		
ACH-001138	NCIH2141_LUNG	NCIH2141	lung	SCLC	Lung Cancer	688014.0	SIDM00699
ACH-001146	OCILY10_HAEMATOPOIETIC_AND_LYMPHOID_TISSUE	OCILY10	lymphocyte	non_hodgkin_lymphoma	Lymphoma		
ACH-001151	OVCAR5_OVARY	OVCAR5	ovary	ovary_adenocarcinoma	Ovarian Cancer	905969.0	SIDM00091
ACH-001182	RPMI6666_HAEMATOPOIETIC_AND_LYMPHOID_TISSUE	RPMI6666	unknown		Unknown	909701.0	SIDM00813
ACH-001190	SKMEL2_SKIN	SKMEL2	skin	melanoma	Skin Cancer	905955.0	SIDM00082
ACH-001203	SUPHD1_HAEMATOPOIETIC_AND_LYMPHOID_TISSUE	SUPHD1	lymphocyte	hodgkin_lymphoma	Lymphoma	1331039.0	SIDM00422
ACH-001233	VMRCLCD_LUNG	VMRCLCD	lung	NSCLC	Lung Cancer	713869.0	SIDM00320
ACH-001239	WM2664_SKIN	WM2664	skin	melanoma	Skin Cancer		SIDM00979
ACH-001274	SW982_SOFT_TISSUE	SW982	soft_tissue	synovial_sarcoma	Sarcoma	909759.0	SIDM01161
ACH-001275	SYO1_SOFT_TISSUE	SYO1	soft_tissue	synovial_sarcoma	Sarcoma		
ACH-001277	YAMATO_SOFT_TISSUE	YAMATO	soft_tissue	synovial_sarcoma	Sarcoma		
ACH-001306	8305C_THYROID	8305C	thyroid	thyroid_carcinoma	Thyroid Cancer	906795.0	SIDM00997
ACH-001307	8505C_THYROID	8505C	thyroid	thyroid_carcinoma	Thyroid Cancer	924102.0	SIDM00996
ACH-001318	PLCPRF5_LIVER	PLCPRF5	liver	hepatocellular_carcinoma	Liver Cancer		
ACH-001321	TT_THYROID	TT	thyroid	thyroid_squamous	Thyroid Cancer		SIDM00484
ACH-002158	LU99A_LUNG	LU99A	lung	NSCLC	Lung Cancer	907796.0	SIDM01219
ACH-002184	PC3JPC3_LUNG	PC3JPC3	lung	NSCLC	Lung Cancer	1240202.0	SIDM00361
ACH-002185	PL18_PANCREAS	PL18	pancreas	exocrine	Pancreatic Cancer	1240208.0	SIDM00054
ACH-002219	COLO320HSR_LARGE_INTESTINE	COLO320HSR	colorectal	colorectal_adenocarcinoma	Colon/Colorectal Cancer	910569.0	SIDM00842
ACH-002395	HUH6CLONE5_LIVER	HUH6CLONE5	liver	hepatoblastoma	Liver Cancer		SIDM01257
