	sensitivity_coef
REACTOME_AMINE_COMPOUND_SLC_TRANSPORTERS	-3.74336243866865
REACTOME_P2Y_RECEPTORS	-3.441938386895269
REACTOME_NA_CL_DEPENDENT_NEUROTRANSMITTER_TRANSPORTERS	-3.3494519692140483
REACTOME_GAP_JUNCTION_TRAFFICKING	-2.816127812250327
REACTOME_REVERSIBLE_HYDRATION_OF_CARBON_DIOXIDE	-2.5404375986469443
REACTOME_PLATELET_ADHESION_TO_EXPOSED_COLLAGEN	-2.5392364877610345
REACTOME_COLLAGEN_FORMATION	-2.5195810954117865
REACTOME_NUCLEOTIDE_LIKE_PURINERGIC_RECEPTORS	-2.447140997242621
REACTOME_CRMPS_IN_SEMA3A_SIGNALING	-2.4286613358355256
REACTOME_HYALURONAN_UPTAKE_AND_DEGRADATION	-2.415331154198226
REACTOME_ANTIGEN_ACTIVATES_B_CELL_RECEPTOR_LEADING_TO_GENERATION_OF_SECOND_MESSENGERS	-2.3583890788585498
REACTOME_NEGATIVE_REGULATION_OF_THE_PI3K_AKT_NETWORK	-2.322250654387771
REACTOME_GAP_JUNCTION_ASSEMBLY	-2.26284367251183
REACTOME_POST_CHAPERONIN_TUBULIN_FOLDING_PATHWAY	-2.2346086622133026
REACTOME_NCAM1_INTERACTIONS	-2.1759444737414992
REACTOME_IONOTROPIC_ACTIVITY_OF_KAINATE_RECEPTORS	-2.0562862894546976
REACTOME_SIGNALING_BY_NOTCH3	-2.0463597834667877
REACTOME_GPVI_MEDIATED_ACTIVATION_CASCADE	-2.0383275179396105
REACTOME_HYALURONAN_METABOLISM	-1.9494362706837474
REACTOME_INTEGRIN_CELL_SURFACE_INTERACTIONS	-1.929509631745268
REACTOME_FORMATION_OF_TUBULIN_FOLDING_INTERMEDIATES_BY_CCT_TRIC	-1.8945086642489068
REACTOME_OPIOID_SIGNALLING	-1.8786193161019138
REACTOME_MITOCHONDRIAL_FATTY_ACID_BETA_OXIDATION	-1.874725517541924
REACTOME_GAP_JUNCTION_DEGRADATION	-1.8651024390630653
REACTOME_OXYGEN_DEPENDENT_PROLINE_HYDROXYLATION_OF_HYPOXIA_INDUCIBLE_FACTOR_ALPHA	-1.853803918343254
REACTOME_ACTIVATED_NOTCH1_TRANSMITS_SIGNAL_TO_THE_NUCLEUS	-1.8286391672721172
REACTOME_GENERATION_OF_SECOND_MESSENGER_MOLECULES	-1.809307594997452
REACTOME_NCAM_SIGNALING_FOR_NEURITE_OUT_GROWTH	-1.8054527419901818
REACTOME_EXTRACELLULAR_MATRIX_ORGANIZATION	-1.803859987124462
REACTOME_GLYCOSAMINOGLYCAN_METABOLISM	-1.7966301013799244
REACTOME_ERKS_ARE_INACTIVATED	-1.7943084519763328
REACTOME_THE_ROLE_OF_NEF_IN_HIV1_REPLICATION_AND_DISEASE_PATHOGENESIS	-1.7696823423487755
REACTOME_NUCLEAR_EVENTS_KINASE_AND_TRANSCRIPTION_FACTOR_ACTIVATION	-1.7221307265813077
REACTOME_AMYLOIDS	-1.7075779234561932
REACTOME_REGULATION_OF_INSULIN_SECRETION_BY_ACETYLCHOLINE	-1.7046978277783569
REACTOME_ERK_MAPK_TARGETS	-1.694364857004973
REACTOME_INFLAMMASOMES	-1.686967905151718
REACTOME_CD28_DEPENDENT_PI3K_AKT_SIGNALING	-1.6654952132401484
REACTOME_SEMA3A_PAK_DEPENDENT_AXON_REPULSION	-1.6540253183713567
REACTOME_NONSENSE_MEDIATED_DECAY_ENHANCED_BY_THE_EXON_JUNCTION_COMPLEX	-1.5744551388149894
REACTOME_CHOLESTEROL_BIOSYNTHESIS	-1.5646934739281124
REACTOME_SYNTHESIS_OF_SUBSTRATES_IN_N_GLYCAN_BIOSYTHESIS	-1.555966252802325
REACTOME_REGULATION_OF_HYPOXIA_INDUCIBLE_FACTOR_HIF_BY_OXYGEN	-1.5488387979706382
REACTOME_METABOLISM_OF_MRNA	-1.5431840804032422
REACTOME_DARPP_32_EVENTS	-1.528213890092748
REACTOME_NFKB_AND_MAP_KINASES_ACTIVATION_MEDIATED_BY_TLR4_SIGNALING_REPERTOIRE	-1.5262798176638481
REACTOME_INFLUENZA_LIFE_CYCLE	-1.513416005625559
REACTOME_PEPTIDE_CHAIN_ELONGATION	-1.5101211309448785
REACTOME_AXON_GUIDANCE	-1.5045990503700892
REACTOME_PLATELET_SENSITIZATION_BY_LDL	-1.4957191918520938
REACTOME_N_GLYCAN_TRIMMING_IN_THE_ER_AND_CALNEXIN_CALRETICULIN_CYCLE	-1.4719336311569053
REACTOME_CALNEXIN_CALRETICULIN_CYCLE	-1.4588430682663522
REACTOME_CYTOSOLIC_SULFONATION_OF_SMALL_MOLECULES	-1.4580263333856278
REACTOME_INCRETIN_SYNTHESIS_SECRETION_AND_INACTIVATION	-1.4394013937950405
REACTOME_SRP_DEPENDENT_COTRANSLATIONAL_PROTEIN_TARGETING_TO_MEMBRANE	-1.4393522230266453
REACTOME_GLYCOSPHINGOLIPID_METABOLISM	-1.4374101428114472
REACTOME_SYNTHESIS_SECRETION_AND_INACTIVATION_OF_GLP1	-1.4339253808634267
REACTOME_ACTIVATION_OF_KAINATE_RECEPTORS_UPON_GLUTAMATE_BINDING	-1.429770288803764
REACTOME_G1_S_SPECIFIC_TRANSCRIPTION	-1.4288898684426095
REACTOME_TERMINATION_OF_O_GLYCAN_BIOSYNTHESIS	-1.4281202103197397
REACTOME_ENDOGENOUS_STEROLS	-1.4166181581569677
REACTOME_PLC_BETA_MEDIATED_EVENTS	-1.4096843422470762
REACTOME_AMINO_ACID_TRANSPORT_ACROSS_THE_PLASMA_MEMBRANE	-1.4082497059290813
REACTOME_E2F_MEDIATED_REGULATION_OF_DNA_REPLICATION	-1.4076494253776795
REACTOME_ADENYLATE_CYCLASE_INHIBITORY_PATHWAY	-1.4014879704141816
REACTOME_TCR_SIGNALING	-1.4010020324537658
REACTOME_THE_NLRP3_INFLAMMASOME	-1.399632487800492
REACTOME_MAPK_TARGETS_NUCLEAR_EVENTS_MEDIATED_BY_MAP_KINASES	-1.3889506365867736
REACTOME_CHONDROITIN_SULFATE_DERMATAN_SULFATE_METABOLISM	-1.387753271421752
REACTOME_HOST_INTERACTIONS_OF_HIV_FACTORS	-1.3797541441397725
REACTOME_IMMUNOREGULATORY_INTERACTIONS_BETWEEN_A_LYMPHOID_AND_A_NON_LYMPHOID_CELL	-1.3775490576839917
REACTOME_NRAGE_SIGNALS_DEATH_THROUGH_JNK	-1.3695477447685043
REACTOME_PROTEIN_FOLDING	-1.3690106319121962
REACTOME_RAF_MAP_KINASE_CASCADE	-1.3674257049121439
REACTOME_INFLUENZA_VIRAL_RNA_TRANSCRIPTION_AND_REPLICATION	-1.3577792903674362
REACTOME_VEGF_LIGAND_RECEPTOR_INTERACTIONS	-1.3506346761619172
REACTOME_RECEPTOR_LIGAND_BINDING_INITIATES_THE_SECOND_PROTEOLYTIC_CLEAVAGE_OF_NOTCH_RECEPTOR	-1.3431775743133905
REACTOME_DOWNREGULATION_OF_ERBB2_ERBB3_SIGNALING	-1.3304165087125222
REACTOME_SIGNALING_BY_NOTCH2	-1.3219153224705265
REACTOME_CELL_DEATH_SIGNALLING_VIA_NRAGE_NRIF_AND_NADE	-1.315596282816216
REACTOME_TOLL_RECEPTOR_CASCADES	-1.3015009416288064
REACTOME_TRANSLOCATION_OF_ZAP_70_TO_IMMUNOLOGICAL_SYNAPSE	-1.300275502303111
REACTOME_METABOLISM_OF_CARBOHYDRATES	-1.2966758713846958
REACTOME_SPHINGOLIPID_METABOLISM	-1.2941066868861462
REACTOME_TIE2_SIGNALING	-1.2924341421592027
REACTOME_REGULATION_OF_THE_FANCONI_ANEMIA_PATHWAY	-1.2791730743774268
REACTOME_SEMAPHORIN_INTERACTIONS	-1.2757717406034685
REACTOME_SIGNALING_BY_RHO_GTPASES	-1.2666275604017652
REACTOME_MAP_KINASE_ACTIVATION_IN_TLR_CASCADE	-1.2508082653444128
REACTOME_PROLACTIN_RECEPTOR_SIGNALING	-1.2481838692503693
REACTOME_ASSOCIATION_OF_LICENSING_FACTORS_WITH_THE_PRE_REPLICATIVE_COMPLEX	-1.2434084915914316
REACTOME_METABOLISM_OF_RNA	-1.2380902028699725
REACTOME_CONVERSION_FROM_APC_C_CDC20_TO_APC_C_CDH1_IN_LATE_ANAPHASE	-1.2330315891453447
REACTOME_MEMBRANE_TRAFFICKING	-1.1998674372443985
REACTOME_G0_AND_EARLY_G1	-1.1997707382326919
REACTOME_XENOBIOTICS	-1.1994723224292083
REACTOME_AMINE_DERIVED_HORMONES	-1.191268702928701
REACTOME_CITRIC_ACID_CYCLE_TCA_CYCLE	-1.1829051937843342
REACTOME_PD1_SIGNALING	-1.1677683236957637
REACTOME_CREB_PHOSPHORYLATION_THROUGH_THE_ACTIVATION_OF_RAS	-1.1619654878445322
REACTOME_L1CAM_INTERACTIONS	-1.1612175033224
REACTOME_INHIBITION_OF_REPLICATION_INITIATION_OF_DAMAGED_DNA_BY_RB1_E2F1	-1.1559943653094291
REACTOME_SIGNALING_BY_NOTCH1	-1.1519352509592173
REACTOME_SEMA3A_PLEXIN_REPULSION_SIGNALING_BY_INHIBITING_INTEGRIN_ADHESION	-1.1503270031108352
REACTOME_REGULATION_OF_AMPK_ACTIVITY_VIA_LKB1	-1.1451890757275769
REACTOME_CELL_EXTRACELLULAR_MATRIX_INTERACTIONS	-1.128483103812146
REACTOME_SIGNALING_BY_THE_B_CELL_RECEPTOR_BCR	-1.127250660281257
REACTOME_PHOSPHORYLATION_OF_THE_APC_C	-1.1248937289302128
REACTOME_PURINE_METABOLISM	-1.1163711992328043
REACTOME_MITOTIC_PROMETAPHASE	-1.1158713455191556
REACTOME_APC_C_CDC20_MEDIATED_DEGRADATION_OF_CYCLIN_B	-1.093015239577938
REACTOME_REGULATION_OF_INSULIN_SECRETION	-1.087836796055282
REACTOME_KERATAN_SULFATE_KERATIN_METABOLISM	-1.0759206698325994
REACTOME_ADAPTIVE_IMMUNE_SYSTEM	-1.0710810268395838
REACTOME_SYNTHESIS_SECRETION_AND_INACTIVATION_OF_GIP	-1.0631739192094924
REACTOME_RECYCLING_PATHWAY_OF_L1	-1.0628422819283057
REACTOME_FORMATION_OF_THE_TERNARY_COMPLEX_AND_SUBSEQUENTLY_THE_43S_COMPLEX	-1.0605036814692652
REACTOME_METABOLISM_OF_PORPHYRINS	-1.0532688982659273
REACTOME_TRAF6_MEDIATED_IRF7_ACTIVATION_IN_TLR7_8_OR_9_SIGNALING	-1.0512238065401711
REACTOME_FRS2_MEDIATED_CASCADE	-1.0388497654709006
REACTOME_NEGATIVE_REGULATION_OF_FGFR_SIGNALING	-1.0282550776081276
REACTOME_CHYLOMICRON_MEDIATED_LIPID_TRANSPORT	-1.027632696489367
REACTOME_KERATAN_SULFATE_BIOSYNTHESIS	-1.027549499812262
REACTOME_LYSOSOME_VESICLE_BIOGENESIS	-1.0157993835784886
REACTOME_CDC6_ASSOCIATION_WITH_THE_ORC_ORIGIN_COMPLEX	-1.0100336668557997
REACTOME_RETROGRADE_NEUROTROPHIN_SIGNALLING	-1.001931182822241
REACTOME_KERATAN_SULFATE_DEGRADATION	-1.0009320979543417
REACTOME_SIGNALING_BY_NOTCH4	-0.9874405963140929
REACTOME_E2F_ENABLED_INHIBITION_OF_PRE_REPLICATION_COMPLEX_FORMATION	-0.9864270088263889
REACTOME_IMMUNE_SYSTEM	-0.9715460849430257
REACTOME_P75_NTR_RECEPTOR_MEDIATED_SIGNALLING	-0.9681175741824894
REACTOME_MITOTIC_G1_G1_S_PHASES	-0.960965268549931
REACTOME_MITOTIC_M_M_G1_PHASES	-0.9594062770936294
REACTOME_CELL_CYCLE_MITOTIC	-0.954692991599614
REACTOME_APOPTOTIC_CLEAVAGE_OF_CELL_ADHESION_PROTEINS	-0.9457827443183474
REACTOME_CELL_SURFACE_INTERACTIONS_AT_THE_VASCULAR_WALL	-0.9447988514176991
REACTOME_TRIF_MEDIATED_TLR3_SIGNALING	-0.9366989970211003
REACTOME_RECRUITMENT_OF_NUMA_TO_MITOTIC_CENTROSOMES	-0.9310235244498093
REACTOME_3_UTR_MEDIATED_TRANSLATIONAL_REGULATION	-0.9302665486352316
REACTOME_REGULATION_OF_MRNA_STABILITY_BY_PROTEINS_THAT_BIND_AU_RICH_ELEMENTS	-0.9199981673471052
REACTOME_PHOSPHORYLATION_OF_CD3_AND_TCR_ZETA_CHAINS	-0.9144538248587308
REACTOME_TRANSLATION	-0.9031783427955752
REACTOME_PI_3K_CASCADE	-0.902504304543896
REACTOME_DNA_REPLICATION	-0.9024581303085636
REACTOME_CS_DS_DEGRADATION	-0.9017021077942563
REACTOME_PREFOLDIN_MEDIATED_TRANSFER_OF_SUBSTRATE_TO_CCT_TRIC	-0.8986194581818964
REACTOME_SIGNALLING_TO_P38_VIA_RIT_AND_RIN	-0.8929296610696339
REACTOME_ACTIVATED_POINT_MUTANTS_OF_FGFR2	-0.8893200794808821
REACTOME_HS_GAG_DEGRADATION	-0.8881378727931785
REACTOME_DOWNSTREAM_TCR_SIGNALING	-0.8858786565371707
REACTOME_ACTIVATION_OF_CHAPERONE_GENES_BY_ATF6_ALPHA	-0.8718030704489275
REACTOME_PECAM1_INTERACTIONS	-0.8684859564989091
REACTOME_COMPLEMENT_CASCADE	-0.8661055112386744
REACTOME_A_TETRASACCHARIDE_LINKER_SEQUENCE_IS_REQUIRED_FOR_GAG_SYNTHESIS	-0.8520256565106055
REACTOME_DEPOSITION_OF_NEW_CENPA_CONTAINING_NUCLEOSOMES_AT_THE_CENTROMERE	-0.8403950858822464
REACTOME_G1_S_TRANSITION	-0.8319898815254699
REACTOME_ACTIVATION_OF_THE_PRE_REPLICATIVE_COMPLEX	-0.8314619519763135
REACTOME_PURINE_RIBONUCLEOSIDE_MONOPHOSPHATE_BIOSYNTHESIS	-0.8292165335399548
REACTOME_TRAF6_MEDIATED_INDUCTION_OF_TAK1_COMPLEX	-0.8274267899573005
REACTOME_ENERGY_DEPENDENT_REGULATION_OF_MTOR_BY_LKB1_AMPK	-0.8231590219339516
REACTOME_BIOSYNTHESIS_OF_THE_N_GLYCAN_PRECURSOR_DOLICHOL_LIPID_LINKED_OLIGOSACCHARIDE_LLO_AND_TRANSFER_TO_A_NASCENT_PROTEIN	-0.8188486623636312
REACTOME_PRE_NOTCH_PROCESSING_IN_GOLGI	-0.8148807503671753
REACTOME_FGFR_LIGAND_BINDING_AND_ACTIVATION	-0.8031410129462848
REACTOME_CD28_CO_STIMULATION	-0.793569239882648
REACTOME_CELL_CYCLE	-0.7932079664163582
REACTOME_REGULATION_OF_SIGNALING_BY_CBL	-0.780064224400263
REACTOME_COSTIMULATION_BY_THE_CD28_FAMILY	-0.7755270566029169
REACTOME_APOBEC3G_MEDIATED_RESISTANCE_TO_HIV1_INFECTION	-0.7658172334262243
REACTOME_IRON_UPTAKE_AND_TRANSPORT	-0.755122862174356
REACTOME_FGFR4_LIGAND_BINDING_AND_ACTIVATION	-0.7510814019558288
REACTOME_AMINO_ACID_AND_OLIGOPEPTIDE_SLC_TRANSPORTERS	-0.7509729768725009
REACTOME_INTERFERON_GAMMA_SIGNALING	-0.7501400272024883
REACTOME_TRANSPORT_OF_RIBONUCLEOPROTEINS_INTO_THE_HOST_NUCLEUS	-0.7491689540108625
REACTOME_ASSOCIATION_OF_TRIC_CCT_WITH_TARGET_PROTEINS_DURING_BIOSYNTHESIS	-0.7444834482248838
REACTOME_CYTOCHROME_P450_ARRANGED_BY_SUBSTRATE_TYPE	-0.7415763283039428
REACTOME_TRYPTOPHAN_CATABOLISM	-0.7275319934677272
REACTOME_SYNTHESIS_OF_GLYCOSYLPHOSPHATIDYLINOSITOL_GPI	-0.7210518956014763
REACTOME_TRAF6_MEDIATED_INDUCTION_OF_NFKB_AND_MAP_KINASES_UPON_TLR7_8_OR_9_ACTIVATION	-0.7171618453684028
REACTOME_ACTIVATION_OF_ATR_IN_RESPONSE_TO_REPLICATION_STRESS	-0.7104272793028187
REACTOME_REGULATION_OF_INSULIN_LIKE_GROWTH_FACTOR_IGF_ACTIVITY_BY_INSULIN_LIKE_GROWTH_FACTOR_BINDING_PROTEINS_IGFBPS	-0.7066115387247092
REACTOME_SHC_MEDIATED_CASCADE	-0.7029701959459069
REACTOME_STEROID_HORMONES	-0.7007689620488784
REACTOME_PURINE_SALVAGE	-0.6983408486605769
REACTOME_M_G1_TRANSITION	-0.6973285655578737
REACTOME_REGULATION_OF_MITOTIC_CELL_CYCLE	-0.6951194257634273
REACTOME_PURINE_CATABOLISM	-0.693441448671283
REACTOME_INNATE_IMMUNE_SYSTEM	-0.6865176440299312
REACTOME_ADVANCED_GLYCOSYLATION_ENDPRODUCT_RECEPTOR_SIGNALING	-0.6783356029352658
REACTOME_G2_M_CHECKPOINTS	-0.6774754071846005
REACTOME_CA_DEPENDENT_EVENTS	-0.6769156197946465
REACTOME_POST_NMDA_RECEPTOR_ACTIVATION_EVENTS	-0.6760376790898134
REACTOME_FGFR1_LIGAND_BINDING_AND_ACTIVATION	-0.6749563238476506
REACTOME_DEADENYLATION_OF_MRNA	-0.6674873450390796
REACTOME_SYNTHESIS_SECRETION_AND_DEACYLATION_OF_GHRELIN	-0.6639045788590803
REACTOME_G_ALPHA1213_SIGNALLING_EVENTS	-0.6558386211294985
REACTOME_SIGNALING_BY_NODAL	-0.6482026987659517
REACTOME_G_PROTEIN_BETA_GAMMA_SIGNALLING	-0.6368936841299403
REACTOME_SIGNALING_BY_NOTCH	-0.6345337383226078
REACTOME_PHOSPHOLIPID_METABOLISM	-0.6327166682161709
REACTOME_NEP_NS2_INTERACTS_WITH_THE_CELLULAR_EXPORT_MACHINERY	-0.6266808542039323
REACTOME_INHIBITION_OF_THE_PROTEOLYTIC_ACTIVITY_OF_APC_C_REQUIRED_FOR_THE_ONSET_OF_ANAPHASE_BY_MITOTIC_SPINDLE_CHECKPOINT_COMPONENTS	-0.6249989378216241
REACTOME_NUCLEOTIDE_BINDING_DOMAIN_LEUCINE_RICH_REPEAT_CONTAINING_RECEPTOR_NLR_SIGNALING_PATHWAYS	-0.6234725107188137
REACTOME_MITOTIC_G2_G2_M_PHASES	-0.6196859545937421
REACTOME_NOREPINEPHRINE_NEUROTRANSMITTER_RELEASE_CYCLE	-0.6193050289436112
REACTOME_RECRUITMENT_OF_MITOTIC_CENTROSOME_PROTEINS_AND_COMPLEXES	-0.618069403420949
REACTOME_ACTIVATION_OF_THE_MRNA_UPON_BINDING_OF_THE_CAP_BINDING_COMPLEX_AND_EIFS_AND_SUBSEQUENT_BINDING_TO_43S	-0.6165641592845508
REACTOME_IKK_COMPLEX_RECRUITMENT_MEDIATED_BY_RIP1	-0.6073067353542739
REACTOME_EICOSANOID_LIGAND_BINDING_RECEPTORS	-0.6003508875705034
REACTOME_KINESINS	-0.5988503951058584
REACTOME_METABOLISM_OF_AMINO_ACIDS_AND_DERIVATIVES	-0.5955786602613469
REACTOME_ASPARAGINE_N_LINKED_GLYCOSYLATION	-0.5943289811455199
REACTOME_ASSEMBLY_OF_THE_PRE_REPLICATIVE_COMPLEX	-0.5929752521628601
REACTOME_MYD88_MAL_CASCADE_INITIATED_ON_PLASMA_MEMBRANE	-0.5892486236888085
REACTOME_CYCLIN_A_B1_ASSOCIATED_EVENTS_DURING_G2_M_TRANSITION	-0.5879333432325182
REACTOME_UNWINDING_OF_DNA	-0.5844609737229042
REACTOME_NEUROTRANSMITTER_RECEPTOR_BINDING_AND_DOWNSTREAM_TRANSMISSION_IN_THE_POSTSYNAPTIC_CELL	-0.5790376758045122
REACTOME_FACTORS_INVOLVED_IN_MEGAKARYOCYTE_DEVELOPMENT_AND_PLATELET_PRODUCTION	-0.5711777074979124
REACTOME_PLATELET_ACTIVATION_SIGNALING_AND_AGGREGATION	-0.5634144142033453
REACTOME_BRANCHED_CHAIN_AMINO_ACID_CATABOLISM	-0.5525033756188287
REACTOME_METABOLISM_OF_STEROID_HORMONES_AND_VITAMINS_A_AND_D	-0.5447050331991896
REACTOME_POTASSIUM_CHANNELS	-0.5439032386381399
REACTOME_BASIGIN_INTERACTIONS	-0.5360616052335162
REACTOME_VOLTAGE_GATED_POTASSIUM_CHANNELS	-0.534627997670032
REACTOME_ORC1_REMOVAL_FROM_CHROMATIN	-0.5266086180568976
REACTOME_APC_C_CDC20_MEDIATED_DEGRADATION_OF_MITOTIC_PROTEINS	-0.5227093713593229
REACTOME_CTLA4_INHIBITORY_SIGNALING	-0.5201621437633758
REACTOME_TRANSPORT_OF_VITAMINS_NUCLEOSIDES_AND_RELATED_MOLECULES	-0.5197143233623882
REACTOME_CDT1_ASSOCIATION_WITH_THE_CDC6_ORC_ORIGIN_COMPLEX	-0.517172384473604
REACTOME_CDK_MEDIATED_PHOSPHORYLATION_AND_REMOVAL_OF_CDC6	-0.514977197108632
REACTOME_INTERACTIONS_OF_VPR_WITH_HOST_CELLULAR_PROTEINS	-0.5097745106687848
REACTOME_METABOLISM_OF_NON_CODING_RNA	-0.5055657195179747
REACTOME_SPRY_REGULATION_OF_FGF_SIGNALING	-0.5044403815921042
REACTOME_INTERFERON_SIGNALING	-0.5033460841565149
REACTOME_S_PHASE	-0.5010509700089293
REACTOME_DIABETES_PATHWAYS	-0.49683887723404924
REACTOME_ANTIGEN_PRESENTATION_FOLDING_ASSEMBLY_AND_PEPTIDE_LOADING_OF_CLASS_I_MHC	-0.4923491596500282
REACTOME_SPHINGOLIPID_DE_NOVO_BIOSYNTHESIS	-0.4908890486734421
REACTOME_G_BETA_GAMMA_SIGNALLING_THROUGH_PLC_BETA	-0.48511983912920376
REACTOME_HIGHLY_CALCIUM_PERMEABLE_POSTSYNAPTIC_NICOTINIC_ACETYLCHOLINE_RECEPTORS	-0.483045519906704
REACTOME_MHC_CLASS_II_ANTIGEN_PRESENTATION	-0.48272888184566864
REACTOME_ACTIVATION_OF_IRF3_IRF7_MEDIATED_BY_TBK1_IKK_EPSILON	-0.48115433142944913
REACTOME_STRIATED_MUSCLE_CONTRACTION	-0.47775812774612597
REACTOME_VITAMIN_B5_PANTOTHENATE_METABOLISM	-0.4691364362670262
REACTOME_PROSTANOID_LIGAND_RECEPTORS	-0.4690443679052284
REACTOME_HEMOSTASIS	-0.46447919342972693
REACTOME_SIGNAL_AMPLIFICATION	-0.4622440709237023
REACTOME_HORMONE_SENSITIVE_LIPASE_HSL_MEDIATED_TRIACYLGLYCEROL_HYDROLYSIS	-0.45895931023033604
REACTOME_GABA_B_RECEPTOR_ACTIVATION	-0.456718456509224
REACTOME_SYNTHESIS_OF_PA	-0.4553981064364286
REACTOME_CHONDROITIN_SULFATE_BIOSYNTHESIS	-0.4514727815373412
REACTOME_SYNTHESIS_OF_DNA	-0.4510570314210662
REACTOME_INTEGRATION_OF_ENERGY_METABOLISM	-0.4417865671832223
REACTOME_PROTEOLYTIC_CLEAVAGE_OF_SNARE_COMPLEX_PROTEINS	-0.43987694032745867
REACTOME_GLYCOLYSIS	-0.43270183243885485
REACTOME_AMINO_ACID_SYNTHESIS_AND_INTERCONVERSION_TRANSAMINATION	-0.42672278695301974
REACTOME_RESPONSE_TO_ELEVATED_PLATELET_CYTOSOLIC_CA2_	-0.4247325121848731
REACTOME_CLASS_I_MHC_MEDIATED_ANTIGEN_PROCESSING_PRESENTATION	-0.4149032423318883
REACTOME_CYTOKINE_SIGNALING_IN_IMMUNE_SYSTEM	-0.41186951084025536
REACTOME_INSULIN_RECEPTOR_SIGNALLING_CASCADE	-0.4077978828759357
REACTOME_ADHERENS_JUNCTIONS_INTERACTIONS	-0.40584929393000846
REACTOME_PHASE_II_CONJUGATION	-0.40388660280222016
REACTOME_INSULIN_SYNTHESIS_AND_PROCESSING	-0.39851078814011165
REACTOME_FGFR2C_LIGAND_BINDING_AND_ACTIVATION	-0.39722411742149344
REACTOME_SIGNALING_BY_ROBO_RECEPTOR	-0.39448955036104666
REACTOME_ANTIGEN_PROCESSING_CROSS_PRESENTATION	-0.3922966148919449
REACTOME_HEPARAN_SULFATE_HEPARIN_HS_GAG_METABOLISM	-0.38901886406897396
REACTOME_ACTIVATED_TLR4_SIGNALLING	-0.3813216285981216
REACTOME_REGULATION_OF_IFNG_SIGNALING	-0.37960708796658127
REACTOME_INTERFERON_ALPHA_BETA_SIGNALING	-0.37715512267184925
REACTOME_CLASS_C_3_METABOTROPIC_GLUTAMATE_PHEROMONE_RECEPTORS	-0.37399933712043953
REACTOME_ACTIVATION_OF_CHAPERONES_BY_ATF6_ALPHA	-0.37247914683437106
REACTOME_APC_CDC20_MEDIATED_DEGRADATION_OF_NEK2A	-0.36990238096147915
REACTOME_RAS_ACTIVATION_UOPN_CA2_INFUX_THROUGH_NMDA_RECEPTOR	-0.369831012180341
REACTOME_LIPOPROTEIN_METABOLISM	-0.3690092213406107
REACTOME_TRANSPORT_TO_THE_GOLGI_AND_SUBSEQUENT_MODIFICATION	-0.3602113427221736
REACTOME_SIGNALING_BY_ACTIVATED_POINT_MUTANTS_OF_FGFR1	-0.3582286411534864
REACTOME_TRAFFICKING_OF_GLUR2_CONTAINING_AMPA_RECEPTORS	-0.3554611729318574
REACTOME_VIF_MEDIATED_DEGRADATION_OF_APOBEC3G	-0.3528182487579357
REACTOME_MRNA_DECAY_BY_3_TO_5_EXORIBONUCLEASE	-0.3512897343637295
REACTOME_CD28_DEPENDENT_VAV1_PATHWAY	-0.3498919577218116
REACTOME_REGULATION_OF_RHEB_GTPASE_ACTIVITY_BY_AMPK	-0.34879178692013435
REACTOME_CREATION_OF_C4_AND_C2_ACTIVATORS	-0.3476556399158517
REACTOME_NEURONAL_SYSTEM	-0.347106325153771
REACTOME_PEPTIDE_HORMONE_BIOSYNTHESIS	-0.3457602143860008
REACTOME_LOSS_OF_NLP_FROM_MITOTIC_CENTROSOMES	-0.3430349794576591
REACTOME_ADENYLATE_CYCLASE_ACTIVATING_PATHWAY	-0.33985097997034874
REACTOME_GLYCEROPHOSPHOLIPID_BIOSYNTHESIS	-0.338756205558885
REACTOME_SYNTHESIS_OF_PIPS_AT_THE_GOLGI_MEMBRANE	-0.33800646175791504
REACTOME_APC_C_CDH1_MEDIATED_DEGRADATION_OF_CDC20_AND_OTHER_APC_C_CDH1_TARGETED_PROTEINS_IN_LATE_MITOSIS_EARLY_G1	-0.33664301993466106
REACTOME_SEMA4D_INDUCED_CELL_MIGRATION_AND_GROWTH_CONE_COLLAPSE	-0.33369402965209227
REACTOME_SIGNALING_BY_INSULIN_RECEPTOR	-0.3326010410594361
REACTOME_DEADENYLATION_DEPENDENT_MRNA_DECAY	-0.33256892335258964
REACTOME_METABOLISM_OF_PROTEINS	-0.332080808732689
REACTOME_PASSIVE_TRANSPORT_BY_AQUAPORINS	-0.3300354545726834
REACTOME_LATENT_INFECTION_OF_HOMO_SAPIENS_WITH_MYCOBACTERIUM_TUBERCULOSIS	-0.32417904858702834
REACTOME_NOTCH1_INTRACELLULAR_DOMAIN_REGULATES_TRANSCRIPTION	-0.3093575059352594
REACTOME_BOTULINUM_NEUROTOXICITY	-0.30918913859146085
REACTOME_REGULATION_OF_GLUCOKINASE_BY_GLUCOKINASE_REGULATORY_PROTEIN	-0.30756467790841985
REACTOME_NOTCH_HLH_TRANSCRIPTION_PATHWAY	-0.3046264313949497
REACTOME_ELEVATION_OF_CYTOSOLIC_CA2_LEVELS	-0.29576462404625925
REACTOME_TRANSPORT_OF_GLUCOSE_AND_OTHER_SUGARS_BILE_SALTS_AND_ORGANIC_ACIDS_METAL_IONS_AND_AMINE_COMPOUNDS	-0.29547425042058384
REACTOME_EXTRINSIC_PATHWAY_FOR_APOPTOSIS	-0.29073105586905473
REACTOME_ARMS_MEDIATED_ACTIVATION	-0.2878594380253238
REACTOME_G1_PHASE	-0.28478968844649327
REACTOME_FACILITATIVE_NA_INDEPENDENT_GLUCOSE_TRANSPORTERS	-0.28114241161177406
REACTOME_CELL_CYCLE_CHECKPOINTS	-0.2806901915980062
REACTOME_IL_2_SIGNALING	-0.2798573743339848
REACTOME_ACETYLCHOLINE_BINDING_AND_DOWNSTREAM_EVENTS	-0.2784407326259413
REACTOME_EARLY_PHASE_OF_HIV_LIFE_CYCLE	-0.277469081037116
REACTOME_CIRCADIAN_CLOCK	-0.27388561388210436
REACTOME_SEMA4D_IN_SEMAPHORIN_SIGNALING	-0.2726449948914173
REACTOME_PRESYNAPTIC_NICOTINIC_ACETYLCHOLINE_RECEPTORS	-0.26854630246354577
REACTOME_REGULATION_OF_KIT_SIGNALING	-0.2590034669823416
REACTOME_METABOLISM_OF_NUCLEOTIDES	-0.2542741409507476
REACTOME_P53_INDEPENDENT_G1_S_DNA_DAMAGE_CHECKPOINT	-0.25412184045855074
REACTOME_RNA_POL_III_CHAIN_ELONGATION	-0.2515197616953865
REACTOME_BIOLOGICAL_OXIDATIONS	-0.24648782843521538
REACTOME_MUSCLE_CONTRACTION	-0.24644600683594312
REACTOME_DEVELOPMENTAL_BIOLOGY	-0.24152109270600497
REACTOME_REGULATION_OF_APOPTOSIS	-0.2364405457710053
REACTOME_BILE_SALT_AND_ORGANIC_ANION_SLC_TRANSPORTERS	-0.2363975835378738
REACTOME_TRAFFICKING_OF_AMPA_RECEPTORS	-0.23155135863986098
REACTOME_NEPHRIN_INTERACTIONS	-0.2302430185827214
REACTOME_CHROMOSOME_MAINTENANCE	-0.22787471034128853
REACTOME_DESTABILIZATION_OF_MRNA_BY_KSRP	-0.22497182850143138
REACTOME_DESTABILIZATION_OF_MRNA_BY_BRF1	-0.22191807714352996
REACTOME_ABCA_TRANSPORTERS_IN_LIPID_HOMEOSTASIS	-0.2161865356478357
REACTOME_DCC_MEDIATED_ATTRACTIVE_SIGNALING	-0.21015709393788823
REACTOME_TAK1_ACTIVATES_NFKB_BY_PHOSPHORYLATION_AND_ACTIVATION_OF_IKKS_COMPLEX	-0.20796804256357504
REACTOME_SIGNALLING_BY_NGF	-0.20493874555738187
REACTOME_AKT_PHOSPHORYLATES_TARGETS_IN_THE_CYTOSOL	-0.20461642099025731
REACTOME_SIGNALING_BY_FGFR3_MUTANTS	-0.2043549546641122
REACTOME_BMAL1_CLOCK_NPAS2_ACTIVATES_CIRCADIAN_EXPRESSION	-0.20112758455696308
REACTOME_AUTODEGRADATION_OF_CDH1_BY_CDH1_APC_C	-0.20103908471865686
REACTOME_HS_GAG_BIOSYNTHESIS	-0.1964696133426201
REACTOME_G_PROTEIN_ACTIVATION	-0.19148790209655356
REACTOME_DOWNSTREAM_SIGNALING_OF_ACTIVATED_FGFR	-0.19138921529835837
REACTOME_GLUCOSE_TRANSPORT	-0.18455739708292587
REACTOME_MITOCHONDRIAL_TRNA_AMINOACYLATION	-0.182869434719606
REACTOME_G2_M_DNA_DAMAGE_CHECKPOINT	-0.1824855154921059
REACTOME_PI3K_CASCADE	-0.1817070592368065
REACTOME_SIGNALING_BY_SCF_KIT	-0.18080144474227372
REACTOME_SCF_BETA_TRCP_MEDIATED_DEGRADATION_OF_EMI1	-0.1783569195665346
REACTOME_INITIAL_TRIGGERING_OF_COMPLEMENT	-0.17251938998231722
REACTOME_NEF_MEDIATED_DOWNREGULATION_OF_MHC_CLASS_I_COMPLEX_CELL_SURFACE_EXPRESSION	-0.17098447506759404
REACTOME_BASE_FREE_SUGAR_PHOSPHATE_REMOVAL_VIA_THE_SINGLE_NUCLEOTIDE_REPLACEMENT_PATHWAY	-0.1700647709418725
REACTOME_SHC_MEDIATED_SIGNALLING	-0.16610260031793003
REACTOME_TRANSPORT_OF_MATURE_TRANSCRIPT_TO_CYTOPLASM	-0.16339822547311256
REACTOME_TETRAHYDROBIOPTERIN_BH4_SYNTHESIS_RECYCLING_SALVAGE_AND_REGULATION	-0.15860911818657697
REACTOME_MRNA_PROCESSING	-0.1570267513487857
REACTOME_CYCLIN_E_ASSOCIATED_EVENTS_DURING_G1_S_TRANSITION_	-0.1515384462042657
REACTOME_TRNA_AMINOACYLATION	-0.15091709660571329
REACTOME_SMOOTH_MUSCLE_CONTRACTION	-0.14713014260460316
REACTOME_SIGNALING_BY_FGFR	-0.1414381781489463
REACTOME_ACTIVATION_OF_NMDA_RECEPTOR_UPON_GLUTAMATE_BINDING_AND_POSTSYNAPTIC_EVENTS	-0.1394462453235268
REACTOME_RESPIRATORY_ELECTRON_TRANSPORT_ATP_SYNTHESIS_BY_CHEMIOSMOTIC_COUPLING_AND_HEAT_PRODUCTION_BY_UNCOUPLING_PROTEINS_	-0.13582258842673553
REACTOME_POL_SWITCHING	-0.12932998436804236
REACTOME_LIPID_DIGESTION_MOBILIZATION_AND_TRANSPORT	-0.12760334414503857
REACTOME_TRANSFERRIN_ENDOCYTOSIS_AND_RECYCLING	-0.12591321856376692
REACTOME_ACTIVATION_OF_NF_KAPPAB_IN_B_CELLS	-0.12066221926319891
REACTOME_ACYL_CHAIN_REMODELLING_OF_PS	-0.11977792426175846
REACTOME_THE_ACTIVATION_OF_ARYLSULFATASES	-0.11070384194861783
REACTOME_DNA_STRAND_ELONGATION	-0.10978656304208143
REACTOME_PROCESSING_OF_CAPPED_INTRON_CONTAINING_PRE_MRNA	-0.10825282035648115
REACTOME_MEIOTIC_RECOMBINATION	-0.10659002775173884
REACTOME_ROLE_OF_DCC_IN_REGULATING_APOPTOSIS	-0.10308238036174915
REACTOME_RNA_POL_III_TRANSCRIPTION_TERMINATION	-0.10273391696391342
REACTOME_CROSS_PRESENTATION_OF_SOLUBLE_EXOGENOUS_ANTIGENS_ENDOSOMES	-0.097977013476991
REACTOME_ACTIVATED_AMPK_STIMULATES_FATTY_ACID_OXIDATION_IN_MUSCLE	-0.08328751195553576
REACTOME_GROWTH_HORMONE_RECEPTOR_SIGNALING	-0.06423266037600218
REACTOME_CGMP_EFFECTS	-0.06293505959233921
REACTOME_HIV_INFECTION	-0.06153965243865089
REACTOME_MRNA_SPLICING	-0.06050041661489595
REACTOME_GLYCOPROTEIN_HORMONES	-0.05708617080535466
REACTOME_ACTIVATION_OF_THE_AP1_FAMILY_OF_TRANSCRIPTION_FACTORS	-0.05572152148980614
REACTOME_TRAF6_MEDIATED_NFKB_ACTIVATION	-0.05407718020089795
REACTOME_SCFSKP2_MEDIATED_DEGRADATION_OF_P27_P21	-0.05394544135137269
REACTOME_IL1_SIGNALING	-0.044739507809819466
REACTOME_DESTABILIZATION_OF_MRNA_BY_AUF1_HNRNP_D0	-0.04038207938857629
REACTOME_ANTIGEN_PROCESSING_UBIQUITINATION_PROTEASOME_DEGRADATION	-0.03934265247024911
REACTOME_DESTABILIZATION_OF_MRNA_BY_TRISTETRAPROLIN_TTP	-0.03915842855985135
REACTOME_ADP_SIGNALLING_THROUGH_P2RY1	-0.03762013479539317
REACTOME_SYNTHESIS_OF_PE	-0.023469202575393984
REACTOME_G_ALPHA_I_SIGNALLING_EVENTS	-0.021374749379907753
REACTOME_O_LINKED_GLYCOSYLATION_OF_MUCINS	-0.020047135093856475
REACTOME_SYNTHESIS_OF_PIPS_AT_THE_EARLY_ENDOSOME_MEMBRANE	-0.0011043290726439321
REACTOME_NITRIC_OXIDE_STIMULATES_GUANYLATE_CYCLASE	-0.001042882123346038
REACTOME_RNA_POL_I_PROMOTER_OPENING	0.0
REACTOME_CELL_JUNCTION_ORGANIZATION	0.001335528554988115
REACTOME_PHASE1_FUNCTIONALIZATION_OF_COMPOUNDS	0.003609077492532887
REACTOME_OTHER_SEMAPHORIN_INTERACTIONS	0.006616103252713295
REACTOME_REGULATION_OF_COMPLEMENT_CASCADE	0.008629554604363156
REACTOME_COPI_MEDIATED_TRANSPORT	0.011739639319769686
REACTOME_MITOCHONDRIAL_PROTEIN_IMPORT	0.012908511489835399
REACTOME_SIGNALING_BY_GPCR	0.014357485176097678
REACTOME_CYTOSOLIC_TRNA_AMINOACYLATION	0.017418979931348354
REACTOME_TRANSCRIPTIONAL_REGULATION_OF_WHITE_ADIPOCYTE_DIFFERENTIATION	0.018060310835123924
REACTOME_DIGESTION_OF_DIETARY_CARBOHYDRATE	0.027401855397087695
REACTOME_JNK_C_JUN_KINASES_PHOSPHORYLATION_AND_ACTIVATION_MEDIATED_BY_ACTIVATED_HUMAN_TAK1	0.03567194459199982
REACTOME_ADP_SIGNALLING_THROUGH_P2RY12	0.04042137195694206
REACTOME_G_ALPHA_Q_SIGNALLING_EVENTS	0.04343017405140918
REACTOME_SYNTHESIS_AND_INTERCONVERSION_OF_NUCLEOTIDE_DI_AND_TRIPHOSPHATES	0.044507688792372706
REACTOME_ANTIVIRAL_MECHANISM_BY_IFN_STIMULATED_GENES	0.04526356044545353
REACTOME_SHC_RELATED_EVENTS	0.045940154162935946
REACTOME_BETA_DEFENSINS	0.04834411602748055
REACTOME_RNA_POL_III_TRANSCRIPTION_INITIATION_FROM_TYPE_2_PROMOTER	0.052165711915062425
REACTOME_REGULATION_OF_IFNA_SIGNALING	0.05432329594910167
REACTOME_SIGNALING_BY_ILS	0.06077435290643147
REACTOME_PACKAGING_OF_TELOMERE_ENDS	0.061981635023289315
REACTOME_PERK_REGULATED_GENE_EXPRESSION	0.06501674162312289
REACTOME_GASTRIN_CREB_SIGNALLING_PATHWAY_VIA_PKC_AND_MAPK	0.07573007635373283
REACTOME_REPAIR_SYNTHESIS_FOR_GAP_FILLING_BY_DNA_POL_IN_TC_NER	0.07724502981964045
REACTOME_RESPIRATORY_ELECTRON_TRANSPORT	0.08617838237907799
REACTOME_GLUCAGON_SIGNALING_IN_METABOLIC_REGULATION	0.08670382920378167
REACTOME_PROLONGED_ERK_ACTIVATION_EVENTS	0.08930886656746113
REACTOME_ENDOSOMAL_SORTING_COMPLEX_REQUIRED_FOR_TRANSPORT_ESCRT	0.09102423731085123
REACTOME_GLUCONEOGENESIS	0.09106586696505521
REACTOME_ENOS_ACTIVATION_AND_REGULATION	0.09400907081966375
REACTOME_TRANSPORT_OF_MATURE_MRNA_DERIVED_FROM_AN_INTRONLESS_TRANSCRIPT	0.09549806327102357
REACTOME_MRNA_3_END_PROCESSING	0.0990495434389668
REACTOME_ACYL_CHAIN_REMODELLING_OF_PI	0.1025336741075501
REACTOME_SULFUR_AMINO_ACID_METABOLISM	0.10258279539804187
REACTOME_PHOSPHOLIPASE_C_MEDIATED_CASCADE	0.10285121314315501
REACTOME_THROMBOXANE_SIGNALLING_THROUGH_TP_RECEPTOR	0.11020672049970412
REACTOME_MEIOSIS	0.12045845238216119
REACTOME_RIP_MEDIATED_NFKB_ACTIVATION_VIA_DAI	0.12577845834800452
REACTOME_NEF_MEDIATES_DOWN_MODULATION_OF_CELL_SURFACE_RECEPTORS_BY_RECRUITING_THEM_TO_CLATHRIN_ADAPTERS	0.13686164342766471
REACTOME_FANCONI_ANEMIA_PATHWAY	0.14863136629573687
REACTOME_CLASS_A1_RHODOPSIN_LIKE_RECEPTORS	0.1493381056384529
REACTOME_ACTIVATION_OF_CHAPERONE_GENES_BY_XBP1S	0.15065705276120214
REACTOME_ACTIVATION_OF_BH3_ONLY_PROTEINS	0.1532062252234548
REACTOME_SLC_MEDIATED_TRANSMEMBRANE_TRANSPORT	0.15323231337607665
REACTOME_METABOLISM_OF_LIPIDS_AND_LIPOPROTEINS	0.154042429219392
REACTOME_DEGRADATION_OF_THE_EXTRACELLULAR_MATRIX	0.15996879023111868
REACTOME_APOPTOTIC_EXECUTION_PHASE	0.16569638537116474
REACTOME_CREB_PHOSPHORYLATION_THROUGH_THE_ACTIVATION_OF_CAMKII	0.16918496225115692
REACTOME_ANDROGEN_BIOSYNTHESIS	0.17153845870856985
REACTOME_YAP1_AND_WWTR1_TAZ_STIMULATED_GENE_EXPRESSION	0.17317283336705963
REACTOME_PYRIMIDINE_CATABOLISM	0.1764526704687136
REACTOME_LAGGING_STRAND_SYNTHESIS	0.17695615925280236
REACTOME_SIGNALING_BY_PDGF	0.17744512602572313
REACTOME_SYNTHESIS_OF_PIPS_AT_THE_LATE_ENDOSOME_MEMBRANE	0.18320744534888733
REACTOME_NOD1_2_SIGNALING_PATHWAY	0.19326501484790712
REACTOME_REGULATION_OF_INSULIN_SECRETION_BY_GLUCAGON_LIKE_PEPTIDE1	0.19328554697921418
REACTOME_MRNA_SPLICING_MINOR_PATHWAY	0.19494458860968963
REACTOME_PYRIMIDINE_METABOLISM	0.2039304999965482
REACTOME_SIGNALING_BY_FGFR_MUTANTS	0.21301780728983288
REACTOME_UNFOLDED_PROTEIN_RESPONSE	0.21891337384247395
REACTOME_P130CAS_LINKAGE_TO_MAPK_SIGNALING_FOR_INTEGRINS	0.21970058949826327
REACTOME_GRB2_SOS_PROVIDES_LINKAGE_TO_MAPK_SIGNALING_FOR_INTERGRINS_	0.2204392477809402
REACTOME_SIGNALING_BY_WNT	0.22061955018679402
REACTOME_GLUTAMATE_NEUROTRANSMITTER_RELEASE_CYCLE	0.22130020071973566
REACTOME_NFKB_ACTIVATION_THROUGH_FADD_RIP1_PATHWAY_MEDIATED_BY_CASPASE_8_AND10	0.22266164571876026
REACTOME_TELOMERE_MAINTENANCE	0.2238680025631415
REACTOME_PLATELET_HOMEOSTASIS	0.2262612237768889
REACTOME_ACYL_CHAIN_REMODELLING_OF_PG	0.22812049631054251
REACTOME_SIGNALING_BY_FGFR_IN_DISEASE	0.23553746992184005
REACTOME_EXTENSION_OF_TELOMERES	0.23556627607827446
REACTOME_N_GLYCAN_ANTENNAE_ELONGATION_IN_THE_MEDIAL_TRANS_GOLGI	0.2448497595442598
REACTOME_MRNA_DECAY_BY_5_TO_3_EXORIBONUCLEASE	0.24758906017984414
REACTOME_IL_RECEPTOR_SHC_SIGNALING	0.24977563028571087
REACTOME_TRANSMISSION_ACROSS_CHEMICAL_SYNAPSES	0.2506841657902898
REACTOME_REGULATION_OF_ORNITHINE_DECARBOXYLASE_ODC	0.25258167947323756
REACTOME_RESOLUTION_OF_AP_SITES_VIA_THE_SINGLE_NUCLEOTIDE_REPLACEMENT_PATHWAY	0.25717426298864277
REACTOME_RORA_ACTIVATES_CIRCADIAN_EXPRESSION	0.2573585459161883
REACTOME_DEFENSINS	0.25928059499684186
REACTOME_SIGNAL_TRANSDUCTION_BY_L1	0.26113944738091094
REACTOME_ACYL_CHAIN_REMODELLING_OF_PE	0.2641038724932066
REACTOME_ER_PHAGOSOME_PATHWAY	0.26918425459159223
REACTOME_GLUCOSE_METABOLISM	0.26928257870922867
REACTOME_PIP3_ACTIVATES_AKT_SIGNALING	0.27650087707282456
REACTOME_TRANSPORT_OF_INORGANIC_CATIONS_ANIONS_AND_AMINO_ACIDS_OLIGOPEPTIDES	0.2806771453257247
REACTOME_CLEAVAGE_OF_GROWING_TRANSCRIPT_IN_THE_TERMINATION_REGION_	0.28195792440236994
REACTOME_INTERACTION_BETWEEN_L1_AND_ANKYRINS	0.2824365060428858
REACTOME_ACTIVATION_OF_GENES_BY_ATF4	0.28419855007987993
REACTOME_INSULIN_RECEPTOR_RECYCLING	0.29100029510791553
REACTOME_GLYCOGEN_BREAKDOWN_GLYCOGENOLYSIS	0.32550090209060584
REACTOME_OLFACTORY_SIGNALING_PATHWAY	0.3366961950772224
REACTOME_DOWNSTREAM_SIGNALING_EVENTS_OF_B_CELL_RECEPTOR_BCR	0.34284918185618984
REACTOME_ACETYLCHOLINE_NEUROTRANSMITTER_RELEASE_CYCLE	0.3435321076201166
REACTOME_G_BETA_GAMMA_SIGNALLING_THROUGH_PI3KGAMMA	0.3508522380195762
REACTOME_AUTODEGRADATION_OF_THE_E3_UBIQUITIN_LIGASE_COP1	0.351364178985959
REACTOME_TRANS_GOLGI_NETWORK_VESICLE_BUDDING	0.3550685661133238
REACTOME_NGF_SIGNALLING_VIA_TRKA_FROM_THE_PLASMA_MEMBRANE	0.3650101264829441
REACTOME_GPCR_DOWNSTREAM_SIGNALING	0.36744479375944383
REACTOME_RIG_I_MDA5_MEDIATED_INDUCTION_OF_IFN_ALPHA_BETA_PATHWAYS	0.3776150625584651
REACTOME_SLBP_DEPENDENT_PROCESSING_OF_REPLICATION_DEPENDENT_HISTONE_PRE_MRNAS	0.37929628165948703
REACTOME_FORMATION_OF_TRANSCRIPTION_COUPLED_NER_TC_NER_REPAIR_COMPLEX	0.3795440143795756
REACTOME_PKB_MEDIATED_EVENTS	0.37964716778898616
REACTOME_G_ALPHA_Z_SIGNALLING_EVENTS	0.38063609372520535
REACTOME_SIGNALING_BY_FGFR1_MUTANTS	0.3895038212667113
REACTOME_OPSINS	0.39015934211038716
REACTOME_INHIBITION_OF_INSULIN_SECRETION_BY_ADRENALINE_NORADRENALINE	0.39167355502592127
REACTOME_DSCAM_INTERACTIONS	0.39246133005665035
REACTOME_NEGATIVE_REGULATORS_OF_RIG_I_MDA5_SIGNALING	0.40818053981483066
REACTOME_TRAFFICKING_AND_PROCESSING_OF_ENDOSOMAL_TLR	0.4114060673203977
REACTOME_CTNNB1_PHOSPHORYLATION_CASCADE	0.42995831856554434
REACTOME_ACYL_CHAIN_REMODELLING_OF_PC	0.4365870945792702
REACTOME_RECYCLING_OF_BILE_ACIDS_AND_SALTS	0.43733216263983243
REACTOME_ACTIVATED_TAK1_MEDIATES_P38_MAPK_ACTIVATION	0.43854872969420094
REACTOME_APOPTOTIC_CLEAVAGE_OF_CELLULAR_PROTEINS	0.43899401411102573
REACTOME_TRANSCRIPTION	0.43962687087659563
REACTOME_GLUCURONIDATION	0.44129363504286084
REACTOME_TCA_CYCLE_AND_RESPIRATORY_ELECTRON_TRANSPORT	0.44919786865364975
REACTOME_GLUTATHIONE_CONJUGATION	0.45221971191442845
REACTOME_FORMATION_OF_FIBRIN_CLOT_CLOTTING_CASCADE	0.4581798924890328
REACTOME_GABA_SYNTHESIS_RELEASE_REUPTAKE_AND_DEGRADATION	0.48197334588831886
REACTOME_CHEMOKINE_RECEPTORS_BIND_CHEMOKINES	0.48442351526108945
REACTOME_PRE_NOTCH_EXPRESSION_AND_PROCESSING	0.4896679839479056
REACTOME_TGF_BETA_RECEPTOR_SIGNALING_ACTIVATES_SMADS	0.4940192809831277
REACTOME_PROCESSIVE_SYNTHESIS_ON_THE_LAGGING_STRAND	0.4943184250895371
REACTOME_POST_TRANSLATIONAL_MODIFICATION_SYNTHESIS_OF_GPI_ANCHORED_PROTEINS	0.4969529817750148
REACTOME_RNA_POL_III_TRANSCRIPTION	0.4978994459320789
REACTOME_IL_3_5_AND_GM_CSF_SIGNALING	0.5022658340241515
REACTOME_TRANSCRIPTION_COUPLED_NER_TC_NER	0.5072167916692537
REACTOME_HIV_LIFE_CYCLE	0.5074310833015094
REACTOME_CELL_CELL_COMMUNICATION	0.5140057930056618
REACTOME_INHIBITION_OF_VOLTAGE_GATED_CA2_CHANNELS_VIA_GBETA_GAMMA_SUBUNITS	0.5146408576663799
REACTOME_FORMATION_OF_ATP_BY_CHEMIOSMOTIC_COUPLING	0.5156757180315762
REACTOME_P53_DEPENDENT_G1_DNA_DAMAGE_RESPONSE	0.5190934075421336
REACTOME_PKA_MEDIATED_PHOSPHORYLATION_OF_CREB	0.5256689204778715
REACTOME_MEIOTIC_SYNAPSIS	0.5260631982500467
REACTOME_NUCLEAR_SIGNALING_BY_ERBB4	0.5322252750176106
REACTOME_REMOVAL_OF_THE_FLAP_INTERMEDIATE_FROM_THE_C_STRAND	0.5365811284488994
REACTOME_RNA_POL_III_TRANSCRIPTION_INITIATION_FROM_TYPE_3_PROMOTER	0.5382073418435834
REACTOME_ACTIVATION_OF_RAC	0.54978795350164
REACTOME_INTRINSIC_PATHWAY	0.5647466213096506
REACTOME_THROMBIN_SIGNALLING_THROUGH_PROTEINASE_ACTIVATED_RECEPTORS_PARS	0.582312398947586
REACTOME_N_GLYCAN_ANTENNAE_ELONGATION	0.586554248033369
REACTOME_SIGNALLING_TO_RAS	0.5874311427296023
REACTOME_CELL_CELL_JUNCTION_ORGANIZATION	0.5955733304887156
REACTOME_GPCR_LIGAND_BINDING	0.5975772208654605
REACTOME_CIRCADIAN_REPRESSION_OF_EXPRESSION_BY_REV_ERBA	0.6030479913301616
REACTOME_PROSTACYCLIN_SIGNALLING_THROUGH_PROSTACYCLIN_RECEPTOR	0.6120308818462064
REACTOME_DOWNREGULATION_OF_SMAD2_3_SMAD4_TRANSCRIPTIONAL_ACTIVITY	0.6124505421571979
REACTOME_SYNTHESIS_OF_BILE_ACIDS_AND_BILE_SALTS	0.615337343196488
REACTOME_RNA_POL_II_TRANSCRIPTION	0.6161053506154622
REACTOME_ABC_FAMILY_PROTEINS_MEDIATED_TRANSPORT	0.6267595749539558
REACTOME_VIRAL_MESSENGER_RNA_SYNTHESIS	0.6343023933862678
REACTOME_RNA_POL_I_RNA_POL_III_AND_MITOCHONDRIAL_TRANSCRIPTION	0.6356853393704155
REACTOME_SYNTHESIS_OF_PC	0.6404660612962916
REACTOME_ELONGATION_ARREST_AND_RECOVERY	0.6483424119944972
REACTOME_NEUROTRANSMITTER_RELEASE_CYCLE	0.6519847560229947
REACTOME_SIGNALLING_TO_ERKS	0.6527118762334015
REACTOME_INTEGRATION_OF_PROVIRUS	0.6550307061654128
REACTOME_GOLGI_ASSOCIATED_VESICLE_BIOGENESIS	0.6573311255248736
REACTOME_MRNA_CAPPING	0.6632200666659497
REACTOME_NRIF_SIGNALS_CELL_DEATH_FROM_THE_NUCLEUS	0.6709490594886028
REACTOME_REGULATION_OF_WATER_BALANCE_BY_RENAL_AQUAPORINS	0.6728312313049508
REACTOME_LATE_PHASE_OF_HIV_LIFE_CYCLE	0.6850352143023019
REACTOME_MICRORNA_MIRNA_BIOGENESIS	0.702711524351234
REACTOME_DOPAMINE_NEUROTRANSMITTER_RELEASE_CYCLE	0.7128776123652231
REACTOME_POST_TRANSLATIONAL_PROTEIN_MODIFICATION	0.7202348815135159
REACTOME_REGULATION_OF_GENE_EXPRESSION_IN_BETA_CELLS	0.7388821131646037
REACTOME_INTEGRIN_ALPHAIIB_BETA3_SIGNALING	0.742959024107312
REACTOME_AQUAPORIN_MEDIATED_TRANSPORT	0.7443626504297669
REACTOME_INWARDLY_RECTIFYING_K_CHANNELS	0.7564509405304132
REACTOME_TANDEM_PORE_DOMAIN_POTASSIUM_CHANNELS	0.7585041788741795
REACTOME_HORMONE_LIGAND_BINDING_RECEPTORS	0.7595038087687329
REACTOME_REGULATORY_RNA_PATHWAYS	0.7604572217697843
REACTOME_SMAD2_SMAD3_SMAD4_HETEROTRIMER_REGULATES_TRANSCRIPTION	0.7621780618077264
REACTOME_TRANSCRIPTIONAL_ACTIVITY_OF_SMAD2_SMAD3_SMAD4_HETEROTRIMER	0.767035049625711
REACTOME_NUCLEOTIDE_EXCISION_REPAIR	0.767377197896156
REACTOME_P38MAPK_EVENTS	0.7750453016866384
REACTOME_BILE_ACID_AND_BILE_SALT_METABOLISM	0.794373351457119
REACTOME_GLUCAGON_TYPE_LIGAND_RECEPTORS	0.7970299474801082
REACTOME_PEROXISOMAL_LIPID_METABOLISM	0.7997972349939076
REACTOME_PROCESSING_OF_INTRONLESS_PRE_MRNAS	0.7998013466660944
REACTOME_ROLE_OF_SECOND_MESSENGERS_IN_NETRIN1_SIGNALING	0.8115159159201192
REACTOME_EFFECTS_OF_PIP2_HYDROLYSIS	0.8196520665839534
REACTOME_TRAF6_MEDIATED_IRF7_ACTIVATION	0.8210115053432386
REACTOME_G_ALPHA_S_SIGNALLING_EVENTS	0.8312020884549745
REACTOME_APOPTOSIS_INDUCED_DNA_FRAGMENTATION	0.8353807331502402
REACTOME_NUCLEAR_RECEPTOR_TRANSCRIPTION_PATHWAY	0.856689837260466
REACTOME_GLOBAL_GENOMIC_NER_GG_NER	0.8602470405266479
REACTOME_PROCESSING_OF_CAPPED_INTRONLESS_PRE_MRNA	0.8875519148333738
REACTOME_EGFR_DOWNREGULATION	0.9165336558436027
REACTOME_DNA_REPAIR	0.9168478231279217
REACTOME_FORMATION_OF_RNA_POL_II_ELONGATION_COMPLEX_	0.9242887105975248
REACTOME_PYRUVATE_METABOLISM_AND_CITRIC_ACID_TCA_CYCLE	0.9254339094566619
REACTOME_PI_METABOLISM	0.9280168514015619
REACTOME_RESOLUTION_OF_AP_SITES_VIA_THE_MULTIPLE_NUCLEOTIDE_PATCH_REPLACEMENT_PATHWAY	0.9324112980431225
REACTOME_RNA_POL_II_PRE_TRANSCRIPTION_EVENTS	0.9327261765539813
REACTOME_SIGNALING_BY_BMP	0.9373240090960054
REACTOME_ORGANIC_CATION_ANION_ZWITTERION_TRANSPORT	0.9415063679262035
REACTOME_SIGNALING_BY_FGFR1_FUSION_MUTANTS	0.962865812582548
REACTOME_TRANSMEMBRANE_TRANSPORT_OF_SMALL_MOLECULES	0.9653172055400003
REACTOME_MTORC1_MEDIATED_SIGNALLING	0.9749255556924596
REACTOME_SOS_MEDIATED_SIGNALLING	0.9764276201057807
REACTOME_ABORTIVE_ELONGATION_OF_HIV1_TRANSCRIPT_IN_THE_ABSENCE_OF_TAT	0.9996480885670805
REACTOME_IRAK2_MEDIATED_ACTIVATION_OF_TAK1_COMPLEX_UPON_TLR7_8_OR_9_STIMULATION	1.0146000689267962
REACTOME_P75NTR_SIGNALS_VIA_NFKB	1.0178763609212471
REACTOME_GENERIC_TRANSCRIPTION_PATHWAY	1.0182553642623857
REACTOME_RNA_POL_II_TRANSCRIPTION_PRE_INITIATION_AND_PROMOTER_OPENING	1.0251811176002519
REACTOME_TRANSPORT_OF_ORGANIC_ANIONS	1.0351816969241485
REACTOME_SYNTHESIS_OF_BILE_ACIDS_AND_BILE_SALTS_VIA_24_HYDROXYCHOLESTEROL	1.0351824998094934
REACTOME_APOPTOSIS	1.0426477804036438
REACTOME_SIGNALING_BY_HIPPO	1.0430958970819988
REACTOME_ABACAVIR_TRANSPORT_AND_METABOLISM	1.0495539902011375
REACTOME_SEROTONIN_RECEPTORS	1.056133842524872
REACTOME_FORMATION_OF_INCISION_COMPLEX_IN_GG_NER	1.05910308611054
REACTOME_ENDOSOMAL_VACUOLAR_PATHWAY	1.0596231419729778
REACTOME_PI3K_AKT_ACTIVATION	1.066542775391597
REACTOME_UNBLOCKING_OF_NMDA_RECEPTOR_GLUTAMATE_BINDING_AND_ACTIVATION	1.0691632408170795
REACTOME_AMINE_LIGAND_BINDING_RECEPTORS	1.0828234513243016
REACTOME_TRIGLYCERIDE_BIOSYNTHESIS	1.0829441090639154
REACTOME_FATTY_ACID_TRIACYLGLYCEROL_AND_KETONE_BODY_METABOLISM	1.096543166991654
REACTOME_GABA_RECEPTOR_ACTIVATION	1.109739897268775
REACTOME_TGF_BETA_RECEPTOR_SIGNALING_IN_EMT_EPITHELIAL_TO_MESENCHYMAL_TRANSITION	1.1243528867430388
REACTOME_DAG_AND_IP3_SIGNALING	1.1332003441912262
REACTOME_COMMON_PATHWAY	1.1485239093295865
REACTOME_P75NTR_RECRUITS_SIGNALLING_COMPLEXES	1.1507095277229442
REACTOME_PEPTIDE_LIGAND_BINDING_RECEPTORS	1.1616289154120731
REACTOME_CLASS_B_2_SECRETIN_FAMILY_RECEPTORS	1.1934140070482355
REACTOME_SIGNAL_REGULATORY_PROTEIN_SIRP_FAMILY_INTERACTIONS	1.19596321623506
REACTOME_SIGNALING_BY_ERBB4	1.198931841446228
REACTOME_PRE_NOTCH_TRANSCRIPTION_AND_TRANSLATION	1.1996305001259033
REACTOME_BASE_EXCISION_REPAIR	1.202321761652669
REACTOME_SIGNALING_BY_EGFR_IN_CANCER	1.207107056916073
REACTOME_PLATELET_AGGREGATION_PLUG_FORMATION	1.2336475289963589
REACTOME_SIGNAL_ATTENUATION	1.2343556604185186
REACTOME_GABA_A_RECEPTOR_ACTIVATION	1.2426991390018587
REACTOME_RNA_POL_I_TRANSCRIPTION	1.2428582541172586
REACTOME_DOWNSTREAM_SIGNAL_TRANSDUCTION	1.243814826055963
REACTOME_FORMATION_OF_THE_HIV1_EARLY_ELONGATION_COMPLEX	1.24664368008582
REACTOME_REGULATED_PROTEOLYSIS_OF_P75NTR	1.2528061127163892
REACTOME_TIGHT_JUNCTION_INTERACTIONS	1.2820827043266916
REACTOME_PLATELET_CALCIUM_HOMEOSTASIS	1.3177736890805205
REACTOME_DOWNREGULATION_OF_TGF_BETA_RECEPTOR_SIGNALING	1.3543680319881863
REACTOME_IL_6_SIGNALING	1.3910042100639817
REACTOME_RAP1_SIGNALLING	1.3973264782932828
REACTOME_PPARA_ACTIVATES_GENE_EXPRESSION	1.4094541895093102
REACTOME_SYNTHESIS_OF_PIPS_AT_THE_PLASMA_MEMBRANE	1.4165128265582216
REACTOME_HDL_MEDIATED_LIPID_TRANSPORT	1.4261678236847304
REACTOME_ETHANOL_OXIDATION	1.4361517117421312
REACTOME_METABOLISM_OF_VITAMINS_AND_COFACTORS	1.4370565469365775
REACTOME_ION_TRANSPORT_BY_P_TYPE_ATPASES	1.4527326595234522
REACTOME_NETRIN1_SIGNALING	1.4818212919761335
REACTOME_PI3K_EVENTS_IN_ERBB4_SIGNALING	1.4978595055096433
REACTOME_TRAF3_DEPENDENT_IRF_ACTIVATION_PATHWAY	1.5124197105978832
REACTOME_RNA_POL_I_TRANSCRIPTION_TERMINATION	1.5350743135925962
REACTOME_SIGNALING_BY_TGF_BETA_RECEPTOR_COMPLEX	1.5373916635236975
REACTOME_LIGAND_GATED_ION_CHANNEL_TRANSPORT	1.5753076577448988
REACTOME_NFKB_IS_ACTIVATED_AND_SIGNALS_SURVIVAL	1.5821269788484993
REACTOME_SHC1_EVENTS_IN_EGFR_SIGNALING	1.6017568131165798
REACTOME_GAB1_SIGNALOSOME	1.6235033970577202
REACTOME_ZINC_TRANSPORTERS	1.6325370495459002
REACTOME_SYNTHESIS_OF_BILE_ACIDS_AND_BILE_SALTS_VIA_7ALPHA_HYDROXYCHOLESTEROL	1.6462790320330218
REACTOME_RNA_POL_I_TRANSCRIPTION_INITIATION	1.690580445933282
REACTOME_DOUBLE_STRAND_BREAK_REPAIR	1.716317187208973
REACTOME_HOMOLOGOUS_RECOMBINATION_REPAIR_OF_REPLICATION_INDEPENDENT_DOUBLE_STRAND_BREAKS	1.8204218540688386
REACTOME_METAL_ION_SLC_TRANSPORTERS	1.8406880583512824
REACTOME_REGULATION_OF_PYRUVATE_DEHYDROGENASE_PDH_COMPLEX	1.879715041816888
REACTOME_PTM_GAMMA_CARBOXYLATION_HYPUSINE_FORMATION_AND_ARYLSULFATASE_ACTIVATION	1.8822456703948032
REACTOME_SIGNALING_BY_ERBB2	1.941916362540217
REACTOME_SHC1_EVENTS_IN_ERBB4_SIGNALING	2.021025919383252
REACTOME_INTRINSIC_PATHWAY_FOR_APOPTOSIS	2.0475137800510947
REACTOME_MYOGENESIS	2.104348760289846
REACTOME_METABOLISM_OF_POLYAMINES	2.1146337671538857
REACTOME_IL_7_SIGNALING	2.207778521736184
REACTOME_GAMMA_CARBOXYLATION_TRANSPORT_AND_AMINO_TERMINAL_CLEAVAGE_OF_PROTEINS	2.3213234294289333
REACTOME_ION_CHANNEL_TRANSPORT	2.3378743719702344
REACTOME_SIGNALING_BY_CONSTITUTIVELY_ACTIVE_EGFR	2.3487928401085876
REACTOME_ALPHA_LINOLENIC_ACID_ALA_METABOLISM	2.3639032525718218
REACTOME_REGULATION_OF_BETA_CELL_DEVELOPMENT	2.4528717692755633
REACTOME_CASPASE_MEDIATED_CLEAVAGE_OF_CYTOSKELETAL_PROTEINS	2.48582585477892
REACTOME_PI3K_EVENTS_IN_ERBB2_SIGNALING	2.6314953280976496
REACTOME_FATTY_ACYL_COA_BIOSYNTHESIS	2.6496030387820784
REACTOME_SYNTHESIS_OF_VERY_LONG_CHAIN_FATTY_ACYL_COAS	2.666361595909881
REACTOME_IRAK1_RECRUITS_IKK_COMPLEX	2.704124954801088
REACTOME_PYRUVATE_METABOLISM	2.826379586453514
REACTOME_MEMBRANE_BINDING_AND_TARGETTING_OF_GAG_PROTEINS	2.9385387319322036
REACTOME_GRB2_EVENTS_IN_ERBB2_SIGNALING	3.377066660661331
