drug	n_patient_z2	agree	agree_frac	binom_p	spearman_all	rho_cell_line	rho_organoid	rho_pdx
CAPECITABINE	63	27	0.429	0.896	-0.025	-0.025		
CARBOPLATIN	43	23	0.535	0.38	0.069	0.069		
CISPLATIN	51	28	0.549	0.288	-0.037	-0.037		
DOCETAXEL	25	14	0.56	0.345	0.109	0.081	0.047	
DOXORUBICIN	27	13	0.481	0.649	0.05	0.012	0.032	
EPIRUBICIN	78	56	0.718	0.0	0.089	0.131	0.002	
ETOPOSIDE	7	4	0.571	0.5	0.139	0.147	0.041	
FLUOROURACIL	33	16	0.485	0.636	-0.016	0.062	0.061	-0.15
GEMCITABINE	48	29	0.604	0.097	0.01	-0.012	-0.033	0.077
OXALIPLATIN	32	16	0.5	0.57	-0.052	0.03	-0.102	
PACLITAXEL	30	11	0.367	0.951	-0.064	-0.095	0.005	-0.036
VINORELBINE	47	35	0.745	0.001	0.162	0.162		
