drug	domain	class	n	dropped_axes
CAPECITABINE	prism_repurposing	cell_line	465	0
CARBOPLATIN	ctrpv2_ccle	cell_line	777	0
CARBOPLATIN	prism_repurposing	cell_line	441	0
CISPLATIN	prism_repurposing	cell_line	443	0
DOCETAXEL	liver_ji2023	organoid	61	3
DOCETAXEL	sarcoma_alshihabi2024	organoid	14	9
DOCETAXEL	ctrpv2_ccle	cell_line	368	0
DOCETAXEL	prism_repurposing	cell_line	474	0
DOXORUBICIN	liver_ji2023	organoid	61	3
DOXORUBICIN	prism_repurposing	cell_line	460	0
EPIRUBICIN	liver_ji2023	organoid	61	3
EPIRUBICIN	ctrpv2_ccle	cell_line	793	0
EPIRUBICIN	prism_repurposing	cell_line	306	0
ETOPOSIDE	liver_ji2023	organoid	61	5
ETOPOSIDE	ctrpv2_ccle	cell_line	773	0
ETOPOSIDE	prism_repurposing	cell_line	462	0
FLUOROURACIL	pdx_novartis_gao2015	pdx	41	2
FLUOROURACIL	pancreas_shi2022	organoid	39	5
FLUOROURACIL	pancreas_tiriac2018	organoid	36	3
FLUOROURACIL	liver_ji2023	organoid	61	2
FLUOROURACIL	ctrpv2_ccle	cell_line	775	0
GEMCITABINE	pdx_novartis_gao2015	pdx	35	3
GEMCITABINE	pancreas_shi2022	organoid	39	5
GEMCITABINE	pancreas_tiriac2018	organoid	36	4
GEMCITABINE	liver_ji2023	organoid	61	3
GEMCITABINE	sarcoma_alshihabi2024	organoid	14	9
GEMCITABINE	ctrpv2_ccle	cell_line	714	0
GEMCITABINE	prism_repurposing	cell_line	384	0
OXALIPLATIN	pancreas_shi2022	organoid	39	5
OXALIPLATIN	pancreas_tiriac2018	organoid	36	2
OXALIPLATIN	ctrpv2_ccle	cell_line	768	0
OXALIPLATIN	prism_repurposing	cell_line	448	0
PACLITAXEL	pdx_novartis_gao2015	pdx	62	0
PACLITAXEL	pancreas_shi2022	organoid	39	4
PACLITAXEL	pancreas_tiriac2018	organoid	36	4
PACLITAXEL	liver_ji2023	organoid	61	2
PACLITAXEL	ctrpv2_ccle	cell_line	762	0
PACLITAXEL	prism_repurposing	cell_line	475	0
VINORELBINE	prism_repurposing	cell_line	462	0
