drug	class	patients	responders	cancers_evaluable	domains	patient_only_loco	zero_shot_auc	zero_shot_null_p	zero_shot_cell_line	zero_shot_cell_line_p	bridge_nested_loco	s_chosen_per_fold	s_full	loco_s0	loco_s1	loco_s2	loco_s4	loco_s8	zero_shot_organoid	zero_shot_organoid_p	zero_shot_pdx	zero_shot_pdx_p
BEVACIZUMAB	antiangiogenic	72	20	2		0.7423687423687423																
CAPECITABINE	fluoropyrimidine	94	60	3	prism_repurposing(465)	0.49347678465325523	0.37484084542908064	0.9780439121756487	0.37484084542908064	0.9721115537848606	0.40328070622188267	COAD:0;ESCA:8;STAD:0	0.0	0.49347678465325523	0.4485569985569986	0.4376029199558611	0.44505559799677447	0.438634241575418				
CARBOPLATIN	platinum	261	171	7	ctrpv2_ccle(777);prism_repurposing(441)	0.5295690436565723	0.47634352680119274	0.3373253493013972	0.47634352680119274	0.3784860557768924	0.5117144392602059	BLCA:0;CESC:8;HNSC:4;LUAD:4;LUSC:2;UCEC:2;UCS:4	4.0	0.5295690436565723	0.5388603673214657	0.540496621989757	0.5439996359475765	0.5387192041368243				
CISPLATIN	platinum	424	328	8	prism_repurposing(443)	0.6237888751011763	0.5216115771722877	0.3712574850299401	0.5216115771722877	0.3545816733067729	0.6286977186632542	BLCA:1;CESC:1;ESCA:1;HNSC:0;LUAD:1;LUSC:1;MESO:1;STAD:1	1.0	0.6237888751011763	0.6353643853299209	0.6040854437626708	0.5830214918569903	0.5593062347642146				
DOCETAXEL	microtubule	161	109	4	liver_ji2023(61);sarcoma_alshihabi2024(14);ctrpv2_ccle(368);prism_repurposing(474)	0.4904863157949747	0.64168606808395	0.021956087824351298	0.5435839447719386	0.23904382470119523	0.6183535447761194	BRCA:8;LUAD:4;LUSC:2;SARC:4	8.0	0.4904863157949747	0.5882434596973118	0.5928259830051423	0.6146222014925373	0.6360006035996488	0.6479146416029099	0.0199203187250996		
DOXORUBICIN	topoisomerase_II	169	123	4	liver_ji2023(61);prism_repurposing(460)	0.5179307442238477	0.40796760710553814	0.8942115768463074	0.507850052246604	0.5896414342629482	0.34570852200162544	BLCA:2;BRCA:0;SARC:0;UCEC:4	0.0	0.5179307442238477	0.46409207012655285	0.4538328689190758	0.44834552420759316	0.4143039591315453	0.4117148496458841	0.8924302788844621		
EPIRUBICIN	topoisomerase_II	51	43	2	liver_ji2023(61);ctrpv2_ccle(793);prism_repurposing(306)	0.6160714285714286	0.8571428571428572	0.00998003992015968	0.8531746031746033	0.00796812749003984	0.6160714285714286	BRCA:0;STAD:0	4.0	0.6160714285714286	0.7956349206349206	0.8363095238095238	0.8531746031746033	0.8492063492063492	0.6934523809523809	0.250996015936255		
ETOPOSIDE	topoisomerase_II	107	86	3	liver_ji2023(61);ctrpv2_ccle(773);prism_repurposing(462)	0.6098039215686275	0.590958605664488	0.3313373253493014	0.5650326797385622	0.549800796812749	0.6181917211328977	LUAD:1;STAD:1;TGCT:4	1.0	0.6098039215686275	0.6900871459694988	0.6564270152505447	0.638562091503268	0.6189542483660131	0.533769063180828	0.2788844621513944		
FLUOROURACIL	fluoropyrimidine	277	197	6	pdx_novartis_gao2015(41);pancreas_shi2022(39);pancreas_tiriac2018(36);liver_ji2023(61);ctrpv2_ccle(775)	0.37486561073884933	0.4145454321648616	0.6586826347305389	0.5065473337268503	0.8605577689243028	0.4778069350170966	BRCA:8;COAD:2;ESCA:8;PAAD:4;READ:4;STAD:8	8.0	0.37486561073884933	0.4305864458072615	0.45631238322697837	0.4851206557473026	0.4878348055100834	0.4305701924845011	0.8645418326693227	0.427963099418879	0.10756972111553785
GEMCITABINE	antimetabolite	232	110	4	pdx_novartis_gao2015(35);pancreas_shi2022(39);pancreas_tiriac2018(36);liver_ji2023(61);sarcoma_alshihabi2024(14);ctrpv2_ccle(714);prism_repurposing(384)	0.4847754955513576	0.5116674658700521	0.06986027944111776	0.48374387760163623	0.3346613545816733	0.44500276827863033	BLCA:8;LUSC:0;PAAD:0;SARC:0	0.0	0.4847754955513576	0.4334432313958176	0.43506211609659884	0.4452514743463019	0.46592934092934096	0.5115500083172497	0.00398406374501992	0.514142214573249	0.7410358565737052
OXALIPLATIN	platinum	108	67	4	pancreas_shi2022(39);pancreas_tiriac2018(36);ctrpv2_ccle(768);prism_repurposing(448)	0.5312384499884499	0.6119062056562057	0.49500998003992014	0.43093154968154973	0.5976095617529881	0.465510428010428	COAD:0;PAAD:0;READ:8;STAD:1	8.0	0.5312384499884499	0.4717094842094842	0.4620476932976933	0.5162611787611788	0.5587200524700524	0.6318840131340131	0.5258964143426295		
PACLITAXEL	microtubule	247	175	7	pdx_novartis_gao2015(62);pancreas_shi2022(39);pancreas_tiriac2018(36);liver_ji2023(61);ctrpv2_ccle(762);prism_repurposing(475)	0.546348076526648	0.4423567503924647	0.8882235528942116	0.4395811331525617	0.8007968127490039	0.533361063539635	BRCA:0;CESC:0;HNSC:0;LUAD:0;LUSC:0;UCEC:1;UCS:0	0.0	0.546348076526648	0.5264240521383379	0.5178248140748141	0.4698134999920714	0.456493129885987	0.42439861725576006	0.9681274900398407	0.5750442414728129	0.20318725099601595
PEMETREXED	antimetabolite	57	26	2		0.3580729166666667																
VINORELBINE	microtubule	42	31	2	prism_repurposing(462)	0.57447209653092	0.5906862745098039	0.10778443113772455	0.5906862745098039	0.09561752988047809	0.5524132730015083	LUAD:0;LUSC:1	1.0	0.57447209653092	0.719079939668175	0.6806184012066365	0.6457390648567118	0.6383861236802413				
