sample	drug	response	metric	direction	n	max_conc_uM	gdsc_drug_id
CC1	ALECTINIB	0.915476	AUC	lower = more sensitive	4	4	1533
CHC1	ALECTINIB	0.948559	AUC	lower = more sensitive	4	4	1533
CHC2	ALECTINIB	0.963399	AUC	lower = more sensitive	4	4	1533
HCC1	ALECTINIB	0.980485	AUC	lower = more sensitive	4	4	1533
HCC3	ALECTINIB	0.939288	AUC	lower = more sensitive	4	4	1533
CC1	AXITINIB	0.907903	AUC	lower = more sensitive	4	10	1021
CHC1	AXITINIB	0.936846	AUC	lower = more sensitive	4	10	1021
CHC2	AXITINIB	0.901493	AUC	lower = more sensitive	4	10	1021
HCC1	AXITINIB	0.977877	AUC	lower = more sensitive	4	10	1021
HCC3	AXITINIB	0.848407	AUC	lower = more sensitive	4	10	1021
CC1	BIBR-1532	0.93176	AUC	lower = more sensitive	4	10	2043
CHC1	BIBR-1532	0.948718	AUC	lower = more sensitive	4	10	2043
CHC2	BIBR-1532	0.955511	AUC	lower = more sensitive	4	10	2043
HCC1	BIBR-1532	0.982419	AUC	lower = more sensitive	4	10	2043
HCC3	BIBR-1532	0.924539	AUC	lower = more sensitive	4	10	2043
CC1	CISPLATIN	0.932082	AUC	lower = more sensitive	4	4	1005
CHC1	CISPLATIN	0.946053	AUC	lower = more sensitive	4	4	1005
CHC2	CISPLATIN	0.91858	AUC	lower = more sensitive	4	4	1005
HCC1	CISPLATIN	0.97971	AUC	lower = more sensitive	4	4	1005
HCC3	CISPLATIN	0.902562	AUC	lower = more sensitive	4	4	1005
CC1	DABRAFENIB	0.923738	AUC	lower = more sensitive	4	10	1373
CHC1	DABRAFENIB	0.948969	AUC	lower = more sensitive	4	10	1373
CHC2	DABRAFENIB	0.946841	AUC	lower = more sensitive	4	10	1373
HCC1	DABRAFENIB	0.985336	AUC	lower = more sensitive	4	10	1373
HCC3	DABRAFENIB	0.941137	AUC	lower = more sensitive	4	10	1373
CC1	DASATINIB	0.854396	AUC	lower = more sensitive	4	2	1079
CHC1	DASATINIB	0.945482	AUC	lower = more sensitive	4	2	1079
CHC2	DASATINIB	0.918291	AUC	lower = more sensitive	4	2	1079
HCC1	DASATINIB	0.978974	AUC	lower = more sensitive	4	2	1079
HCC3	DASATINIB	0.913947	AUC	lower = more sensitive	4	2	1079
CC1	DELTARASIN	0.893867	AUC	lower = more sensitive	4	10	2042
CHC1	DELTARASIN	0.823669	AUC	lower = more sensitive	4	10	2042
CHC2	DELTARASIN	0.93078	AUC	lower = more sensitive	4	10	2042
HCC1	DELTARASIN	0.860171	AUC	lower = more sensitive	4	10	2042
HCC3	DELTARASIN	0.865089	AUC	lower = more sensitive	4	10	2042
CC1	DORAMAPIMOD	0.943552	AUC	lower = more sensitive	4	10	1042
CHC1	DORAMAPIMOD	0.933061	AUC	lower = more sensitive	4	10	1042
CHC2	DORAMAPIMOD	0.937723	AUC	lower = more sensitive	4	10	1042
HCC1	DORAMAPIMOD	0.984054	AUC	lower = more sensitive	4	10	1042
HCC3	DORAMAPIMOD	0.936793	AUC	lower = more sensitive	4	10	1042
CC1	DOXORUBICIN	0.948635	AUC	lower = more sensitive	4	1	1189
CHC1	DOXORUBICIN	0.906957	AUC	lower = more sensitive	4	1	1189
CHC2	DOXORUBICIN	0.883127	AUC	lower = more sensitive	4	1	1189
HCC1	DOXORUBICIN	0.9516	AUC	lower = more sensitive	4	1	1189
HCC3	DOXORUBICIN	0.824993	AUC	lower = more sensitive	4	1	1189
CC1	FLUOROURACIL	0.852884	AUC	lower = more sensitive	4	20	1073
CHC1	FLUOROURACIL	0.910405	AUC	lower = more sensitive	4	20	1073
CHC2	FLUOROURACIL	0.929409	AUC	lower = more sensitive	4	20	1073
HCC1	FLUOROURACIL	0.983384	AUC	lower = more sensitive	4	20	1073
HCC3	FLUOROURACIL	0.896579	AUC	lower = more sensitive	4	20	1073
CC1	GEMCITABINE	0.633269	AUC	lower = more sensitive	4	10	1190
CHC1	GEMCITABINE	0.870221	AUC	lower = more sensitive	4	10	1190
CHC2	GEMCITABINE	0.686345	AUC	lower = more sensitive	4	10	1190
HCC1	GEMCITABINE	0.949183	AUC	lower = more sensitive	4	10	1190
HCC3	GEMCITABINE	0.643825	AUC	lower = more sensitive	4	10	1190
CC1	GSK-126	0.896188	AUC	lower = more sensitive	4	10	2041
CHC1	GSK-126	0.930824	AUC	lower = more sensitive	4	10	2041
CHC2	GSK-126	0.932135	AUC	lower = more sensitive	4	10	2041
HCC1	GSK-126	0.973653	AUC	lower = more sensitive	4	10	2041
HCC3	GSK-126	0.95216	AUC	lower = more sensitive	4	10	2041
CC1	KU-55933	0.879938	AUC	lower = more sensitive	4	10	1030
CHC1	KU-55933	0.940543	AUC	lower = more sensitive	4	10	1030
CHC2	KU-55933	0.889078	AUC	lower = more sensitive	4	10	1030
HCC1	KU-55933	0.985751	AUC	lower = more sensitive	4	10	1030
HCC3	KU-55933	0.887293	AUC	lower = more sensitive	4	10	1030
CC1	LAPATINIB	0.841726	AUC	lower = more sensitive	4	10	1558
CHC1	LAPATINIB	0.900218	AUC	lower = more sensitive	4	10	1558
CHC2	LAPATINIB	0.951878	AUC	lower = more sensitive	4	10	1558
HCC1	LAPATINIB	0.959623	AUC	lower = more sensitive	4	10	1558
HCC3	LAPATINIB	0.867968	AUC	lower = more sensitive	4	10	1558
CC1	LY-2109761	0.932687	AUC	lower = more sensitive	4	5	1852
CHC1	LY-2109761	0.938861	AUC	lower = more sensitive	4	5	1852
CHC2	LY-2109761	0.94422	AUC	lower = more sensitive	4	5	1852
HCC1	LY-2109761	0.985993	AUC	lower = more sensitive	4	5	1852
HCC3	LY-2109761	0.945577	AUC	lower = more sensitive	4	5	1852
CC1	MK-2206	0.941942	AUC	lower = more sensitive	4	10	1053
CHC1	MK-2206	0.912276	AUC	lower = more sensitive	4	10	1053
CHC2	MK-2206	0.937049	AUC	lower = more sensitive	4	10	1053
HCC1	MK-2206	0.980396	AUC	lower = more sensitive	4	10	1053
HCC3	MK-2206	0.905805	AUC	lower = more sensitive	4	10	1053
CC1	NUTLIN-3A	0.91719	AUC	lower = more sensitive	4	10	1047
CHC1	NUTLIN-3A	0.903316	AUC	lower = more sensitive	4	10	1047
CHC2	NUTLIN-3A	0.952553	AUC	lower = more sensitive	4	10	1047
HCC1	NUTLIN-3A	0.982034	AUC	lower = more sensitive	4	10	1047
HCC3	NUTLIN-3A	0.865853	AUC	lower = more sensitive	4	10	1047
CC1	OLAPARIB	0.923252	AUC	lower = more sensitive	4	10	1017
CHC1	OLAPARIB	0.950822	AUC	lower = more sensitive	4	10	1017
CHC2	OLAPARIB	0.948682	AUC	lower = more sensitive	4	10	1017
HCC1	OLAPARIB	0.984544	AUC	lower = more sensitive	4	10	1017
HCC3	OLAPARIB	0.933776	AUC	lower = more sensitive	4	10	1017
CC1	OSI-027	0.847999	AUC	lower = more sensitive	4	10	1594
CHC1	OSI-027	0.893303	AUC	lower = more sensitive	4	10	1594
CHC2	OSI-027	0.942967	AUC	lower = more sensitive	4	10	1594
HCC1	OSI-027	0.898504	AUC	lower = more sensitive	4	10	1594
HCC3	OSI-027	0.912704	AUC	lower = more sensitive	4	10	1594
CC1	PALBOCICLIB	0.953317	AUC	lower = more sensitive	4	4	1054
CHC1	PALBOCICLIB	0.955345	AUC	lower = more sensitive	4	4	1054
CHC2	PALBOCICLIB	0.963641	AUC	lower = more sensitive	4	4	1054
HCC1	PALBOCICLIB	0.983811	AUC	lower = more sensitive	4	4	1054
HCC3	PALBOCICLIB	0.944362	AUC	lower = more sensitive	4	4	1054
CC1	PD-173074	0.924935	AUC	lower = more sensitive	4	10	1049
CHC1	PD-173074	0.936898	AUC	lower = more sensitive	4	10	1049
CHC2	PD-173074	0.969428	AUC	lower = more sensitive	4	10	1049
HCC1	PD-173074	0.975374	AUC	lower = more sensitive	4	10	1049
HCC3	PD-173074	0.944927	AUC	lower = more sensitive	4	10	1049
CC1	SAPITINIB	0.850279	AUC	lower = more sensitive	4	5	1549
CHC1	SAPITINIB	0.917909	AUC	lower = more sensitive	4	5	1549
CHC2	SAPITINIB	0.925821	AUC	lower = more sensitive	4	5	1549
HCC1	SAPITINIB	0.840226	AUC	lower = more sensitive	4	5	1549
HCC3	SAPITINIB	0.893789	AUC	lower = more sensitive	4	5	1549
CC1	SCH-772984	0.766272	AUC	lower = more sensitive	4	10	1564
CHC1	SCH-772984	0.826214	AUC	lower = more sensitive	4	10	1564
CHC2	SCH-772984	0.97025	AUC	lower = more sensitive	4	10	1564
HCC1	SCH-772984	0.745563	AUC	lower = more sensitive	4	10	1564
HCC3	SCH-772984	0.769079	AUC	lower = more sensitive	4	10	1564
CC1	SORAFENIB	0.779936	AUC	lower = more sensitive	4	5	1085
CHC1	SORAFENIB	0.769162	AUC	lower = more sensitive	4	5	1085
CHC2	SORAFENIB	0.760991	AUC	lower = more sensitive	4	5	1085
HCC1	SORAFENIB	0.922981	AUC	lower = more sensitive	4	5	1085
HCC3	SORAFENIB	0.726926	AUC	lower = more sensitive	4	5	1085
CC1	TASELISIB	0.842192	AUC	lower = more sensitive	4	10	1561
CHC1	TASELISIB	0.687978	AUC	lower = more sensitive	4	10	1561
CHC2	TASELISIB	0.861865	AUC	lower = more sensitive	4	10	1561
HCC1	TASELISIB	0.850233	AUC	lower = more sensitive	4	10	1561
HCC3	TASELISIB	0.720382	AUC	lower = more sensitive	4	10	1561
CC1	TEPOTINIB	0.712865	AUC	lower = more sensitive	4	10	1850
CHC1	TEPOTINIB	0.952057	AUC	lower = more sensitive	4	10	1850
CHC2	TEPOTINIB	0.934314	AUC	lower = more sensitive	4	10	1850
HCC1	TEPOTINIB	0.985229	AUC	lower = more sensitive	4	10	1850
HCC3	TEPOTINIB	0.942755	AUC	lower = more sensitive	4	10	1850
CC1	TRAMETINIB	0.887205	AUC	lower = more sensitive	4	0.1	1372
CHC1	TRAMETINIB	0.931195	AUC	lower = more sensitive	4	0.1	1372
CHC2	TRAMETINIB	0.959538	AUC	lower = more sensitive	4	0.1	1372
HCC1	TRAMETINIB	0.973943	AUC	lower = more sensitive	4	0.1	1372
HCC3	TRAMETINIB	0.941416	AUC	lower = more sensitive	4	0.1	1372
CC1	VORINOSTAT	0.876269	AUC	lower = more sensitive	4	5	1012
CHC1	VORINOSTAT	0.855354	AUC	lower = more sensitive	4	5	1012
CHC2	VORINOSTAT	0.879689	AUC	lower = more sensitive	4	5	1012
HCC1	VORINOSTAT	0.969659	AUC	lower = more sensitive	4	5	1012
HCC3	VORINOSTAT	0.783831	AUC	lower = more sensitive	4	5	1012
CC1	WNT-974	0.661851	AUC	lower = more sensitive	4	10	1598
CHC1	WNT-974	0.948739	AUC	lower = more sensitive	4	10	1598
CHC2	WNT-974	0.853307	AUC	lower = more sensitive	4	10	1598
HCC1	WNT-974	0.985963	AUC	lower = more sensitive	4	10	1598
HCC3	WNT-974	0.83197	AUC	lower = more sensitive	4	10	1598
CC1	ALECTINIB	3.07239	lnIC50	lower = more sensitive	4	4	1533
CHC1	ALECTINIB	4.50045	lnIC50	lower = more sensitive	4	4	1533
CHC2	ALECTINIB	3.59736	lnIC50	lower = more sensitive	4	4	1533
HCC1	ALECTINIB	3.45903	lnIC50	lower = more sensitive	4	4	1533
HCC3	ALECTINIB	3.90141	lnIC50	lower = more sensitive	4	4	1533
CC1	AXITINIB	3.8255	lnIC50	lower = more sensitive	4	10	1021
CHC1	AXITINIB	4.96846	lnIC50	lower = more sensitive	4	10	1021
CHC2	AXITINIB	2.90739	lnIC50	lower = more sensitive	4	10	1021
HCC1	AXITINIB	4.26062	lnIC50	lower = more sensitive	4	10	1021
HCC3	AXITINIB	2.7864	lnIC50	lower = more sensitive	4	10	1021
CC1	BIBR-1532	4.47182	lnIC50	lower = more sensitive	4	10	2043
CHC1	BIBR-1532	5.42649	lnIC50	lower = more sensitive	4	10	2043
CHC2	BIBR-1532	4.2169	lnIC50	lower = more sensitive	4	10	2043
HCC1	BIBR-1532	4.47975	lnIC50	lower = more sensitive	4	10	2043
HCC3	BIBR-1532	4.3572	lnIC50	lower = more sensitive	4	10	2043
CC1	CISPLATIN	3.53278	lnIC50	lower = more sensitive	4	4	1005
CHC1	CISPLATIN	4.39571	lnIC50	lower = more sensitive	4	4	1005
CHC2	CISPLATIN	2.31704	lnIC50	lower = more sensitive	4	4	1005
HCC1	CISPLATIN	3.44825	lnIC50	lower = more sensitive	4	4	1005
HCC3	CISPLATIN	2.87965	lnIC50	lower = more sensitive	4	4	1005
CC1	DABRAFENIB	4.19977	lnIC50	lower = more sensitive	4	10	1373
CHC1	DABRAFENIB	5.43833	lnIC50	lower = more sensitive	4	10	1373
CHC2	DABRAFENIB	3.92458	lnIC50	lower = more sensitive	4	10	1373
HCC1	DABRAFENIB	4.67821	lnIC50	lower = more sensitive	4	10	1373
HCC3	DABRAFENIB	4.88837	lnIC50	lower = more sensitive	4	10	1373
CC1	DASATINIB	1.21662	lnIC50	lower = more sensitive	4	2	1079
CHC1	DASATINIB	3.68177	lnIC50	lower = more sensitive	4	2	1079
CHC2	DASATINIB	1.61587	lnIC50	lower = more sensitive	4	2	1079
HCC1	DASATINIB	2.67593	lnIC50	lower = more sensitive	4	2	1079
HCC3	DASATINIB	2.46082	lnIC50	lower = more sensitive	4	2	1079
CC1	DELTARASIN	3.59273	lnIC50	lower = more sensitive	4	10	2042
CHC1	DELTARASIN	2.49441	lnIC50	lower = more sensitive	4	10	2042
CHC2	DELTARASIN	3.49829	lnIC50	lower = more sensitive	4	10	2042
HCC1	DELTARASIN	1.85813	lnIC50	lower = more sensitive	4	10	2042
HCC3	DELTARASIN	3.16112	lnIC50	lower = more sensitive	4	10	2042
CC1	DORAMAPIMOD	4.82515	lnIC50	lower = more sensitive	4	10	1042
CHC1	DORAMAPIMOD	4.85126	lnIC50	lower = more sensitive	4	10	1042
CHC2	DORAMAPIMOD	3.66675	lnIC50	lower = more sensitive	4	10	1042
HCC1	DORAMAPIMOD	4.58885	lnIC50	lower = more sensitive	4	10	1042
HCC3	DORAMAPIMOD	4.75033	lnIC50	lower = more sensitive	4	10	1042
CC1	DOXORUBICIN	2.70627	lnIC50	lower = more sensitive	4	1	1189
CHC1	DOXORUBICIN	1.85082	lnIC50	lower = more sensitive	4	1	1189
CHC2	DOXORUBICIN	0.294084	lnIC50	lower = more sensitive	4	1	1189
HCC1	DOXORUBICIN	1.15467	lnIC50	lower = more sensitive	4	1	1189
HCC3	DOXORUBICIN	0.132484	lnIC50	lower = more sensitive	4	1	1189
CC1	FLUOROURACIL	3.52599	lnIC50	lower = more sensitive	4	20	1073
CHC1	FLUOROURACIL	4.91082	lnIC50	lower = more sensitive	4	20	1073
CHC2	FLUOROURACIL	4.15687	lnIC50	lower = more sensitive	4	20	1073
HCC1	FLUOROURACIL	5.23435	lnIC50	lower = more sensitive	4	20	1073
HCC3	FLUOROURACIL	4.35753	lnIC50	lower = more sensitive	4	20	1073
CC1	GEMCITABINE	0.175228	lnIC50	lower = more sensitive	4	10	1190
CHC1	GEMCITABINE	3.30261	lnIC50	lower = more sensitive	4	10	1190
CHC2	GEMCITABINE	0.411568	lnIC50	lower = more sensitive	4	10	1190
HCC1	GEMCITABINE	3.29581	lnIC50	lower = more sensitive	4	10	1190
HCC3	GEMCITABINE	0.251199	lnIC50	lower = more sensitive	4	10	1190
CC1	GSK-126	3.56982	lnIC50	lower = more sensitive	4	10	2041
CHC1	GSK-126	4.76521	lnIC50	lower = more sensitive	4	10	2041
CHC2	GSK-126	3.54348	lnIC50	lower = more sensitive	4	10	2041
HCC1	GSK-126	4.03054	lnIC50	lower = more sensitive	4	10	2041
HCC3	GSK-126	5.31088	lnIC50	lower = more sensitive	4	10	2041
CC1	KU-55933	3.21292	lnIC50	lower = more sensitive	4	10	1030
CHC1	KU-55933	5.10018	lnIC50	lower = more sensitive	4	10	1030
CHC2	KU-55933	2.70118	lnIC50	lower = more sensitive	4	10	1030
HCC1	KU-55933	4.70939	lnIC50	lower = more sensitive	4	10	1030
HCC3	KU-55933	3.48894	lnIC50	lower = more sensitive	4	10	1030
CC1	LAPATINIB	2.65899	lnIC50	lower = more sensitive	4	10	1558
CHC1	LAPATINIB	3.97923	lnIC50	lower = more sensitive	4	10	1558
CHC2	LAPATINIB	4.07484	lnIC50	lower = more sensitive	4	10	1558
HCC1	LAPATINIB	3.53795	lnIC50	lower = more sensitive	4	10	1558
HCC3	LAPATINIB	3.09354	lnIC50	lower = more sensitive	4	10	1558
CC1	LY-2109761	3.76579	lnIC50	lower = more sensitive	4	5	1852
CHC1	LY-2109761	4.34521	lnIC50	lower = more sensitive	4	5	1852
CHC2	LY-2109761	3.15271	lnIC50	lower = more sensitive	4	5	1852
HCC1	LY-2109761	4.03491	lnIC50	lower = more sensitive	4	5	1852
HCC3	LY-2109761	4.35832	lnIC50	lower = more sensitive	4	5	1852
CC1	MK-2206	4.76465	lnIC50	lower = more sensitive	4	10	1053
CHC1	MK-2206	4.26929	lnIC50	lower = more sensitive	4	10	1053
CHC2	MK-2206	3.71669	lnIC50	lower = more sensitive	4	10	1053
HCC1	MK-2206	4.35815	lnIC50	lower = more sensitive	4	10	1053
HCC3	MK-2206	4.02102	lnIC50	lower = more sensitive	4	10	1053
CC1	NUTLIN-3A	4.09462	lnIC50	lower = more sensitive	4	10	1047
CHC1	NUTLIN-3A	4.03357	lnIC50	lower = more sensitive	4	10	1047
CHC2	NUTLIN-3A	4.09864	lnIC50	lower = more sensitive	4	10	1047
HCC1	NUTLIN-3A	4.45517	lnIC50	lower = more sensitive	4	10	1047
HCC3	NUTLIN-3A	3.05325	lnIC50	lower = more sensitive	4	10	1047
CC1	OLAPARIB	4.20011	lnIC50	lower = more sensitive	4	10	1017
CHC1	OLAPARIB	5.51254	lnIC50	lower = more sensitive	4	10	1017
CHC2	OLAPARIB	3.97526	lnIC50	lower = more sensitive	4	10	1017
HCC1	OLAPARIB	4.62487	lnIC50	lower = more sensitive	4	10	1017
HCC3	OLAPARIB	4.67549	lnIC50	lower = more sensitive	4	10	1017
CC1	OSI-027	2.65737	lnIC50	lower = more sensitive	4	10	1594
CHC1	OSI-027	3.7656	lnIC50	lower = more sensitive	4	10	1594
CHC2	OSI-027	3.80734	lnIC50	lower = more sensitive	4	10	1594
HCC1	OSI-027	2.372	lnIC50	lower = more sensitive	4	10	1594
HCC3	OSI-027	4.11313	lnIC50	lower = more sensitive	4	10	1594
CC1	PALBOCICLIB	4.28055	lnIC50	lower = more sensitive	4	4	1054
CHC1	PALBOCICLIB	4.80527	lnIC50	lower = more sensitive	4	4	1054
CHC2	PALBOCICLIB	3.58533	lnIC50	lower = more sensitive	4	4	1054
HCC1	PALBOCICLIB	3.65393	lnIC50	lower = more sensitive	4	4	1054
HCC3	PALBOCICLIB	4.12439	lnIC50	lower = more sensitive	4	4	1054
CC1	PD-173074	4.23277	lnIC50	lower = more sensitive	4	10	1049
CHC1	PD-173074	5.04744	lnIC50	lower = more sensitive	4	10	1049
CHC2	PD-173074	4.76252	lnIC50	lower = more sensitive	4	10	1049
HCC1	PD-173074	4.11558	lnIC50	lower = more sensitive	4	10	1049
HCC3	PD-173074	5.04168	lnIC50	lower = more sensitive	4	10	1049
CC1	SAPITINIB	2.12962	lnIC50	lower = more sensitive	4	5	1549
CHC1	SAPITINIB	3.78209	lnIC50	lower = more sensitive	4	5	1549
CHC2	SAPITINIB	2.7203	lnIC50	lower = more sensitive	4	5	1549
HCC1	SAPITINIB	0.975179	lnIC50	lower = more sensitive	4	5	1549
HCC3	SAPITINIB	2.90552	lnIC50	lower = more sensitive	4	5	1549
CC1	SCH-772984	1.73317	lnIC50	lower = more sensitive	4	10	1564
CHC1	SCH-772984	2.54048	lnIC50	lower = more sensitive	4	10	1564
CHC2	SCH-772984	4.80624	lnIC50	lower = more sensitive	4	10	1564
HCC1	SCH-772984	0.754518	lnIC50	lower = more sensitive	4	10	1564
HCC3	SCH-772984	1.64868	lnIC50	lower = more sensitive	4	10	1564
CC1	SORAFENIB	1.0131	lnIC50	lower = more sensitive	4	5	1085
CHC1	SORAFENIB	1.05086	lnIC50	lower = more sensitive	4	5	1085
CHC2	SORAFENIB	0.421013	lnIC50	lower = more sensitive	4	5	1085
HCC1	SORAFENIB	2.05867	lnIC50	lower = more sensitive	4	5	1085
HCC3	SORAFENIB	0.439038	lnIC50	lower = more sensitive	4	5	1085
CC1	TASELISIB	2.59611	lnIC50	lower = more sensitive	4	10	1561
CHC1	TASELISIB	0.764945	lnIC50	lower = more sensitive	4	10	1561
CHC2	TASELISIB	2.28697	lnIC50	lower = more sensitive	4	10	1561
HCC1	TASELISIB	1.76864	lnIC50	lower = more sensitive	4	10	1561
HCC3	TASELISIB	1.05618	lnIC50	lower = more sensitive	4	10	1561
CC1	TEPOTINIB	0.928128	lnIC50	lower = more sensitive	4	10	1850
CHC1	TEPOTINIB	5.56951	lnIC50	lower = more sensitive	4	10	1850
CHC2	TEPOTINIB	3.58523	lnIC50	lower = more sensitive	4	10	1850
HCC1	TEPOTINIB	4.67114	lnIC50	lower = more sensitive	4	10	1850
HCC3	TEPOTINIB	4.96043	lnIC50	lower = more sensitive	4	10	1850
CC1	TRAMETINIB	-1.1531	lnIC50	lower = more sensitive	4	0.1	1372
CHC1	TRAMETINIB	0.180391	lnIC50	lower = more sensitive	4	0.1	1372
CHC2	TRAMETINIB	-0.254132	lnIC50	lower = more sensitive	4	0.1	1372
HCC1	TRAMETINIB	-0.562506	lnIC50	lower = more sensitive	4	0.1	1372
HCC3	TRAMETINIB	0.290093	lnIC50	lower = more sensitive	4	0.1	1372
CC1	VORINOSTAT	2.50156	lnIC50	lower = more sensitive	4	5	1012
CHC1	VORINOSTAT	2.32168	lnIC50	lower = more sensitive	4	5	1012
CHC2	VORINOSTAT	1.84899	lnIC50	lower = more sensitive	4	5	1012
HCC1	VORINOSTAT	3.17181	lnIC50	lower = more sensitive	4	5	1012
HCC3	VORINOSTAT	1.13959	lnIC50	lower = more sensitive	4	5	1012
CC1	WNT-974	0.413448	lnIC50	lower = more sensitive	4	10	1598
CHC1	WNT-974	5.42354	lnIC50	lower = more sensitive	4	10	1598
CHC2	WNT-974	2.16556	lnIC50	lower = more sensitive	4	10	1598
HCC1	WNT-974	4.72573	lnIC50	lower = more sensitive	4	10	1598
HCC3	WNT-974	2.49843	lnIC50	lower = more sensitive	4	10	1598
