	proximity_z	selection_freq	sign_agreement	mean_coef	jackknife_retention	freq_current_ssgsea	coef_current_ssgsea	freq_current_rank	coef_current_rank	patient_adj_HR	patient_adj_p	patient_direction_agrees	consistent_across_versions	checks_passed	tier
REACTOME_ACTIVATION_OF_BH3_ONLY_PROTEINS	-1.28565891176	0.85125	1.0	-0.3466991145155909	0.9473684210526315	0.85125	-0.3466991145155909	0.8675	-0.3986275038232915	0.7982814923110582	0.3730084679633243	True	True	5	robust
REACTOME_HYALURONAN_UPTAKE_AND_DEGRADATION	-2.32834501542	0.72875	1.0	0.33410928938536666	1.0	0.72875	0.33410928938536666	0.81	0.36252885918923283	1.2528917377006732	0.6213646782044491	True	True	5	robust
REACTOME_REVERSIBLE_HYDRATION_OF_CARBON_DIOXIDE	-1.62778567439	0.70125	1.0	0.2628666118827636	0.8947368421052632	0.70125	0.2628666118827636	0.88	0.3374436200658794	1.348291201403011	0.2773766161512934	True	True	5	robust
REACTOME_AMINO_ACID_SYNTHESIS_AND_INTERCONVERSION_TRANSAMINATION	-2.05704729514	0.455	1.0	-0.14866166158306246	0.15789473684210525	0.455	-0.14866166158306246	0.44125	-0.17436722296209836	1.2194958434517695	0.5774079030362635	False	True	2	fragile
REACTOME_UNWINDING_OF_DNA	-1.33530107691	0.3775	1.0	-0.21053223376915203	0.05263157894736842	0.3775	-0.21053223376915203	0.35875	-0.2163974619766351	0.5678345961688052	0.18675552030723952	True	False	2	fragile
REACTOME_PURINE_RIBONUCLEOSIDE_MONOPHOSPHATE_BIOSYNTHESIS	-2.00236261748	0.35	1.0	-0.17761357662431793	0.05263157894736842	0.35	-0.17761357662431793	0.3375	-0.19235020283907078	0.6517289692209403	0.19636959079269045	True	False	2	fragile
REACTOME_RECRUITMENT_OF_NUMA_TO_MITOTIC_CENTROSOMES	-1.60609070493	0.2775	1.0	0.10592172649497433	0.0	0.2775	0.10592172649497433			1.3530883655862522	0.5823251727159271	True	False	2	fragile
REACTOME_ENDOSOMAL_SORTING_COMPLEX_REQUIRED_FOR_TRANSPORT_ESCRT	-1.66597476991	0.27	0.9907407407407407	-0.10282759029050254	0.0	0.27	-0.10282759029050254	0.33875	-0.16049560346779498	0.9449197791612989	0.8778270278844473	True	False	2	fragile
REACTOME_REMOVAL_OF_THE_FLAP_INTERMEDIATE_FROM_THE_C_STRAND	-1.42197083303	0.16	1.0	-0.15262931689331338	0.0	0.16	-0.15262931689331338			0.9749857760937471	0.9646425452908814	True	False	2	fragile
REACTOME_EARLY_PHASE_OF_HIV_LIFE_CYCLE	-1.64883489309	0.12375	1.0	0.09319600668150912	0.0	0.12375	0.09319600668150912	0.18	0.05469942077606401	1.9360238837398518	0.19605004264814974	True	False	2	fragile
REACTOME_PURINE_CATABOLISM	-2.12728482563	0.12125	1.0	0.13066217346291428	0.0	0.12125	0.13066217346291428	0.02	0.06179818748579833	1.9779639447999784	0.07900410743042062	True	False	2	fragile
REACTOME_E2F_MEDIATED_REGULATION_OF_DNA_REPLICATION	-2.55936486986	0.1125	1.0	-0.13628761987892404	0.0	0.1125	-0.13628761987892404	0.22	-0.16804678190448516	0.5613930463014047	0.1507549650800874	True	False	2	fragile
REACTOME_CDC6_ASSOCIATION_WITH_THE_ORC_ORIGIN_COMPLEX	-2.00656432967	0.10125	1.0	-0.13229964404824096	0.0	0.10125	-0.13229964404824096	0.25	-0.16814716305166544	0.49415224415969283	0.07393619378243882	True	False	2	fragile
REACTOME_G1_S_SPECIFIC_TRANSCRIPTION	-2.80261638334	0.09375	1.0	-0.13522595883889837	0.0	0.09375	-0.13522595883889837	0.25625	-0.18076180094986982	0.5727713398021521	0.17506644812923255	True	False	2	fragile
REACTOME_VITAMIN_B5_PANTOTHENATE_METABOLISM	-2.40418962615	0.0725	1.0	-0.05196094112441297	0.0	0.0725	-0.05196094112441297	0.0775	-0.043878160703468796	0.6770592592069046	0.5003641913388452	True	False	2	fragile
REACTOME_G1_S_TRANSITION	-3.90039790592	0.065	1.0	-0.12292570633009112	0.0	0.065	-0.12292570633009112	0.07875	-0.10570580950055194	0.5979928131045433	0.24840307917500815	True	False	2	fragile
REACTOME_ASSOCIATION_OF_LICENSING_FACTORS_WITH_THE_PRE_REPLICATIVE_COMPLEX	-1.45487243793	0.0525	1.0	-0.09619727811921339	0.0	0.0525	-0.09619727811921339	0.24625	-0.18250650929836038	0.43991023073345537	0.05644748741043393	True	False	2	fragile
REACTOME_MITOTIC_G1_G1_S_PHASES	-4.26423187331	0.0175	1.0	-0.07994598843478082	0.0	0.0175	-0.07994598843478082	0.01125	-0.037404361598189925	0.6229884568529476	0.29251425772721673	True	False	2	fragile
REACTOME_CELL_CYCLE_MITOTIC	-3.26013744329	0.00875	1.0	-0.06120397430738445	0.0	0.00875	-0.06120397430738445	0.02375	-0.02968956875307429	0.591205068119649	0.21496443742019689	True	False	2	fragile
REACTOME_CELL_CYCLE	-3.41441471531	0.00625	1.0	-0.06256639282384899	0.0	0.00625	-0.06256639282384899	0.015	-0.02339586447565027	0.5700921361885133	0.16644687662458002	True	False	2	fragile
REACTOME_E2F_ENABLED_INHIBITION_OF_PRE_REPLICATION_COMPLEX_FORMATION	-1.75123091862	0.00125	1.0	-0.04063834823937804	0.0	0.00125	-0.04063834823937804	0.05	0.007882436173479777	0.5578562280163271	0.12370996516752297	True	False	2	fragile
REACTOME_ABACAVIR_TRANSPORT_AND_METABOLISM	-2.20135540156	0.4275	1.0	0.20738246961223059	0.15789473684210525	0.4275	0.20738246961223059			0.7691917797463208	0.6154920939926483	False	False	1	fragile
REACTOME_PYRIMIDINE_CATABOLISM	-1.93622976775	0.275	1.0	-0.13298196970864462	0.05263157894736842	0.275	-0.13298196970864462	0.1325	-0.03860400216270354	1.6341710091422024	0.18102213639037912	False	False	1	fragile
REACTOME_SULFUR_AMINO_ACID_METABOLISM	-2.67069147041	0.2425	0.9896907216494846	-0.10705250846925361	0.05263157894736842	0.2425	-0.10705250846925361	0.05625	-0.0219627707630806	1.3558865231956216	0.46789179982924956	False	False	1	fragile
REACTOME_INHIBITION_OF_REPLICATION_INITIATION_OF_DAMAGED_DNA_BY_RB1_E2F1	-1.32471442015	0.19	1.0	0.10563133642540738	0.0	0.19	0.10563133642540738			0.5333709985742292	0.16551475828294715	False	False	1	fragile
REACTOME_PURINE_SALVAGE	-2.24609207486	0.19	1.0	0.1315893767759244	0.0	0.19	0.1315893767759244	0.1525	0.11063863095055625	0.9102528776270724	0.8750579494117325	False	False	1	fragile
REACTOME_ENOS_ACTIVATION_AND_REGULATION	-1.30768004507	0.10625	1.0	-0.08853529585983039	0.0	0.10625	-0.08853529585983039	0.08	-0.06565186168093694	1.4907389283802852	0.34729609339416756	False	False	1	fragile
REACTOME_PYRIMIDINE_METABOLISM	-3.41730609843	0.1	1.0	-0.04468034326020751	0.0	0.1	-0.04468034326020751	0.08625	-0.061032043802119684	2.2607473977458503	0.13697507289254976	False	False	1	fragile
REACTOME_HYALURONAN_METABOLISM	-2.32829842696	0.09125	0.6438356164383562	0.08348090357991524	0.0	0.09125	0.08348090357991524	0.075	0.05224281088504925	1.552652888466794	0.25934482752305443	True	False	1	fragile
REACTOME_TETRAHYDROBIOPTERIN_BH4_SYNTHESIS_RECYCLING_SALVAGE_AND_REGULATION	-1.53901660403	0.08875	0.8873239436619719	-0.03756916859328619	0.0	0.08875	-0.03756916859328619	0.06875	-0.08632817776590701	0.6906867287521715	0.6369476945763632	True	False	1	fragile
REACTOME_BASE_EXCISION_REPAIR	-1.42168994013	0.06875	1.0	0.07791294687558566	0.0	0.06875	0.07791294687558566	0.39625	0.16170430221738216	0.7903385182143866	0.5993432935670099	False	False	1	fragile
REACTOME_METABOLISM_OF_NUCLEOTIDES	-2.69671031236	0.06125	0.7551020408163265	0.0610351957825673	0.0	0.06125	0.0610351957825673	0.0475	0.007291561496123549	1.1696918097453453	0.7960824013093283	True	False	1	fragile
REACTOME_PURINE_METABOLISM	-1.32758370183	0.03625	0.8620689655172413	0.07590786045805326	0.0	0.03625	0.07590786045805326	0.0075	0.03763353293281664	1.1892419690058607	0.7664472570546796	True	False	1	fragile
REACTOME_METABOLISM_OF_VITAMINS_AND_COFACTORS	-1.85635213425	0.01375	0.2727272727272727	-0.0012897030491598226	0.0	0.01375	-0.0012897030491598226	0.175	-0.0512296550256158	0.6472600625933901	0.30500633244661757	True	False	1	fragile
REACTOME_G2_M_DNA_DAMAGE_CHECKPOINT	-1.58524326361	0.0	0.0	-0.015195996142707491	0.0	0.0	-0.015195996142707491	0.04	-0.013866278149210267	0.8262901163418941	0.6043399502260303	True	False	1	fragile
REACTOME_SYNTHESIS_AND_INTERCONVERSION_OF_NUCLEOTIDE_DI_AND_TRIPHOSPHATES	-1.54996334889	0.15375	0.7886178861788617	0.00042710976850826197	0.0	0.15375	0.00042710976850826197	0.0625	0.051587870553333186	0.6573188782538307	0.3387123879416112	False	False	0	fragile
REACTOME_RESOLUTION_OF_AP_SITES_VIA_THE_MULTIPLE_NUCLEOTIDE_PATCH_REPLACEMENT_PATHWAY	-1.53491318342	0.0075	0.6666666666666666	0.03504622177336162	0.0	0.0075	0.03504622177336162	0.1575	0.09674646993609072	0.7608204190427856	0.5853296485007621	False	False	0	fragile
