gsm	title	array_barcode	sample
GSM1986260	CRC0014-B-1	5688887025_K	CRC0014LM
GSM1986261	CRC0014-A-1	5688887025_L	CRC0014LM
GSM1986262	CRC0018-B-1	7927520027_A	CRC0018LM
GSM1986263	CRC0018-B-2	7927520027_B	CRC0018LM
GSM1986264	CRC0019-B-1	7935440035_E	CRC0019LM
GSM1986265	CRC0019-A-1	7935440035_F	CRC0019LM
GSM1986266	CRC0021-B-2	5688887025_I	CRC0021LM
GSM1986267	CRC0021-B-1	5688887025_J	CRC0021LM
GSM1986268	CRC0022-B-1	8803828062_C	CRC0022LM
GSM1986269	CRC0022-B-2	8803828062_D	CRC0022LM
GSM1986270	CRC0024-A-1	9031292069_A	CRC0024LM
GSM1986271	CRC0025-B-1	7196780098_C	CRC0025LM
GSM1986272	CRC0025-B-2	7196780098_D	CRC0025LM
GSM1986273	CRC0027-B-1	7196780065_K	CRC0027LM
GSM1986274	CRC0027-A-1	7196780065_L	CRC0027LM
GSM1986275	CRC0028-B-1	7196780065_I	CRC0028LM
GSM1986276	CRC0028-A-1	7196780065_J	CRC0028LM
GSM1986277	CRC0029-A-1	9031292069_E	CRC0029LM
GSM1986278	CRC0029-B-1	9031292069_F	CRC0029LM
GSM1986279	CRC0030-A-1	7927520027_I	CRC0030LM
GSM1986280	CRC0030-B-1	7927520027_J	CRC0030LM
GSM1986281	CRC0031-B-2	8803828060_A	CRC0031LM
GSM1986282	CRC0031-A-2	8803828060_B	CRC0031LM
GSM1986283	CRC0031-A-1	5557641028_G	CRC0031LM
GSM1986284	CRC0031-B-1	5557641028_H	CRC0031LM
GSM1986285	CRC0032-A-1	6898368009_H	CRC0032LM
GSM1986286	CRC0032-B-1	6898368009_G	CRC0032LM
GSM1986287	CRC0050-A-1	6898368019_K	CRC0050LM
GSM1986288	CRC0050-A-2	6898368019_L	CRC0050LM
GSM1986289	CRC0051-A-2	6898368019_A	CRC0051LM
GSM1986290	CRC0051-A-1	6898368019_B	CRC0051LM
GSM1986291	CRC0053-A-1	7196780098_G	CRC0053LM
GSM1986292	CRC0053-B-2	7196780098_H	CRC0053LM
GSM1986293	CRC0053-B-3	5557641029_E	CRC0053LM
GSM1986294	CRC0053-B-1	5557641029_H	CRC0053LM
GSM1986295	CRC0054-B-1	6898368034_C	CRC0054LM
GSM1986296	CRC0054-A-1	6898368034_D	CRC0054LM
GSM1986297	CRC0055-A-1	6898368051_K	CRC0055LM
GSM1986298	CRC0055-B-1	6898368051_L	CRC0055LM
GSM1986299	CRC0056-B-1	5688887025_B	CRC0056LM
GSM1986300	CRC0056-A-1	5688887025_A	CRC0056LM
GSM1986301	CRC0057-A-1	5688887010_A	CRC0057LM
GSM1986302	CRC0057-B-1	5688887010_B	CRC0057LM
GSM1986303	CRC0058-A-1	7927520043_E	CRC0058LM
GSM1986304	CRC0058-B-1	7927520043_F	CRC0058LM
GSM1986305	CRC0059-B-2	5753677162_E	CRC0059LM
GSM1986306	CRC0059-A-1	5753677162_F	CRC0059LM
GSM1986307	CRC0059-B-1	5557641029_C	CRC0059LM
GSM1986308	CRC0059-B-3	5557641029_D	CRC0059LM
GSM1986309	CRC0060-A-1	5688887008_I	CRC0060LM
GSM1986310	CRC0060-B-1	5688887008_J	CRC0060LM
GSM1986311	CRC0061-A-1	5753677162_G	CRC0061LM
GSM1986312	CRC0061-B-1	5753677162_H	CRC0061LM
GSM1986313	CRC0062-B-1	5753677162_K	CRC0062LM
GSM1986314	CRC0062-A-1	5753677162_L	CRC0062LM
GSM1986315	CRC0063-B-1	7196780065_B	CRC0063LM
GSM1986316	CRC0063-A-1	7196780065_A	CRC0063LM
GSM1986317	CRC0064-B-1	6898368004_A	CRC0064LM
GSM1986318	CRC0064-A-1	6898368004_B	CRC0064LM
GSM1986319	CRC0065-B-2	8803801059_J	CRC0065LM
GSM1986320	CRC0065-B-1	8803801059_I	CRC0065LM
GSM1986321	CRC0066-A-1	5753677162_C	CRC0066LM
GSM1986322	CRC0066-B-1	5753677162_D	CRC0066LM
GSM1986323	CRC0067-B-2	7196780035_A	CRC0067LM
GSM1986324	CRC0067-B-1	7196780035_B	CRC0067LM
GSM1986325	CRC0068-A-2	7935440035_I	CRC0068LM
GSM1986326	CRC0068-A-1	7935440035_J	CRC0068LM
GSM1986327	CRC0069-B-1	5753677162_B	CRC0069LM
GSM1986328	CRC0069-A-1	5753677162_A	CRC0069LM
GSM1986329	CRC0070-B-1	7196780056_F	CRC0070LM
GSM1986330	CRC0070-A-1	7196780056_E	CRC0070LM
GSM1986331	CRC0071-A-1	7196780098_B	CRC0071LM
GSM1986332	CRC0071-B-1	7196780098_A	CRC0071LM
GSM1986333	CRC0072-A-1	5688887008_K	CRC0072LM
GSM1986334	CRC0072-B-1	5688887008_L	CRC0072LM
GSM1986335	CRC0073-B-1	5688887031_A	CRC0073LM
GSM1986336	CRC0073-A-1	5688887031_B	CRC0073LM
GSM1986337	CRC0076-B-2	5688887010_K	CRC0076LM
GSM1986338	CRC0076-B-1	5688887010_L	CRC0076LM
GSM1986339	CRC0077-A-1	5688887025_E	CRC0077LM
GSM1986340	CRC0077-B-1	5688887025_F	CRC0077LM
GSM1986341	CRC0078-A-1	6898368009_K	CRC0078LM
GSM1986342	CRC0078-B-1	6898368009_L	CRC0078LM
GSM1986343	CRC0079-A-2	8803828062_E	CRC0079LM
GSM1986344	CRC0079-A-1	8803828062_F	CRC0079LM
GSM1986345	CRC0080-B-1	7196780098_E	CRC0080LM
GSM1986346	CRC0080-A-1	7196780098_F	CRC0080LM
GSM1986347	CRC0081-B-1	7196780028_E	CRC0081LM
GSM1986348	CRC0081-A-1	7196780028_F	CRC0081LM
GSM1986349	CRC0082-B-1	8803828062_G	CRC0082LM
GSM1986350	CRC0082-A-1	8803828062_H	CRC0082LM
GSM1986351	CRC0085-A-1	6898368019_I	CRC0085LM
GSM1986352	CRC0085-B-1	6898368019_J	CRC0085LM
GSM1986353	CRC0086-A-1	5688887025_C	CRC0086LM
GSM1986354	CRC0086-B-1	5688887025_D	CRC0086LM
GSM1986355	CRC0094-B-1	5688887010_H	CRC0094LM
GSM1986356	CRC0094-A-1	5688887010_G	CRC0094LM
GSM1986357	CRC0095-B-1	6898368009_F	CRC0095LM
GSM1986358	CRC0095-A-1	6898368009_E	CRC0095LM
GSM1986359	CRC0096-A-1	5688887008_F	CRC0096LM
GSM1986360	CRC0096-B-1	5688887008_E	CRC0096LM
GSM1986361	CRC0097-B-2	7927520027_G	CRC0097LM
GSM1986362	CRC0097-B-1	7927520027_H	CRC0097LM
GSM1986363	CRC0098-A-1	5688887008_G	CRC0098LM
GSM1986364	CRC0098-B-1	5688887008_H	CRC0098LM
GSM1986365	CRC0099-A-1	6898368009_I	CRC0099LM
GSM1986366	CRC0099-B-1	6898368009_J	CRC0099LM
GSM1986367	CRC0100-A-2	5688887009_A	CRC0100LM
GSM1986368	CRC0100-B-1	5688887009_B	CRC0100LM
GSM1986369	CRC0100-A-1	5557641028_I	CRC0100LM
GSM1986370	CRC0100-B-2	5557641028_J	CRC0100LM
GSM1986371	CRC0101-A-1	7196780028_G	CRC0101LM
GSM1986372	CRC0101-B-1	7196780028_H	CRC0101LM
GSM1986373	CRC0102-B-2	7935440035_C	CRC0102LM
GSM1986374	CRC0102-B-1	7935440035_D	CRC0102LM
GSM1986375	CRC0103-B-1	6898368004_E	CRC0103LM
GSM1986376	CRC0103-B-2	6898368004_F	CRC0103LM
GSM1986377	CRC0104-B-1	7196780056_A	CRC0104LM
GSM1986378	CRC0104-A-1	7196780056_B	CRC0104LM
GSM1986379	CRC0105-B-1	7196780065_E	CRC0105LM
GSM1986380	CRC0105-A-1	7196780065_F	CRC0105LM
GSM1986381	CRC0106-B-1	9967501046_A	CRC0106LM
GSM1986382	CRC0106-B-2	9967501046_B	CRC0106LM
GSM1986383	CRC0108-B-2	7927520043_K	CRC0108LM
GSM1986384	CRC0108-B-1	7927520043_L	CRC0108LM
GSM1986385	CRC0109-A-2	5688887025_G	CRC0109LM
GSM1986386	CRC0109-A-1	5688887025_H	CRC0109LM
GSM1986387	CRC0110-A-1	6898368004_G	CRC0110LM
GSM1986388	CRC0110-B-1	6898368004_H	CRC0110LM
GSM1986389	CRC0112-A-1	5688887009_C	CRC0112LM
GSM1986390	CRC0112-B-1	5688887009_D	CRC0112LM
GSM1986391	CRC0113-B-1	7196780028_A	CRC0113LM
GSM1986392	CRC0113-B-2	7196780028_B	CRC0113LM
GSM1986393	CRC0114-A-1	5688887010_I	CRC0114LM
GSM1986394	CRC0114-B-2	5688887010_J	CRC0114LM
GSM1986395	CRC0114-B-1	8981245029_D	CRC0114LM
GSM1986396	CRC0115-A-1	5753677155_C	CRC0115LM
GSM1986397	CRC0115-B-1	5753677155_D	CRC0115LM
GSM1986398	CRC0116-A-1	5688887010_C	CRC0116LM
GSM1986399	CRC0116-B-1	5688887010_D	CRC0116LM
GSM1986400	CRC0117-B-1	7196780056_C	CRC0117LM
GSM1986401	CRC0117-A-1	7196780056_D	CRC0117LM
GSM1986402	CRC0118-A-2	7196780035_C	CRC0118LM
GSM1986403	CRC0118-A-1	7196780035_D	CRC0118LM
GSM1986404	CRC0119-A-1	6898368034_K	CRC0119LM
GSM1986405	CRC0119-B-1	6898368034_L	CRC0119LM
GSM1986406	CRC0120-A-1	5688887009_K	CRC0120LM
GSM1986407	CRC0120-B-1	5688887009_L	CRC0120LM
GSM1986408	CRC0121-A-1	7927520043_H	CRC0121LM
GSM1986409	CRC0121-B-1	7927520043_G	CRC0121LM
GSM1986410	CRC0123-A-1	5688887031_I	CRC0123LM
GSM1986411	CRC0123-B-1	5688887031_J	CRC0123LM
GSM1986412	CRC0124-B-1	5688887009_E	CRC0124LM
GSM1986413	CRC0124-A-1	5688887009_F	CRC0124LM
GSM1986414	CRC0125-B-2	5753677162_I	CRC0125LM
GSM1986415	CRC0125-A-1	5753677162_J	CRC0125LM
GSM1986416	CRC0125-B-1	5557641028_K	CRC0125LM
GSM1986417	CRC0125-A-2	5557641028_L	CRC0125LM
GSM1986418	CRC0126-B-1	5688887008_C	CRC0126LM
GSM1986419	CRC0126-A-1	5688887008_D	CRC0126LM
GSM1986420	CRC0127-B-1	6898368004_J	CRC0127LM
GSM1986421	CRC0127-A-1	6898368004_I	CRC0127LM
GSM1986422	CRC0128-A-1	9031292069_I	CRC0128LM
GSM1986423	CRC0128-A-2	9031292069_J	CRC0128LM
GSM1986424	CRC0129-A-1	7927520043_I	CRC0129LM
GSM1986425	CRC0129-B-1	7927520043_J	CRC0129LM
GSM1986426	CRC0130-B-1	5688887031_H	CRC0130LM
GSM1986427	CRC0130-A-1	5688887031_G	CRC0130LM
GSM1986428	CRC0131-A-2	7196780028_I	CRC0131LM
GSM1986429	CRC0131-A-1	7196780028_J	CRC0131LM
GSM1986430	CRC0133-A-1	5688887010_E	CRC0133LM
GSM1986431	CRC0133-B-1	5688887010_F	CRC0133LM
GSM1986432	CRC0134-B-1	7196780065_H	CRC0134LM
GSM1986433	CRC0134-A-1	7196780065_G	CRC0134LM
GSM1986434	CRC0135-B-1	6898368040_K	CRC0135LM
GSM1986435	CRC0135-A-1	6898368040_L	CRC0135LM
GSM1986436	CRC0136-B-1	6898368009_A	CRC0136LM
GSM1986437	CRC0136-B-2	6898368009_B	CRC0136LM
GSM1986438	CRC0137-A-1	5753677155_J	CRC0137LM
GSM1986439	CRC0137-B-1	5753677155_K	CRC0137LM
GSM1986440	CRC0138-B-1	5688887031_C	CRC0138LM
GSM1986441	CRC0138-A-1	5688887031_D	CRC0138LM
GSM1986442	CRC0139-A-2	7196780098_J	CRC0139LM
GSM1986443	CRC0139-A-1	7196780098_I	CRC0139LM
GSM1986444	CRC0140-B-1	5688887031_E	CRC0140LM
GSM1986445	CRC0140-A-1	5688887031_F	CRC0140LM
GSM1986446	CRC0141-B-1	6898368051_G	CRC0141LM
GSM1986447	CRC0141-A-1	6898368051_H	CRC0141LM
GSM1986448	CRC0143-B-1	7196780028_C	CRC0143LM
GSM1986449	CRC0143-B-2	7196780028_D	CRC0143LM
GSM1986450	CRC0144-B-1	6898368031_I	CRC0144LM
GSM1986451	CRC0144-A-1	6898368031_J	CRC0144LM
GSM1986452	CRC0145-B-1	5688887008_B	CRC0145LM
GSM1986453	CRC0145-A-1	5688887008_A	CRC0145LM
GSM1986454	CRC0146-A-1	5688887009_G	CRC0146LM
GSM1986455	CRC0146-B-1	5688887009_H	CRC0146LM
GSM1986456	CRC0147-B-1	5753685002_G	CRC0147LM
GSM1986457	CRC0147-A-1	5753685002_H	CRC0147LM
GSM1986458	CRC0148-B-1	6898368051_I	CRC0148LM
GSM1986459	CRC0148-A-1	6898368051_J	CRC0148LM
GSM1986460	CRC0149-A-1	6898368004_K	CRC0149LM
GSM1986461	CRC0149-B-1	6898368004_L	CRC0149LM
GSM1986462	CRC0150-A-1	7196780035_I	CRC0150LM
GSM1986463	CRC0150-B-1	7196780035_J	CRC0150LM
GSM1986464	CRC0151-A-1	5688887009_J	CRC0151LM
GSM1986465	CRC0152-B-1	6898368009_C	CRC0152LM
GSM1986466	CRC0152-B-2	6898368009_D	CRC0152LM
GSM1986467	CRC0153-B-1	7927520027_L	CRC0153LM
GSM1986468	CRC0153-A-1	7927520027_K	CRC0153LM
GSM1986469	CRC0154-A-2	6898368031_K	CRC0154LM
GSM1986470	CRC0154-A-1	6898368031_L	CRC0154LM
GSM1986471	CRC0155-A-1	7196780056_K	CRC0155LM
GSM1986472	CRC0155-B-1	7196780056_L	CRC0155LM
GSM1986473	CRC0156-A-2	6898368031_G	CRC0156LM
GSM1986474	CRC0156-A-1	6898368031_H	CRC0156LM
GSM1986475	CRC0157-A-1	8803828041_I	CRC0157LM
GSM1986476	CRC0157-A-2	8803828041_J	CRC0157LM
GSM1986477	CRC0158-A-2	6898368051_A	CRC0158LM
GSM1986478	CRC0158-A-1	6898368051_B	CRC0158LM
GSM1986479	CRC0159-A-1	7196780098_L	CRC0159LM
GSM1986480	CRC0159-A-2	5753677155_I	CRC0159LM
GSM1986481	CRC0160-A-1	5688887031_K	CRC0160LM
GSM1986482	CRC0160-B-1	5688887031_L	CRC0160LM
GSM1986483	CRC0161-A-2	6898368034_F	CRC0161LM
GSM1986484	CRC0161-A-1	6898368034_E	CRC0161LM
GSM1986485	CRC0162-B-1	8803828041_H	CRC0162LM
GSM1986486	CRC0162-B-2	8803828041_G	CRC0162LM
GSM1986487	CRC0165-B-1	6898368051_C	CRC0165LM
GSM1986488	CRC0165-A-1	6898368051_D	CRC0165LM
GSM1986489	CRC0166-B-1	7935440035_K	CRC0166LM
GSM1986490	CRC0166-A-1	7935440035_L	CRC0166LM
GSM1986491	CRC0167-B-1	7935440035_G	CRC0167LM
GSM1986492	CRC0167-A-1	7935440035_H	CRC0167LM
GSM1986493	CRC0168-A-1	6898368034_I	CRC0168LM
GSM1986494	CRC0168-B-1	6898368034_J	CRC0168LM
GSM1986495	CRC0169-B-1	6898368040_I	CRC0169LM
GSM1986496	CRC0169-A-1	6898368040_J	CRC0169LM
GSM1986497	CRC0170-B-1	6898368004_C	CRC0170LM
GSM1986498	CRC0170-A-1	6898368004_D	CRC0170LM
GSM1986499	CRC0171-B-2	7196780056_G	CRC0171LM
GSM1986500	CRC0171-B-1	7196780056_H	CRC0171LM
GSM1986501	CRC0173-B-1	8803828062_I	CRC0173LM
GSM1986502	CRC0173-B-2	8803828062_J	CRC0173LM
GSM1986503	CRC0174-A-1	7196780035_K	CRC0174LM
GSM1986504	CRC0174-B-1	7196780035_L	CRC0174LM
GSM1986505	CRC0175-B-1	6898368031_C	CRC0175LM
GSM1986506	CRC0175-A-1	6898368031_D	CRC0175LM
GSM1986507	CRC0176-B-1	8803828041_K	CRC0176LM
GSM1986508	CRC0176-A-1	8803828041_L	CRC0176LM
GSM1986509	CRC0177-A-1	8981245029_A	CRC0177LM
GSM1986510	CRC0177-A-2	8981245029_B	CRC0177LM
GSM1986511	CRC0177-B-1	8981245029_C	CRC0177LM
GSM1986512	CRC0178-B-1	6898368031_E	CRC0178LM
GSM1986513	CRC0178-B-2	6898368031_F	CRC0178LM
GSM1986514	CRC0179-A-1	5753677155_E	CRC0179LM
GSM1986515	CRC0179-B-1	5753677155_F	CRC0179LM
GSM1986516	CRC0184-A-1	6898368051_E	CRC0184LM
GSM1986517	CRC0184-B-1	6898368051_F	CRC0184LM
GSM1986518	CRC0185-B-1	5753685002_A	CRC0185LM
GSM1986519	CRC0185-B-2	5753685002_B	CRC0185LM
GSM1986520	CRC0186-A-1	5753685002_C	CRC0186LM
GSM1986521	CRC0186-B-1	5753685002_D	CRC0186LM
GSM1986522	CRC0187-A-1	6898368007_C	CRC0187LM
GSM1986523	CRC0187-B-1	6898368007_D	CRC0187LM
GSM1986524	CRC0188-A-2	8803828060_J	CRC0188LM
GSM1986525	CRC0188-A-1	8803828060_I	CRC0188LM
GSM1986526	CRC0190-B-1	5753685002_K	CRC0190LM
GSM1986527	CRC0190-A-1	5753685002_L	CRC0190LM
GSM1986528	CRC0196-B-1	7196780056_I	CRC0196LM
GSM1986529	CRC0196-B-2	7196780056_J	CRC0196LM
GSM1986530	CRC0197-B-1	6898368007_L	CRC0197LM
GSM1986531	CRC0197-A-1	6898368007_K	CRC0197LM
GSM1986532	CRC0198-B-1	9031292069_G	CRC0198LM
GSM1986533	CRC0198-A-1	9031292069_H	CRC0198LM
GSM1986534	CRC0199-B-1	5753685002_E	CRC0199LM
GSM1986535	CRC0199-B-2	5753685002_F	CRC0199LM
GSM1986536	CRC0202-B-1	6898368007_J	CRC0202LM
GSM1986537	CRC0202-A-1	6898368007_I	CRC0202LM
GSM1986538	CRC0204-A-1	7196780098_K	CRC0204LM
GSM1986539	CRC0204-B-1	5753677155_L	CRC0204LM
GSM1986540	CRC0207-A-1	7935440035_A	CRC0207LM
GSM1986541	CRC0207-A-2	7935440035_B	CRC0207LM
GSM1986542	CRC0214-B-1	7196780035_G	CRC0214LM
GSM1986543	CRC0214-A-1	7196780035_H	CRC0214LM
GSM1986544	CRC0216-B-1	7196780028_K	CRC0216LM
GSM1986545	CRC0216-A-1	7196780028_L	CRC0216LM
GSM1986546	CRC0217-B-1	6898368019_F	CRC0217LM
GSM1986547	CRC0217-A-1	6898368019_E	CRC0217LM
GSM1986548	CRC0218-B-1	8803828041_A	CRC0218LM
GSM1986549	CRC0218-A-1	8803828041_B	CRC0218LM
GSM1986550	CRC0219-A-1	6898368040_A	CRC0219LM
GSM1986551	CRC0219-A-2	6898368031_B	CRC0219LM
GSM1986552	CRC0219-B-1	6898368031_A	CRC0219LM
GSM1986553	CRC0221-B-2	7196780065_D	CRC0221LM
GSM1986554	CRC0221-B-1	7196780065_C	CRC0221LM
GSM1986555	CRC0229-B-1	6898368019_G	CRC0229LM
GSM1986556	CRC0229-A-1	6898368019_H	CRC0229LM
GSM1986557	CRC0231-A-1	6898368007_E	CRC0231LM
GSM1986558	CRC0231-A-2	6898368007_F	CRC0231LM
GSM1986559	CRC0237-A-2	7927520027_E	CRC0237LM
GSM1986560	CRC0237-A-1	7927520027_F	CRC0237LM
GSM1986561	CRC0239-A-2	8803828060_L	CRC0239LM
GSM1986562	CRC0239-A-1	8803828060_K	CRC0239LM
GSM1986563	CRC0242-B-2	6898368019_C	CRC0242LM
GSM1986564	CRC0242-B-1	6898368019_D	CRC0242LM
GSM1986565	CRC0243-A-1	5753677155_G	CRC0243LM
GSM1986566	CRC0243-B-1	5753677155_H	CRC0243LM
GSM1986567	CRC0246-B-2	6898368034_A	CRC0246LM
GSM1986568	CRC0246-B-1	6898368034_B	CRC0246LM
GSM1986569	CRC0252-A-1	5753677155_A	CRC0252LM
GSM1986570	CRC0252-B-1	5753677155_B	CRC0252LM
GSM1986571	CRC0253-A-1	6898368034_G	CRC0253LM
GSM1986572	CRC0253-B-1	6898368034_H	CRC0253LM
GSM1986573	CRC0254-A-1	5753685002_J	CRC0254LM
GSM1986574	CRC0254-B-1	5753685002_I	CRC0254LM
GSM1986575	CRC0257-A-1	8803828035_C	CRC0257LM
GSM1986576	CRC0257-A-2	8803828035_D	CRC0257LM
GSM1986577	CRC0261-A-2	6898368007_G	CRC0261LM
GSM1986578	CRC0261-A-1	6898368007_H	CRC0261LM
GSM1986579	CRC0262-B-1	8803828062_A	CRC0262LM
GSM1986580	CRC0262-B-2	8803828062_B	CRC0262LM
GSM1986581	CRC0264-A-1	8803828035_G	CRC0264LM
GSM1986582	CRC0264-B-1	8803828035_H	CRC0264LM
GSM1986583	CRC0265-B-1	8803828041_F	CRC0265LM
GSM1986584	CRC0265-B-2	8803828041_E	CRC0265LM
GSM1986585	CRC0276-A-1	9031292002_I	CRC0276LM
GSM1986586	CRC0276-A-2	9031292002_J	CRC0276LM
GSM1986587	CRC0277-A-1	8803828062_K	CRC0277LM
GSM1986588	CRC0277-A-2	8803828062_L	CRC0277LM
GSM1986589	CRC0285-B-1	8803828060_G	CRC0285LM
GSM1986590	CRC0285-A-1	8803828060_H	CRC0285LM
GSM1986591	CRC0291-A-1	9031292069_K	CRC0291LM
GSM1986592	CRC0291-B-1	9031292069_L	CRC0291LM
GSM1986593	CRC0292-A-1	8803828035_A	CRC0292LM
GSM1986594	CRC0292-A-2	8803828035_B	CRC0292LM
GSM1986595	CRC0297-B-1	8803828060_E	CRC0297LM
GSM1986596	CRC0297-A-1	8803828060_F	CRC0297LM
GSM1986597	CRC0303-A-1	6898368035_A	CRC0303LM
GSM1986598	CRC0303-A-2	8803828035_J	CRC0303LM
GSM1986599	CRC0303-B-1	6898368035_B	CRC0303LM
GSM1986600	CRC0303-B-2	8803828035_I	CRC0303LM
GSM1986601	CRC0305-B-2	8803801059_K	CRC0305LM
GSM1986602	CRC0305-B-3	8803801059_L	CRC0305LM
GSM1986603	CRC0305-B-1	6898368035_C	CRC0305LM
GSM1986604	CRC0306-B-1	8803828035_E	CRC0306LM
GSM1986605	CRC0306-A-2	8803828035_F	CRC0306LM
GSM1986606	CRC0306-A-1	6898368035_D	CRC0306LM
GSM1986607	CRC0307-A-1	7927520043_C	CRC0307LM
GSM1986608	CRC0307-B-1	7927520043_D	CRC0307LM
GSM1986609	CRC0309-A-1	9031292002_E	CRC0309LM
GSM1986610	CRC0309-B-1	9031292002_F	CRC0309LM
GSM1986611	CRC0310-B-1	8803828058_A	CRC0310LM
GSM1986612	CRC0310-B-2	8803828058_B	CRC0310LM
GSM1986613	CRC0312-B-1	9031292068_A	CRC0312LM
GSM1986614	CRC0312-A-1	9031292068_B	CRC0312LM
GSM1986615	CRC0313-B-1	8803828035_K	CRC0313LM
GSM1986616	CRC0313-A-2	8803828035_L	CRC0313LM
GSM1986617	CRC0313-A-1	6898368035_E	CRC0313LM
GSM1986618	CRC0314-A-2	9031292002_K	CRC0314LM
GSM1986619	CRC0314-B-1	9031292002_L	CRC0314LM
GSM1986620	CRC0314-A-1	6898368040_G	CRC0314LM
GSM1986621	CRC0318-A-2	9031292068_L	CRC0318LM
GSM1986622	CRC0318-A-1	9031292068_K	CRC0318LM
GSM1986623	CRC0321-B-2	9031292069_C	CRC0321LM
GSM1986624	CRC0321-A-2	9031292069_D	CRC0321LM
GSM1986625	CRC0321-A-1	6898368035_G	CRC0321LM
GSM1986626	CRC0321-B-1	6898368035_H	CRC0321LM
GSM1986627	CRC0322-A-1	9031292002_B	CRC0322LM
GSM1986628	CRC0322-A-2	9031292002_A	CRC0322LM
GSM1986629	CRC0323-A-1	8981245029_E	CRC0323LM
GSM1986630	CRC0323-A-2	8981245029_F	CRC0323LM
GSM1986631	CRC0324-A-1	9023874083_A	CRC0324LM
GSM1986632	CRC0324-B-1	9023874083_B	CRC0324LM
GSM1986633	CRC0327-B-1	9023874083_C	CRC0327LM
GSM1986634	CRC0327-A-1	9023874083_D	CRC0327LM
GSM1986635	CRC0328-A-2	9031292020_B	CRC0328LM
GSM1986636	CRC0328-A-1	9031292020_A	CRC0328LM
GSM1986637	CRC0329-A-1	9031292068_D	CRC0329LM
GSM1986638	CRC0330-A-2	9031292068_E	CRC0330LM
GSM1986639	CRC0330-A-1	6898368040_E	CRC0330LM
GSM1986640	CRC0330-A-3	9031292068_F	CRC0330LM
GSM1986641	CRC0332-A-2	9031292068_H	CRC0332LM
GSM1986642	CRC0332-A-1	9031292068_G	CRC0332LM
GSM1986643	CRC0333-B-2	9023874083_E	CRC0333LM
GSM1986644	CRC0333-A-2	9023874083_F	CRC0333LM
GSM1986645	CRC0333-B-1	6898368040_B	CRC0333LM
GSM1986646	CRC0333-A-1	6898368040_C	CRC0333LM
GSM1986647	CRC0334-A-2	9031292068_I	CRC0334LM
GSM1986648	CRC0334-B-1	9031292068_J	CRC0334LM
GSM1986649	CRC0334-A-1	6898368035_I	CRC0334LM
GSM1986650	CRC0339-A-3	9023874083_H	CRC0339LM
GSM1986651	CRC0339-A-2	9023874083_G	CRC0339LM
GSM1986652	CRC0339-A-1	6898368035_J	CRC0339LM
GSM1986653	CRC0343-A-1	6898368035_L	CRC0343LM
GSM1986654	CRC0343-A-2	8803828058_C	CRC0343LM
GSM1986655	CRC0343-B-1	6898368035_K	CRC0343LM
GSM1986656	CRC0343-B-2	8803828058_D	CRC0343LM
GSM1986657	CRC0344-A-2	9031292011_B	CRC0344LM
GSM1986658	CRC0344-A-1	9031292011_A	CRC0344LM
GSM1986659	CRC0348-A-1	9031292011_C	CRC0348LM
GSM1986660	CRC0348-A-2	9031292011_D	CRC0348LM
GSM1986661	CRC0349-A-1	8803828058_E	CRC0349LM
GSM1986662	CRC0349-A-2	8803828058_F	CRC0349LM
GSM1986663	CRC0354-A-1	9031292011_E	CRC0354LM
GSM1986664	CRC0354-A-2	9031292011_F	CRC0354LM
GSM1986665	CRC0356-A-2	9031292011_G	CRC0356LM
GSM1986666	CRC0356-A-1	9031292011_H	CRC0356LM
GSM1986667	CRC0358-B-1	6898368040_D	CRC0358LM
GSM1986668	CRC0358-A-1	6898368040_F	CRC0358LM
GSM1986669	CRC0358-B-2	7927520043_A	CRC0358LM
GSM1986670	CRC0358-B-3	7927520043_B	CRC0358LM
GSM1986671	CRC0362-A-1	7927520027_C	CRC0362LM
GSM1986672	CRC0362-B-1	7927520027_D	CRC0362LM
GSM1986673	CRC0370-B-2	9031292011_I	CRC0370LM
GSM1986674	CRC0370-B-1	9031292011_J	CRC0370LM
GSM1986675	CRC0371-B-2	9031292011_K	CRC0371LM
GSM1986676	CRC0371-B-1	9031292011_L	CRC0371LM
GSM1986677	CRC0377-B-1	9023874083_I	CRC0377LM
GSM1986678	CRC0377-A-1	9023874083_J	CRC0377LM
GSM1986679	CRC0378-A-1	8981245029_I	CRC0378LM
GSM1986680	CRC0378-A-2	8981245029_J	CRC0378LM
GSM1986681	CRC0379-B-1	9031292002_D	CRC0379LM
GSM1986682	CRC0379-A-2	9031292002_C	CRC0379LM
GSM1986683	CRC0379-A-1	6898368040_H	CRC0379LM
GSM1986684	CRC0382-A-1	8981245029_K	CRC0382LM
GSM1986685	CRC0382-A-2	8981245029_L	CRC0382LM
GSM1986686	CRC0391-A-1	9023874083_K	CRC0391LM
GSM1986687	CRC0391-A-2	9023874083_L	CRC0391LM
GSM1986688	CRC0394-A-1	9031292020_C	CRC0394LM
GSM1986689	CRC0394-A-2	9031292020_D	CRC0394LM
GSM1986690	CRC0396-A-1	9031292020_E	CRC0396LM
GSM1986691	CRC0396-A-2	9031292020_F	CRC0396LM
GSM1986692	CRC0399-A-1	9031292002_G	CRC0399LM
GSM1986693	CRC0399-B-1	9031292002_H	CRC0399LM
GSM1986694	CRC0400-A-1	9031292020_J	CRC0400LM
GSM1986695	CRC0400-B-1	9031292020_I	CRC0400LM
GSM1986696	CRC0403-A-2	9031292020_L	CRC0403LM
GSM1986697	CRC0403-A-1	9031292020_K	CRC0403LM
GSM1986698	CRC0404-B-1	8981245030_A	CRC0404LM
GSM1986699	CRC0404-B-2	8981245030_B	CRC0404LM
GSM1986700	CRC0406-B-1	9031292020_G	CRC0406LM
GSM1986701	CRC0406-A-1	9031292020_H	CRC0406LM
GSM1986702	CRC0416-B-1	8981245030_D	CRC0416LM
GSM1986703	CRC0419-B-1	8981245030_F	CRC0419LM
GSM1986704	CRC0419-A-1	8981245030_E	CRC0419LM
GSM1986705	CRC0420-A-1	9967501046_C	CRC0420LM
GSM1986706	CRC0420-A-2	9967501046_D	CRC0420LM
GSM1986707	CRC0422-B-1	9967501046_E	CRC0422LM
GSM1986708	CRC0422-B-2	9967501046_F	CRC0422LM
GSM1986709	CRC0431-A-1	9967501046_J	CRC0431LM
GSM1986710	CRC0431-B-1	9967501046_I	CRC0431LM
GSM1986711	CRC0435-A-1	8981245030_G	CRC0435LM
GSM1986712	CRC0435-B-1	8981245030_H	CRC0435LM
GSM1986713	CRC0440-A-1	8981245030_I	CRC0440LM
GSM1986714	CRC0440-A-2	8981245030_J	CRC0440LM
GSM1986715	CRC0441-B-1	8981245030_L	CRC0441LM
GSM1986716	CRC0441-A-1	8981245030_K	CRC0441LM
GSM1986717	CRC0442-B-1	8803801059_B	CRC0442LM
GSM1986718	CRC0442-A-1	8803801059_A	CRC0442LM
GSM1986719	CRC0456-A-1	8803801059_C	CRC0456LM
GSM1986720	CRC0456-B-1	8803801059_D	CRC0456LM
GSM1986721	CRC0458-B-2	9967501046_L	CRC0458LM
GSM1986722	CRC0458-B-1	9967501046_K	CRC0458LM
GSM1986723	CRC0465-A-2	9967453113_B	CRC0465LM
GSM1986724	CRC0465-A-1	9967453113_A	CRC0465LM
GSM1986725	CRC0475-B-1	9967453113_C	CRC0475LM
GSM1986726	CRC0475-B-2	9967453113_D	CRC0475LM
GSM1986727	CRC0477-A-1	9967453113_E	CRC0477LM
GSM1986728	CRC0477-A-2	9967453113_F	CRC0477LM
GSM1986729	CRC0480-A-1	8803801059_E	CRC0480LM
GSM1986730	CRC0480-B-1	8803801059_F	CRC0480LM
GSM1986731	CRC0484-A-1	8803801059_G	CRC0484LM
GSM1986732	CRC0484-B-1	8803801059_H	CRC0484LM
GSM1986733	CRC0488-A-1	9967453113_G	CRC0488LM
GSM1986734	CRC0488-B-1	9967453113_H	CRC0488LM
GSM1986735	CRC0490-B-1	9967453113_J	CRC0490LM
GSM1986736	CRC0490-A-1	9967453113_I	CRC0490LM
GSM1986737	CRC0493-A-1	9967453113_K	CRC0493LM
GSM1986738	CRC0493-A-2	9967453113_L	CRC0493LM
GSM1986739	CRC0494-A-1	9967501035_A	CRC0494LM
GSM1986740	CRC0494-A-2	9967501035_B	CRC0494LM
GSM1986741	CRC0495-B-1	9967501035_C	CRC0495LM
GSM1986742	CRC0495-B-2	9967501035_D	CRC0495LM
GSM1986743	CRC0505-A-1	9967501035_E	CRC0505LM
GSM1986744	CRC0505-A-2	9967501035_F	CRC0505LM
GSM1986745	CRC0508-A-1	9967501035_G	CRC0508LM
GSM1986746	CRC0508-A-2	9967501035_H	CRC0508LM
GSM1986747	CRC0512-B-2	9967501035_J	CRC0512LM
GSM1986748	CRC0512-B-1	9967501035_I	CRC0512LM
GSM1986749	CRC0515-B-1	9967501035_L	CRC0515LM
GSM1986750	CRC0515-A-1	9967501035_K	CRC0515LM
GSM1986751	CRC0516-B-1	9967501012_A	CRC0516LM
GSM1986752	CRC0516-B-2	9967501012_B	CRC0516LM
GSM1986753	CRC0525-A-1	9967501012_C	CRC0525LM
GSM1986754	CRC0525-A-2	9967501012_D	CRC0525LM
GSM1986755	CRC0527-B-1	9967501012_F	CRC0527LM
GSM1986756	CRC0527-A-1	9967501012_E	CRC0527LM
GSM1986757	CRC0529-A-1	9967501012_G	CRC0529LM
GSM1986758	CRC0529-B-1	9967501012_H	CRC0529LM
GSM1986759	CRC0535-A-1	9967501012_I	CRC0535LM
GSM1986760	CRC0535-B-1	9967501012_J	CRC0535LM
GSM1986761	CRC0537-B-1	9967501012_L	CRC0537LM
GSM1986762	CRC0537-A-1	9967501012_K	CRC0537LM
GSM1986763	CRC0539-A-1	9967501037_A	CRC0539LM
GSM1986764	CRC0539-A-2	9967501037_B	CRC0539LM
GSM1986765	CRC0556-B-1	9967501037_C	CRC0556LM
GSM1986766	CRC0556-B-2	9967501037_D	CRC0556LM
GSM1986767	CRC0559-A-1	9967501037_E	CRC0559LM
GSM1986768	CRC0559-B-1	9967501037_F	CRC0559LM
GSM1986769	CRC0574-A-1	9967501037_G	CRC0574LM
GSM1986770	CRC0574-A-2	9967501037_H	CRC0574LM
GSM1986771	CRC0576-A-1	9967501037_I	CRC0576LM
GSM1986772	CRC0576-B-1	9967501037_J	CRC0576LM
GSM1986773	CRC0598-A-1	9967501037_K	CRC0598LM
GSM1986774	CRC0598-B-1	9967501037_L	CRC0598LM
GSM1986775	CRC0024-B-1	9031292069_B	CRC0024LM
GSM1986776	CRC0151-B-1	5688887009_I	CRC0151LM
GSM1986777	CRC0151-0-1	9235792014_K	CRC0151LM
GSM1986778	CRC0164-B-1	6898368007_A	CRC0164LM
GSM1986779	CRC0164-B-2	6898368007_B	CRC0164LM
GSM1986780	CRC0178-0-1	9235792014_L	CRC0178LM
GSM1986781	CRC0180-A-1	8803828041_C	CRC0180LM
GSM1986782	CRC0180-A-2	8803828041_D	CRC0180LM
GSM1986783	CRC0329-B-1	9031292068_C	CRC0329LM
GSM1986784	CRC0345-A-1	8981245029_G	CRC0345LM
GSM1986785	CRC0345-A-2	8981245029_H	CRC0345LM
GSM1986786	CRC0416-A-1	8981245030_C	CRC0416LM
GSM1986787	CRC0427-A-1	9967501046_G	CRC0427LM
GSM1986788	CRC0427-A-2	9967501046_H	CRC0427LM
