cohort_id	cancer	drugs	setting	n	responders	n_labelled	has_control_arm	arms	endpoint	platform	accession	source	qc_label	qc_pc1_auc	qc_pc2_auc	qc_pc3_auc	qc_flag	qc_warn_pc23	usable
enlight_Anti_PD1_Anti_CTLA4	HCC	anti-PD1 +/- anti-CTLA4	advanced	9	5.0	9	False	anti-PD1 +/- anti-CTLA4	ENLIGHT binary R/NR (per-dataset definition, Dinstag 2023 Table S1)	NanoString PanCancer Immune (784 genes)	GSE140901 (inferred from GSM4190059-82) [accession confidence: medium]	PangeaResearch/enlight-data	responder	0.5	0.85	0.2	False	False	False
enlight_Anti_PD1	Melanoma	nivolumab (anti-PD1)	advanced	50	10.0	50	False	nivolumab (anti-PD1)	ENLIGHT binary R/NR (per-dataset definition, Dinstag 2023 Table S1)	RNA-seq read counts	Riaz 2017 GSE91061 (inferred; Pt*_On = ON-TREATMENT biopsies) [accession confidence: high]	PangeaResearch/enlight-data	responder	0.212	0.718	0.348	False	False	True
enlight_Anti_PD1_2	GBM	anti-PD1 (pembrolizumab/nivolumab)	recurrent	15	9.0	15	False	anti-PD1 (pembrolizumab/nivolumab)	ENLIGHT binary R/NR (per-dataset definition, Dinstag 2023 Table S1)	RNA-seq read counts	Zhao et al. 2019 Nat Med, SRA PRJNA482620 (inferred from SRR8281xxx) [accession confidence: medium]	PangeaResearch/enlight-data	responder	0.333	0.259	0.407	False	False	True
enlight_Anti_PD1_3	RCC	nivolumab (anti-PD1)	metastatic	11	4.0	11	False	nivolumab (anti-PD1)	ENLIGHT binary R/NR (per-dataset definition, Dinstag 2023 Table S1)	Illumina microarray (probe-collapsed)	GSE67501 (Ascierto 2016; inferred from GSM1648114-24) [accession confidence: high]	PangeaResearch/enlight-data	responder	0.464	0.214	0.571	False	False	False
enlight_Anti_PD1_4	Breast	durvalumab + olaparib + paclitaxel (I-SPY2 arm)	neoadjuvant	71	29.0	71	False	durvalumab + olaparib + paclitaxel (I-SPY2 arm)	ENLIGHT binary R/NR (per-dataset definition, Dinstag 2023 Table S1)	Agilent microarray	GSE173839 (I-SPY2 durvalumab/olaparib arm; inferred from GSM5281524-628) [accession confidence: high]	PangeaResearch/enlight-data	responder	0.3	0.763	0.597	False	False	True
enlight_Anti_PD1_5	Melanoma	anti-PD1	advanced	55	14.0	55	False	anti-PD1	ENLIGHT binary R/NR (per-dataset definition, Dinstag 2023 Table S1)	RNA-seq FPKM (log-like values)	unresolved (sample IDs 190511-xxF) [accession confidence: low]	PangeaResearch/enlight-data	responder	0.42	0.674	0.599	False	False	True
enlight_BRAFi_1	Melanoma	BRAF inhibitor (vemurafenib/dabrafenib)	advanced	17	14.0	17	False	BRAF inhibitor (vemurafenib/dabrafenib)	ENLIGHT binary R/NR (per-dataset definition, Dinstag 2023 Table S1)	RNA-seq FPKM	Hugo et al. 2015 Cell, GSE65185 (inferred from Pt*-baseline IDs) [accession confidence: medium]	PangeaResearch/enlight-data	responder	0.667	0.452	0.571	False	False	False
enlight_BRAFi_2	Melanoma	BRAF inhibitor +/- MEK inhibitor	advanced	16	10.0	16	False	BRAF inhibitor +/- MEK inhibitor	ENLIGHT binary R/NR (per-dataset definition, Dinstag 2023 Table S1)	microarray	GSE99898 (inferred from GSM2663924-60; low confidence) [accession confidence: low]	PangeaResearch/enlight-data	responder	0.467	0.6	0.617	False	False	True
enlight_BRAFi_3	Melanoma	BRAF inhibitor (vemurafenib/dabrafenib)	advanced	20	14.0	20	False	BRAF inhibitor (vemurafenib/dabrafenib)	ENLIGHT binary R/NR (per-dataset definition, Dinstag 2023 Table S1)	Illumina microarray (background-subtracted log values incl. negatives)	GSE50509 (Rizos 2014; inferred from GSM1220412-71) [accession confidence: high]	PangeaResearch/enlight-data	responder	0.381	0.524	0.452	False	False	True
enlight_Bevacizumab	Colorectal	mFOLFOX6 + bevacizumab	metastatic	12	5.0	12	False	mFOLFOX6 + bevacizumab	ENLIGHT binary R/NR (per-dataset definition, Dinstag 2023 Table S1)	Affymetrix (centred log ratios)	GSE19860 (bevacizumab subset; inferred from GSM496016-43) [accession confidence: medium]	PangeaResearch/enlight-data	responder	0.371	0.714	0.8	False	False	False
enlight_Bevacizumab_2	Colorectal	bevacizumab-containing chemo	metastatic	18	15.0	18	False	bevacizumab-containing chemo	ENLIGHT binary R/NR (per-dataset definition, Dinstag 2023 Table S1)	microarray (linear)	unresolved (GSM1282761-78) [accession confidence: low]	PangeaResearch/enlight-data	responder	0.267	0.333	0.489	False	False	False
enlight_Bevacizumab_3	Breast (per drug_targets.csv; README lists Breast/read counts but values are log-scale microarray)	bevacizumab + chemo	neoadjuvant/advanced	21	7.0	21	False	bevacizumab + chemo	ENLIGHT binary R/NR (per-dataset definition, Dinstag 2023 Table S1)	microarray (log)	unresolved (GSM2778766-86) [accession confidence: low]	PangeaResearch/enlight-data	responder	0.827	0.429	0.367	False	False	True
enlight_Bevacizumab_4	Colorectal	bevacizumab + chemo	metastatic	17	8.0	17	False	bevacizumab + chemo	ENLIGHT binary R/NR (per-dataset definition, Dinstag 2023 Table S1)	microarray (log, probe-summed)	unresolved (GSM1471839-86) [accession confidence: low]	PangeaResearch/enlight-data	responder	0.5	0.556	0.431	False	False	True
enlight_Cetuximab	Head and neck	cetuximab (+ platinum/5-FU)	recurrent/metastatic	40	14.0	40	False	cetuximab (+ platinum/5-FU)	ENLIGHT binary R/NR (per-dataset definition, Dinstag 2023 Table S1)	Affymetrix (linear)	GSE65021 (Bossi 2016; inferred from GSM1585940-79) [accession confidence: high]	PangeaResearch/enlight-data	responder	0.516	0.934	0.495	False	True	True
enlight_Lapatinib	Breast (HER2+)	lapatinib (+/- trastuzumab) + paclitaxel->FEC (CHER-LOB arms B/C)	neoadjuvant	65	21.0	65	False	lapatinib (+/- trastuzumab) + paclitaxel->FEC (CHER-LOB arms B/C)	ENLIGHT binary R/NR (per-dataset definition, Dinstag 2023 Table S1)	Affymetrix (log, probe-summed)	GSE66399 CHER-LOB (inferred from GSM1619387-474) [accession confidence: medium]	PangeaResearch/enlight-data	responder	0.655	0.569	0.516	False	False	True
enlight_MGH_Alpelisib	Breast	alpelisib	metastatic	19	13.0	19	False	alpelisib	ENLIGHT binary R/NR (per-dataset definition, Dinstag 2023 Table S1)	RNA-seq TPM	MGH institutional (not public GEO) [accession confidence: n/a]	PangeaResearch/enlight-data	responder	0.564	0.564	0.641	False	False	True
enlight_MGH_Ribociclib	Breast	ribociclib	metastatic	9	3.0	9	False	ribociclib	ENLIGHT binary R/NR (per-dataset definition, Dinstag 2023 Table S1)	RNA-seq TPM	MGH institutional (not public GEO) [accession confidence: n/a]	PangeaResearch/enlight-data	responder	0.833	0.333	0.611	False	False	False
enlight_MK2206	Breast	MK-2206 + paclitaxel (I-SPY2 arm)	neoadjuvant	20	6.0	20	False	MK-2206 + paclitaxel (I-SPY2 arm)	ENLIGHT binary R/NR (per-dataset definition, Dinstag 2023 Table S1)	Agilent microarray (log, probe-summed)	I-SPY2 MK-2206 arm (GSM4497593-686; series unresolved) [accession confidence: medium]	PangeaResearch/enlight-data	responder	0.524	0.31	0.524	False	False	True
enlight_Rituximab	CLL	rituximab-containing (FCR)	first-line	62	16.0	62	False	rituximab-containing (FCR)	ENLIGHT binary R/NR (per-dataset definition, Dinstag 2023 Table S1)	microarray (linear)	unresolved (GSM877692-753) [accession confidence: low]	PangeaResearch/enlight-data	responder	0.515	0.401	0.654	False	False	True
enlight_Selinexor	GBM	selinexor	recurrent	24	8.0	24	False	selinexor	ENLIGHT binary R/NR (per-dataset definition, Dinstag 2023 Table S1)	RNA-seq TPM (8508 genes)	KING trial (Lassman 2022), not in GEO [accession confidence: n/a]	PangeaResearch/enlight-data	responder	0.406	0.391	0.406	False	False	True
enlight_Sorafenib	HCC	sorafenib (STORM adjuvant, sorafenib arm only)	adjuvant	67	21.0	67	False	sorafenib (STORM adjuvant, sorafenib arm only)	ENLIGHT binary R/NR (per-dataset definition, Dinstag 2023 Table S1)	Illumina WG-DASL (linear)	GSE109211 (STORM; 67 of 140, placebo arm absent) [accession confidence: high]	PangeaResearch/enlight-data	responder	0.047	0.57	0.287	True	False	False
enlight_Sorafenib_2	NSCLC	sorafenib (BATTLE)	metastatic, pretreated	39	20.0	39	False	sorafenib (BATTLE)	ENLIGHT binary R/NR (per-dataset definition, Dinstag 2023 Table S1)	Affymetrix HuGene 1.0 ST (log)	GSE33072 (BATTLE sorafenib arm) [accession confidence: high]	PangeaResearch/enlight-data	responder	0.482	0.387	0.384	False	False	True
enlight_Tipifarnib_1	AML	tipifarnib	newly diagnosed (elderly)	34	13.0	34	False	tipifarnib	ENLIGHT binary R/NR (per-dataset definition, Dinstag 2023 Table S1)	Affymetrix U133A (MAS5 linear)	GSE8970 (GSM227xxx; ENLIGHT file Tipifarnib_1.csv holds GSM227* although its labels are filed under Tipifarnib_2) [accession confidence: high]	PangeaResearch/enlight-data	responder	0.286	0.396	0.542	False	False	True
enlight_Tipifarnib_2	AML	tipifarnib	relapsed/refractory	57	13.0	57	False	tipifarnib	ENLIGHT binary R/NR (per-dataset definition, Dinstag 2023 Table S1)	Affymetrix U133A (MAS5 linear)	GSE5122 (GSM115xxx; labels filed under Tipifarnib_1 in ENLIGHT table) [accession confidence: high]	PangeaResearch/enlight-data	responder	0.469	0.58	0.673	False	False	True
enlight_Trastuzumab	Breast (HER2+)	trastuzumab + chemo (NOAH, trastuzumab arm only)	neoadjuvant	63	31.0	63	False	trastuzumab + chemo (NOAH, trastuzumab arm only)	ENLIGHT binary R/NR (per-dataset definition, Dinstag 2023 Table S1)	Affymetrix U133Plus2 (log, probe-summed)	GSE50948 NOAH (inferred from GSM1232994-3146; chemo-only control arm NOT included) [accession confidence: medium]	PangeaResearch/enlight-data	responder	0.486	0.582	0.348	False	False	True
enlight_Trastuzumab_2	Breast (HER2+)	trastuzumab + paclitaxel->FEC (CHER-LOB arm A)	neoadjuvant	23	6.0	23	False	trastuzumab + paclitaxel->FEC (CHER-LOB arm A)	ENLIGHT binary R/NR (per-dataset definition, Dinstag 2023 Table S1)	Affymetrix (log, probe-summed)	GSE66399 CHER-LOB (inferred) [accession confidence: medium]	PangeaResearch/enlight-data	responder	0.422	0.559	0.725	False	False	True
enlight_Trastuzumab_3	Breast (HER2+)	trastuzumab + chemo	neoadjuvant	50	27.0	50	False	trastuzumab + chemo	ENLIGHT binary R/NR (per-dataset definition, Dinstag 2023 Table S1)	Affymetrix U133A (log)	GSE37946 (inferred from GSM930525-74) [accession confidence: high]	PangeaResearch/enlight-data	responder	0.428	0.605	0.494	False	False	True
enlight_Trastuzumab_4	Breast (HER2+)	trastuzumab + chemo	neoadjuvant	25	12.0	25	False	trastuzumab + chemo	ENLIGHT binary R/NR (per-dataset definition, Dinstag 2023 Table S1)	Affymetrix U133A (log)	unresolved (GSM1050643-67) [accession confidence: low]	PangeaResearch/enlight-data	responder	0.692	0.66	0.423	False	False	True
enlight_Trastuzumab_5	Breast (HER2+)	trastuzumab-containing	unknown	65	19.0	65	False	trastuzumab-containing	ENLIGHT binary R/NR (per-dataset definition, Dinstag 2023 Table S1)	RNA-seq read counts	unresolved (T### IDs) [accession confidence: low]	PangeaResearch/enlight-data	responder	0.549	0.33	0.299	False	False	True
enlight_Vismodegib	Basal cell carcinoma	vismodegib	advanced	13	4.0	13	False	vismodegib	ENLIGHT binary R/NR (per-dataset definition, Dinstag 2023 Table S1)	RNA-seq FPKM	unresolved (Resistance/Sensitive IDs; possibly Atwood 2015) [accession confidence: low]	PangeaResearch/enlight-data	responder	0.389	0.167	0.361	False	False	False
GSE25066_hatzis	Breast (HER2- mostly)	taxane -> anthracycline (T/FAC, T/FEC)	neoadjuvant	508	99.0	488	False	taxane-anthracycline	pCR vs RD (+ DRFS)	Affymetrix U133A (log2, gene-level as in ISLE)	GSE25066 (= GSE25055 + GSE25065; ISLE file is named GSE25055 but holds all 508)	jooslee/ISLE	responder	0.606	0.253	0.552	False	False	True
GSE33072_battle	NSCLC	erlotinib; sorafenib	metastatic, previously treated (adaptive randomisation)	64	28.0	64	True	erlotinib;sorafenib	PFS > 2.5 months (binary; matches ENLIGHT sorafenib labels exactly) + PFS time	Affymetrix HuGene 1.0 ST (log2)	GSE33072	jooslee/ISLE	responder	0.436	0.517	0.521	False	False	True
GSE164458_brightness	Breast (TNBC)	paclitaxel; carboplatin+paclitaxel; veliparib+carboplatin+paclitaxel (all followed by AC)	neoadjuvant	482	236.0	482	True	carboplatin + paclitaxel;paclitaxel (+placebo);veliparib + carboplatin + paclitaxel	pCR vs RD	RNA-seq (log2-scale, as processed by moonchangin)	GSE164458	moonchangin/multi_label_classification	responder	0.476	0.375	0.559	False	False	True
GSE194040_ispy2	Breast (stage II-III, high risk)	paclitaxel +/- {neratinib, MK-2206, ganitumab, ganetespib, trebananib(AMG386), veliparib+carboplatin, pembrolizumab, pertuzumab/trastuzumab}; T-DM1+pertuzumab; then AC	neoadjuvant	987	317.0	987	True	AMG386;Ctr;Ganetespib;Ganitumab;MK2206;N;Pembro;Pertuzumab;TDM1/P;VC	pCR vs RD	Agilent 44K microarray (gene-level, log2; bhklab ORCESTRA curation)	GSE194040	bhklab/ispy-readii (ICB_Wolf.rds)	responder	0.356	0.507	0.365	False	False	True
IMmotion150_rcc	RCC (clear cell)	atezolizumab; atezolizumab+bevacizumab; sunitinib	first-line metastatic	263	72.0	247	True	atezolizumab;atezolizumab+bevacizumab;sunitinib	RECIST best response (CR/PR vs SD/PD) + PFS	RNA-seq TPM (iAtlas harmonised)	cBioPortal datahub `rcc_iatlas_immotion150_2018`	cBioPortal/datahub (Git LFS)	responder	0.48	0.462	0.576	False	False	True
IMvigor210_blca	Bladder urothelial	atezolizumab	metastatic (cohort 1 cisplatin-ineligible + cohort 2 post-platinum)	347	68.0	298	False	atezolizumab	RECIST best response + OS	RNA-seq TPM (iAtlas harmonised, FFPE)	cBioPortal datahub `blca_iatlas_imvigor210_2017`	cBioPortal/datahub (Git LFS)	responder	0.518	0.468	0.49	False	False	True
Liu2019_mel	Melanoma	pembrolizumab or nivolumab	metastatic (+/- prior ipilimumab)	122	48.0	122	False	anti-PD1 (ipi-experienced);anti-PD1 (ipi-naive)	RECIST best response + PFS/OS	RNA-seq TPM (iAtlas harmonised)	cBioPortal datahub `mel_iatlas_liu_2019`	cBioPortal/datahub (Git LFS)	responder	0.574	0.446	0.641	False	False	True
Gide2019_mel	Melanoma	pembrolizumab/nivolumab +/- ipilimumab	metastatic	73	40.0	73	False	anti-PD1;anti-PD1+anti-CTLA4	RECIST best response + PFS/OS	RNA-seq (iAtlas harmonised)	cBioPortal datahub `mel_iatlas_gide_2019`	cBioPortal/datahub (Git LFS)	responder	0.395	0.584	0.714	False	False	True
Riaz2017_mel_pre	Melanoma	nivolumab	metastatic (+/- prior ipilimumab)	51	10.0	49	False	nivolumab (ipi-naive);nivolumab (ipi-progressed)	RECIST best response + OS	RNA-seq TPM (iAtlas harmonised)	cBioPortal datahub `mel_iatlas_riaz_nivolumab_2017`	cBioPortal/datahub (Git LFS)	responder	0.621	0.549	0.621	False	False	True
Hugo2016_mel	Melanoma	pembrolizumab	metastatic	27	14.0	27	False	pembrolizumab	RECIST best response + OS	RNA-seq TPM (iAtlas harmonised)	cBioPortal datahub `mel_iatlas_hugo_ucla_2016`	cBioPortal/datahub (Git LFS)	responder	0.44	0.593	0.407	False	False	True
VanAllen2015_mel	Melanoma	ipilimumab	metastatic	40	7.0	39	False	ipilimumab	RECIST best response (X = not evaluable -> NA) + OS/PFS	RNA-seq RPKM (cBioPortal; Entrez IDs mapped to HGNC symbols)	cBioPortal datahub `skcm_dfci_2015`	cBioPortal/datahub (Git LFS)	responder	0.491	0.46	0.379	False	False	True
PRINCE_paad	Pancreatic adenocarcinoma	gemcitabine+nab-paclitaxel with nivolumab (+/- sotigalimab) or sotigalimab alone	first-line metastatic	64	25.0	56	True	chemo+nivolumab(+/-sotigalimab);chemo+sotigalimab	RECIST best response + OS/PFS	RNA-seq (iAtlas harmonised, FFPE)	cBioPortal datahub `paad_iatlas_prince_2022`	cBioPortal/datahub (Git LFS)	responder	0.394	0.406	0.493	False	False	True
Cloughesy2019_gbm	GBM (recurrent)	pembrolizumab (neoadjuvant+adjuvant vs adjuvant only)	recurrent, surgical	30	0.0	28	True	adjuvant pembrolizumab only;neoadjuvant+adjuvant pembrolizumab	RECIST-like best response (no responders) + OS/PFS	RNA-seq (iAtlas harmonised)	cBioPortal datahub `gbm_iatlas_prins_2019`	cBioPortal/datahub (Git LFS)	clinical_benefit	0.719	0.392	0.275	False	False	False
Choueiri2016_rcc	RCC (clear cell)	nivolumab	metastatic	16	3.0	16	False	nivolumab	RECIST best response + OS/PFS	RNA-seq (iAtlas harmonised)	cBioPortal datahub `ccrcc_iatlas_choueiri_2016`	cBioPortal/datahub (Git LFS)	responder	0.59	0.513	0.795	False	False	False
Anders2022_tnbc	Breast (TNBC, metastatic)	pembrolizumab + low-dose cyclophosphamide	metastatic, pretreated	31	7.0	31	False	pembrolizumab + low-dose cyclophosphamide	RECIST best response + OS/PFS	RNA-seq TPM (iAtlas harmonised)	cBioPortal datahub `brca_iatlas_anders_2022`	cBioPortal/datahub (Git LFS)	responder	0.411	0.446	0.595	False	False	True
GSE14814_jbr10	NSCLC (resected stage I-III)	none	adjuvant	133		0	True	adjuvant chemo;observation	OS (time-to-event); no response label	Affymetrix U133A (GPL96)	GSE14814	osun24/nsclc-adj-chemo (Git LFS)	treated	0.555	0.415	0.58	False	False	True
GSE68465_lung_adj	NSCLC (resected stage I-III)	platinum-based adjuvant chemo	adjuvant	426		0	True	adjuvant chemo;observation	OS (time-to-event); no response label	Affymetrix U133A (GPL96)	GSE68465	osun24/nsclc-adj-chemo (Git LFS)	treated	0.433	0.561	0.523	False	False	True
GSE37745_lung_adj	NSCLC (resected stage I-III)	platinum-based adjuvant chemo	adjuvant	99		0	True	adjuvant chemo;observation	OS (time-to-event); no response label	Affymetrix U133 Plus 2 (GPL570)	GSE37745	osun24/nsclc-adj-chemo (Git LFS)	treated	0.474	0.537	0.493	False	False	True
