	proximity_z	selection_freq	sign_agreement	mean_coef	jackknife_retention	freq_nit_nodeconf	coef_nit_nodeconf	patient_adj_HR	patient_adj_p	patient_direction_agrees	consistent_across_versions	checks_passed	tier
REACTOME_SIGNAL_REGULATORY_PROTEIN_SIRP_FAMILY_INTERACTIONS	-4.480188223870492	0.8425	1.0	-0.33782517167002724	1.0	0.77875	-0.3213156899003779	0.645266538345946	0.1818827136832133	True	True	5	robust
REACTOME_DOWNSTREAM_SIGNAL_TRANSDUCTION	-2.9182047016060464	0.66375	1.0	-0.24499590636502844	0.98	0.7275	-0.26704487511267533	0.2805628307190693	0.0030356081569904384	True	True	5	robust
REACTOME_SIGNALING_BY_NOTCH4	-2.0583190415792725	0.7775	1.0	0.2841828497048828	1.0	0.925	0.310514526492087	0.56756708023593	0.1290775105339347	False	True	4	supported
REACTOME_SOS_MEDIATED_SIGNALLING	-4.129643701534242	0.555	1.0	0.24208373692702562	0.68	0.1475	0.15633798354510947	0.7963509778596666	0.6253767628896856	False	False	2	fragile
REACTOME_SEMA3A_PAK_DEPENDENT_AXON_REPULSION	-3.094478099760255	0.43875	1.0	0.2046784426754405	0.0	0.2525	0.17664696680117675	1.0145869846625828	0.975108072860698	True	False	2	fragile
REACTOME_SHC1_EVENTS_IN_EGFR_SIGNALING	-4.022630651761124	0.3675	1.0	-0.24803199956614616	0.08	0.73125	-0.3280693109502954	1.4740649095761968	0.32141953239931864	False	True	2	fragile
REACTOME_DOWNREGULATION_OF_ERBB2_ERBB3_SIGNALING	-3.4200478023301284	0.36	1.0	0.2321434034636687	0.02	0.5225	0.2554915111735646	0.4936603518514962	0.04407365327063345	False	True	2	fragile
REACTOME_REGULATION_OF_KIT_SIGNALING	-4.0266513124394505	0.35625	1.0	-0.18518513984699947	0.0	0.3225	-0.1656546525541981	0.4459492797811498	0.08055898427630986	True	False	2	fragile
REACTOME_SIGNALING_BY_PDGF	-2.8227846980867004	0.34	1.0	0.1733319938066327	0.04	0.40625	0.1883999690932775	0.31914590618362165	0.009565245276835367	False	True	2	fragile
REACTOME_P130CAS_LINKAGE_TO_MAPK_SIGNALING_FOR_INTEGRINS	-2.989986312301607	0.2475	1.0	-0.19710869413663024	0.0	0.21375	-0.1877768317822737	0.5470466682482491	0.1017307667016783	True	False	2	fragile
REACTOME_SIGNALING_BY_RHO_GTPASES	-2.775723272674294	0.24	1.0	-0.16923947313534565	0.0	0.155	-0.1402855113284862	0.3205562122146621	0.022132569691748545	True	False	2	fragile
REACTOME_GRB2_SOS_PROVIDES_LINKAGE_TO_MAPK_SIGNALING_FOR_INTERGRINS_	-3.351606383453886	0.24	1.0	-0.18595592835993421	0.0	0.19125	-0.17931334218351022	0.40421662438641	0.033233703356473784	True	False	2	fragile
REACTOME_RAF_MAP_KINASE_CASCADE	-3.7270961669619815	0.08	1.0	0.1395532800598726	0.0	0.0	0.04217848010391344	1.2016115127181446	0.6399112702469311	True	False	2	fragile
REACTOME_PECAM1_INTERACTIONS	-3.9563856790555167	0.0775	1.0	-0.1633471807307022	0.0	0.015	-0.1313522247405388	0.49618863875567937	0.06846837995747061	True	False	2	fragile
REACTOME_TIE2_SIGNALING	-3.917512950683224	0.07125	1.0	-0.14545305404700992	0.0	0.1525	-0.20031362801512226	0.3415501172771271	0.010404954366192433	True	False	2	fragile
REACTOME_CELL_SURFACE_INTERACTIONS_AT_THE_VASCULAR_WALL	-1.943631917683689	0.06875	1.0	-0.07524204176844042	0.0	0.005	-0.06149982060586254	0.5685469180512626	0.08711716944111399	True	False	2	fragile
REACTOME_CELL_EXTRACELLULAR_MATRIX_INTERACTIONS	-2.3053844665504943	0.06375	1.0	-0.10429597685744453	0.0	0.00625	-0.08527640897597458	0.7342771291490762	0.3013572126231929	True	False	2	fragile
REACTOME_INTEGRIN_ALPHAIIB_BETA3_SIGNALING	-2.596544205909069	0.05875	1.0	-0.021340062957712163	0.0	0.01375	-0.004862743894374515	0.2803597944819493	0.004921520501547164	True	False	2	fragile
REACTOME_GROWTH_HORMONE_RECEPTOR_SIGNALING	-2.679675251938865	0.05375	1.0	-0.17002625559951093	0.0	0.03	-0.15437690119198302	0.23738458839853283	0.007537457406751547	True	False	2	fragile
REACTOME_ACTIVATION_OF_CHAPERONE_GENES_BY_XBP1S	-2.4500748612101746	0.05	1.0	-0.13994013199401703	0.0	0.0	-0.09467376497573633	0.7941607130486309	0.43893663627331714	True	False	2	fragile
REACTOME_FGFR4_LIGAND_BINDING_AND_ACTIVATION	-3.558878522444627	0.035	1.0	-0.08568293761251375	0.0	0.005	-0.06788985097623139	0.7788418885820482	0.378403906008314	True	False	2	fragile
REACTOME_REGULATION_OF_BETA_CELL_DEVELOPMENT	-2.903539587219478	0.02	1.0	-0.11159691197037498	0.0	0.04	-0.135550638135319	0.0460864050815271	0.00553519988618551	True	False	2	fragile
REACTOME_FACILITATIVE_NA_INDEPENDENT_GLUCOSE_TRANSPORTERS	-1.8881460732919	0.01875	1.0	-0.15770209178545427	0.0	0.0	-0.09959522296188533	0.8809971580315626	0.711079191065356	True	False	2	fragile
REACTOME_TRANSMISSION_ACROSS_CHEMICAL_SYNAPSES	-1.146036291329022	0.0175	1.0	0.15045437879942422	0.0	0.04125	0.15623962613799386	1.164701365785646	0.7011423175005431	True	False	2	fragile
REACTOME_SIGNAL_ATTENUATION	-3.852604782109313	0.0175	1.0	-0.1220082290048671	0.0	0.0025	-0.05384252510079421	0.4074663612509053	0.016692587482660684	True	False	2	fragile
REACTOME_SEMA4D_INDUCED_CELL_MIGRATION_AND_GROWTH_CONE_COLLAPSE	-1.9408998912519115	0.015	1.0	-0.1560277764794727	0.0	0.0275	-0.14971321667030343	0.5442221328306386	0.06629168953598201	True	False	2	fragile
REACTOME_CD28_DEPENDENT_PI3K_AKT_SIGNALING	-3.11592423557938	0.015	1.0	-0.12725386898505406	0.0	0.0725	-0.1765591740281991	0.3350847000658329	0.021831026878103118	True	False	2	fragile
REACTOME_PLATELET_SENSITIZATION_BY_LDL	-1.9448839798437485	0.0125	1.0	-0.019622748067227032	0.0	0.0075	-0.02575919291503186	0.6164531091365234	0.10798031537275254	True	False	2	fragile
REACTOME_SIGNALLING_TO_ERKS	-3.914855656592184	0.0075	1.0	-0.05885187787261512	0.0	0.0	-0.012897411260868484	0.5741388911006529	0.1887191247714819	True	False	2	fragile
REACTOME_DCC_MEDIATED_ATTRACTIVE_SIGNALING	-2.8952617987436	0.0075	1.0	-0.04248039854458451	0.0	0.00125	-0.04600874149876768	0.63545193981984	0.3603639194944728	True	False	2	fragile
REACTOME_ARMS_MEDIATED_ACTIVATION	-4.526573290486504	0.005	1.0	-0.09221458599020659	0.0	0.02875	-0.14046744741170591	0.7650265015711497	0.5486377806561358	True	False	2	fragile
REACTOME_IL_7_SIGNALING	-3.181131716989881	0.00375	1.0	-0.043424207180475356	0.0	0.0	-0.04724700983458997	0.449166561891395	0.03218340664863291	True	False	2	fragile
REACTOME_SIGNALING_BY_ERBB2	-2.192070147367092	0.0025	1.0	-0.13161475031515096	0.0	0.005	-0.1362341920544311	0.5270661828269001	0.08622428687717465	True	False	2	fragile
REACTOME_REGULATION_OF_GENE_EXPRESSION_IN_BETA_CELLS	-3.129013164425749	0.0025	1.0	-0.01781937162557487	0.0	0.0075	-0.04225574578891635	0.2316817588377404	0.04512438200250082	True	False	2	fragile
REACTOME_SIGNALING_BY_ERBB4	-2.4140712613992714	0.00125	1.0	-0.0002705467830194671	0.0	0.0	-0.016557875286587975	0.37357514404768427	0.025182215741399637	True	False	2	fragile
REACTOME_NUCLEAR_SIGNALING_BY_ERBB4	-2.086805803772836	0.00125	1.0	-0.04798724991982881	0.0	0.0	-0.04391452600078361	0.20969347395834956	0.0007418308748800917	True	False	2	fragile
REACTOME_A_TETRASACCHARIDE_LINKER_SEQUENCE_IS_REQUIRED_FOR_GAG_SYNTHESIS	-1.5785633866885782	0.00125	1.0	-0.15484924732558344	0.0	0.0	-0.15251102272727735	0.6856424788808779	0.32097408045949716	True	False	2	fragile
REACTOME_NEGATIVE_REGULATION_OF_THE_PI3K_AKT_NETWORK	-2.1666251640200644	0.00125	1.0	-0.053447079628114895	0.0	0.0	-0.07618076839451259	0.14199480375680207	0.0034230295130549997	True	False	2	fragile
REACTOME_EGFR_DOWNREGULATION	-2.8837973245699	0.00125	1.0	0.03276678574988679	0.0	0.0025	0.05263621460518168	2.2257523364146112	0.14826435545336578	True	False	2	fragile
REACTOME_SHC_MEDIATED_SIGNALLING	-4.459255149422836	0.00125	1.0	-0.08539914755264003	0.0	0.0	-0.08459797812750564	0.8704407726653111	0.7249830551396379	True	False	2	fragile
REACTOME_SIGNALING_BY_SCF_KIT	-3.1356801829964	0.18875	1.0	0.2198774408612557	0.0	0.11875	0.1955451444716936	0.3391776606582092	0.032777623555642156	False	False	1	fragile
REACTOME_BASIGIN_INTERACTIONS	-2.2626626345883736	0.105	1.0	-0.159134871941715	0.0	0.06375	-0.12115075198092255	1.1293056558656411	0.7092750566117	False	False	1	fragile
REACTOME_NFKB_IS_ACTIVATED_AND_SIGNALS_SURVIVAL	-2.4622749355751488	0.07625	1.0	0.19520433862370898	0.0	0.2125	0.22507767592936168	0.7175786545537277	0.32194859636334694	False	False	1	fragile
REACTOME_NETRIN1_SIGNALING	-2.677403626689808	0.0625	1.0	0.17085037467801484	0.0	0.11875	0.18641010676222783	0.419814033455785	0.059417454174994826	False	False	1	fragile
REACTOME_CD28_DEPENDENT_VAV1_PATHWAY	-3.292566421656137	0.0575	1.0	0.16128041322315362	0.0	0.05	0.1844816393210835	0.39645279836541825	0.043372231724261495	False	False	1	fragile
REACTOME_NGF_SIGNALLING_VIA_TRKA_FROM_THE_PLASMA_MEMBRANE	-2.756681500289853	0.05125	1.0	0.17388404411753797	0.0	0.055	0.18353334108546132	0.25939712152799604	0.002414366238877597	False	False	1	fragile
REACTOME_SIGNALING_BY_FGFR	-3.821048421486221	0.04875	1.0	0.18161277288416933	0.0	0.00125	0.12604804028545585	0.35821373843067406	0.012661952352297664	False	False	1	fragile
REACTOME_HS_GAG_DEGRADATION	-1.3976275834956893	0.04375	1.0	0.10514408429425744	0.0	0.105	0.12176847212169122	0.6922234907272159	0.24533446708076712	False	False	1	fragile
REACTOME_SYNTHESIS_SECRETION_AND_INACTIVATION_OF_GLP1	-2.3449570035970293	0.04125	1.0	-0.13493439589524434	0.0	0.02	-0.12603789203124666	1.8124160431639655	0.20300517935830242	False	False	1	fragile
REACTOME_CHONDROITIN_SULFATE_BIOSYNTHESIS	-1.8441882998183168	0.03125	1.0	0.1256676470472539	0.0	0.035	0.12228304978521795	0.34419087268107507	0.017895034542818898	False	False	1	fragile
REACTOME_ADHERENS_JUNCTIONS_INTERACTIONS	-2.9341524578103884	0.02625	1.0	-0.13785723474416836	0.0	0.0	-0.12421945142737423	1.0835610997493617	0.8599909564746482	False	False	1	fragile
REACTOME_INCRETIN_SYNTHESIS_SECRETION_AND_INACTIVATION	-2.036433278404179	0.02625	1.0	-0.12270650963801526	0.0	0.05375	-0.13889610272104924	1.9600360090137765	0.17486955048823738	False	False	1	fragile
REACTOME_PROSTANOID_LIGAND_RECEPTORS	-2.246840600224102	0.02	1.0	0.09980258391701062	0.0	0.0225	0.10858918330428326	0.07388299356847731	0.003240455305646883	False	False	1	fragile
REACTOME_GENERATION_OF_SECOND_MESSENGER_MOLECULES	-1.7586431433295413	0.0125	1.0	0.133823135461539	0.0	0.00375	0.13926850922407927	0.45954901643901036	0.026002738975448497	False	False	1	fragile
REACTOME_SYNTHESIS_SECRETION_AND_DEACYLATION_OF_GHRELIN	-3.5144918415722937	0.0125	1.0	-0.058422819846649085	0.0	0.09	-0.08461450673658823	1.1756768077157007	0.5188191679148337	False	False	1	fragile
REACTOME_TCR_SIGNALING	-1.9007477356716596	0.01	1.0	0.10003880507342994	0.0	0.00125	0.1051860672216104	0.4395796597095634	0.021666252330188693	False	False	1	fragile
REACTOME_CS_DS_DEGRADATION	-1.9984789041740356	0.00875	1.0	0.07281960767043566	0.0	0.01375	0.09821943187991314	0.8162160639579134	0.5140954133698956	False	False	1	fragile
REACTOME_NRIF_SIGNALS_CELL_DEATH_FROM_THE_NUCLEUS	-2.678974924586574	0.0075	1.0	-0.1255433642866678	0.0	0.0125	-0.08715499465860248	1.0131003307206987	0.9676615634724489	False	False	1	fragile
REACTOME_CELL_DEATH_SIGNALLING_VIA_NRAGE_NRIF_AND_NADE	-2.701407007801031	0.0075	1.0	0.17139597119004435	0.0	0.0375	0.20223004350814042	0.629344971804099	0.20804776352774323	False	False	1	fragile
REACTOME_DOWNSTREAM_SIGNALING_OF_ACTIVATED_FGFR	-2.978420166835833	0.00625	1.0	0.16112226015702366	0.0	0.0	0.10236638942141958	0.3595849738759549	0.014741027844020923	False	False	1	fragile
REACTOME_PLATELET_AGGREGATION_PLUG_FORMATION	-2.414791336727105	0.00625	1.0	0.02642848208216997	0.0	0.00125	0.02394662371857353	0.27602416361349785	0.007008254538791933	False	False	1	fragile
REACTOME_SIGNALING_BY_NOTCH3	-2.6324651117664835	0.0025	1.0	0.08115267768780779	0.0	0.00375	0.12261435101028377	0.5925752836228635	0.1524585142529652	False	False	1	fragile
REACTOME_AMINO_ACID_TRANSPORT_ACROSS_THE_PLASMA_MEMBRANE	-1.5540850054593454	0.0025	1.0	-0.10395662031451013	0.0	0.0525	-0.1478330777686826	1.9026069419364198	0.0957926363485489	False	False	1	fragile
REACTOME_PRE_NOTCH_EXPRESSION_AND_PROCESSING	-1.6417429265262664	0.00125	1.0	0.14864431254378765	0.0	0.0	0.11064755165545768	0.3606834244258673	0.01006503235166799	False	False	1	fragile
REACTOME_ACTIVATION_OF_RAC	-2.807131494296807	0.00125	1.0	0.013860909899296088	0.0	0.0	-0.021801565762967233	0.8311525658874449	0.5568826700219174	False	False	1	fragile
REACTOME_COSTIMULATION_BY_THE_CD28_FAMILY	-1.5157860230295312	0.00125	1.0	0.12963756429049667	0.0	0.0	0.1374229899709893	0.41241536052742234	0.023583658793306515	False	False	1	fragile
REACTOME_IL_RECEPTOR_SHC_SIGNALING	-2.906281813106716	0.00125	1.0	0.006610524610955111	0.0	0.0025	0.040092521818598285	0.5998088932022043	0.15206178879630666	False	False	1	fragile
REACTOME_CTNNB1_PHOSPHORYLATION_CASCADE	-1.901186133682425	0.0	0.0	-0.03181339556797676	0.0	0.0	-0.04329055985916226	0.5361144378672114	0.11761003365641325	True	False	1	fragile
REACTOME_NEF_MEDIATED_DOWNREGULATION_OF_MHC_CLASS_I_COMPLEX_CELL_SURFACE_EXPRESSION	-0.2410499635982584	0.0	0.0	0.08037201021654088	0.0	0.0	0.08174662213617429	1.3339207477527903	0.4481680240280178	True	False	1	fragile
REACTOME_DEVELOPMENTAL_BIOLOGY	-2.0746963092696293	0.0	0.0	-0.08809567239292793	0.0	0.0	-0.08122261005922159	0.4885937211913887	0.026998420334585133	True	False	1	fragile
REACTOME_SPRY_REGULATION_OF_FGF_SIGNALING	-3.5988387239810176	0.0	0.0	-0.023012461727730797	0.0	0.0	-0.023533404963423397	0.6188482348832104	0.2614803636522304	True	False	1	fragile
REACTOME_ABCA_TRANSPORTERS_IN_LIPID_HOMEOSTASIS	0.0946961372139204	0.0	0.0	-0.04908411899744028	0.0	0.0	-0.04869235711429701	0.5513586232984296	0.15406886285117502	True	False	1	fragile
REACTOME_TETRAHYDROBIOPTERIN_BH4_SYNTHESIS_RECYCLING_SALVAGE_AND_REGULATION	-1.40544151277401	0.0	0.0	-0.015061214699237038	0.0	0.0	-0.03080547288993145	0.9633386043866826	0.9133676531152136	True	False	1	fragile
REACTOME_NEGATIVE_REGULATION_OF_FGFR_SIGNALING	-3.319043913770087	0.0	0.0	-0.0435555765713553	0.0	0.0	-0.06765658824202517	0.5234274173674225	0.07614150877291652	True	False	1	fragile
REACTOME_VITAMIN_B5_PANTOTHENATE_METABOLISM	-1.1651207157387902	0.0	0.0	-0.1042453407442097	0.0	0.0	-0.10477210795119685	0.8791968491023597	0.7198900253492917	True	False	1	fragile
REACTOME_ANTIVIRAL_MECHANISM_BY_IFN_STIMULATED_GENES	-0.4999793920354479	0.0	0.0	-0.039976429855770115	0.0	0.0	-0.05112151791312728	0.5600017972566	0.26471744477283576	True	False	1	fragile
REACTOME_SIGNALING_BY_CONSTITUTIVELY_ACTIVE_EGFR	-3.308110734499832	0.0	0.0	-0.08606138687897369	0.0	0.04	-0.14320250719970903	0.9749136506063119	0.9477577609605639	True	False	1	fragile
REACTOME_GRB2_EVENTS_IN_ERBB2_SIGNALING	-4.092073050509611	0.0	0.0	0.08103331411382697	0.0	0.0	0.06822781988806187	1.0932558703366693	0.782343439890452	True	False	1	fragile
REACTOME_SIGNALING_BY_EGFR_IN_CANCER	-2.3458015024773373	0.0	0.0	-0.05434271698466902	0.0	0.0	-0.07602014542680738	0.5097983261675083	0.15515408092881652	True	False	1	fragile
REACTOME_PI3K_EVENTS_IN_ERBB4_SIGNALING	-2.4984061548176406	0.0	0.0	-0.020915354174192838	0.0	0.0	-0.003582513960606986	0.9495020185053273	0.8640451878863429	True	False	1	fragile
REACTOME_SHC1_EVENTS_IN_ERBB4_SIGNALING	-3.952981490319301	0.0	0.0	0.012470624090000755	0.0	0.0	-0.004961674535494769	1.1173025457079224	0.7568685836479543	True	False	1	fragile
REACTOME_PI3K_EVENTS_IN_ERBB2_SIGNALING	-2.012636352317128	0.0	0.0	-0.05456824769257361	0.0	0.0	-0.04293124020490951	0.9595126301146836	0.8903715889051701	True	False	1	fragile
REACTOME_PRE_NOTCH_TRANSCRIPTION_AND_TRANSLATION	-1.8178855667341092	0.0	0.0	-0.03826725124599561	0.0	0.0	-0.07752599703479367	0.33152542179282457	0.021439220822056935	True	False	1	fragile
REACTOME_ACTIVATED_NOTCH1_TRANSMITS_SIGNAL_TO_THE_NUCLEUS	-0.8188111948083516	0.0	0.0	-0.01461972242919269	0.0	0.0	-0.008182980808090738	0.6354290535384922	0.46388830571682116	True	False	1	fragile
REACTOME_TRAFFICKING_AND_PROCESSING_OF_ENDOSOMAL_TLR	-0.3018269358485013	0.0	0.0	-0.002579078087150285	0.0	0.0	0.002567915041231465	0.33111820600197106	0.012134053742052956	True	False	1	fragile
REACTOME_DOWNSTREAM_SIGNALING_EVENTS_OF_B_CELL_RECEPTOR_BCR	-0.0079407605532378	0.0	0.0	0.05148590764881142	0.0	0.0	0.04974744189581428	1.0356433716289337	0.8718574403653438	True	False	1	fragile
REACTOME_SIGNALING_BY_NOTCH2	-2.194560199756734	0.0	0.0	-0.09332089508849366	0.0	0.0	-0.06911321928017095	0.5525463636762349	0.10004702246070624	True	False	1	fragile
REACTOME_P38MAPK_EVENTS	-3.978415834624566	0.0	0.0	-0.07475708086751072	0.0	0.0	-0.061948598078865054	0.8154873955543788	0.6497216989125736	True	False	1	fragile
REACTOME_SIGNALLING_TO_P38_VIA_RIT_AND_RIN	-5.0619982178982	0.0	0.0	0.054888488724772026	0.0	0.0	0.007363977370989447	1.1192069692036495	0.7704308912416133	True	False	1	fragile
REACTOME_ACTIVATED_POINT_MUTANTS_OF_FGFR2	-2.938537648940588	0.0	0.0	-0.046927662515678675	0.0	0.0	-0.05584769546812525	0.5485702734595883	0.15518697719637414	True	False	1	fragile
REACTOME_PHOSPHOLIPID_METABOLISM	-1.393466028583236	0.0	0.0	-0.0605991837394411	0.0	0.0	-0.03325506813885929	0.4967915160195907	0.03390915042984467	True	False	1	fragile
REACTOME_GASTRIN_CREB_SIGNALLING_PATHWAY_VIA_PKC_AND_MAPK	-2.2784648454280565	0.0	0.0	-0.06757105491098701	0.0	0.0	-0.06829176891292298	0.40797500425773947	0.06919212648982888	True	False	1	fragile
REACTOME_SIGNALING_BY_FGFR1_MUTANTS	-3.26625253784951	0.0	0.0	-0.030068971196399525	0.0	0.00375	-0.061517604737519445	0.22698290037322555	0.010107200795021734	True	False	1	fragile
REACTOME_SIGNALING_BY_FGFR1_FUSION_MUTANTS	-3.386555974023004	0.0	0.0	-0.032605401478474925	0.0	0.01375	-0.08029964615169774	0.3070477990847214	0.00467038619902374	True	False	1	fragile
REACTOME_SIGNALING_BY_ACTIVATED_POINT_MUTANTS_OF_FGFR1	-4.019575179399199	0.0	0.0	-0.02262022996834927	0.0	0.0	-0.016279495015501334	0.7953906402379793	0.5338599557866153	True	False	1	fragile
REACTOME_PI_METABOLISM	-2.760935578404381	0.0	0.0	-0.034932565968580756	0.0	0.0	-0.06014476638996112	0.4971917331757542	0.03169935536632876	True	False	1	fragile
REACTOME_ABACAVIR_TRANSPORT_AND_METABOLISM	-1.05225116017145	0.0	0.0	-0.01693405148019559	0.0	0.0	-0.015553627080372985	0.741282025932542	0.353398609839466	True	False	1	fragile
REACTOME_CHONDROITIN_SULFATE_DERMATAN_SULFATE_METABOLISM	-1.3715694515531391	0.0	0.0	-0.11540337303712908	0.0	0.0	-0.10706318397242308	0.39990462021800405	0.029914980825594992	True	False	1	fragile
REACTOME_SYNTHESIS_OF_PC	-0.6942760210619149	0.0	0.0	-0.005892127421243839	0.0	0.0	-0.0013670281319758228	0.9868100320903391	0.9697956923401576	True	False	1	fragile
REACTOME_HS_GAG_BIOSYNTHESIS	-1.444058612083702	0.0	0.0	-0.04140569216621298	0.0	0.0	-0.0374387191002958	0.39963026502470167	0.0771297039214978	True	False	1	fragile
REACTOME_SIGNALING_BY_FGFR3_MUTANTS	-3.666103307056195	0.0	0.0	-0.04429879760008229	0.0	0.0	-0.039986500058398475	0.9185975245850925	0.7790989609041628	True	False	1	fragile
REACTOME_HEPARAN_SULFATE_HEPARIN_HS_GAG_METABOLISM	-1.219707235976346	0.0	0.0	-0.021012597541901573	0.0	0.0	-0.017777146947938895	0.4812819490709314	0.14951689590272055	True	False	1	fragile
REACTOME_GLYCOSAMINOGLYCAN_METABOLISM	-0.7930261896977244	0.0	0.0	-0.05278921728719165	0.0	0.0	-0.04914172133440249	0.4763579380691581	0.06845163703425859	True	False	1	fragile
REACTOME_ACYL_CHAIN_REMODELLING_OF_PG	-0.4554344781332952	0.0	0.0	0.08041460696979211	0.0	0.0	0.08478350245987394	1.1494893563506186	0.7837818514599969	True	False	1	fragile
REACTOME_SIGNALING_BY_FGFR_MUTANTS	-3.2400721453081083	0.0	0.0	-0.07650009681621574	0.0	0.00125	-0.13157958077455972	0.1836096733424568	0.013057194068673807	True	False	1	fragile
REACTOME_VEGF_LIGAND_RECEPTOR_INTERACTIONS	-5.331145642165578	0.0	0.0	-0.06757272021760341	0.0	0.0	-0.03144990234035776	0.5344176376166536	0.08746718285439053	True	False	1	fragile
REACTOME_ERKS_ARE_INACTIVATED	0.0914545738048789	0.0	0.0	-0.021520048931933138	0.0	0.0	-0.022307480974481323	0.680247280543875	0.26861529880532675	True	False	1	fragile
REACTOME_DOWNSTREAM_TCR_SIGNALING	-2.4248888710462952	0.0	0.0	-0.0008222673632563961	0.0	0.0	0.03550386069137312	0.40438724731156944	0.016391875106355435	True	False	1	fragile
REACTOME_GAB1_SIGNALOSOME	-2.129289276540215	0.0	0.0	-0.05342902546770807	0.0	0.0	-0.042733644212497694	0.9896646965632574	0.9759551058135852	True	False	1	fragile
REACTOME_PHOSPHORYLATION_OF_CD3_AND_TCR_ZETA_CHAINS	0.080367223286052	0.0	0.0	-0.0428330518586466	0.0	0.0	-0.04110066736929075	0.44134061882185643	0.02096999202135248	True	False	1	fragile
REACTOME_FATTY_ACYL_COA_BIOSYNTHESIS	0.1529522738507233	0.0	0.0	0.09399307440639978	0.0	0.0	0.0936312219575497	1.5248954739863918	0.23484662908725307	True	False	1	fragile
REACTOME_NRAGE_SIGNALS_DEATH_THROUGH_JNK	-4.211659182258116	0.0	0.0	-0.02189052804920441	0.0	0.0	0.009019176215843772	0.46761829583835274	0.07185273594821216	True	False	1	fragile
REACTOME_NEURONAL_SYSTEM	-1.9400826695589328	0.0	0.0	0.091174029340815	0.0	0.0	0.11107932418279334	1.684879546418903	0.19609180140211913	True	False	1	fragile
REACTOME_P75_NTR_RECEPTOR_MEDIATED_SIGNALLING	-1.831408263205792	0.0	0.0	-0.04862764273408659	0.0	0.0	-0.03473244997533989	0.6803954761882838	0.3430987862639404	True	False	1	fragile
REACTOME_SIGNALING_BY_GPCR	-1.0227118835723934	0.0	0.0	-0.023603058735070327	0.0	0.0	-0.02207586758052353	0.45041971839062234	0.051881102387259	True	False	1	fragile
REACTOME_INTEGRATION_OF_ENERGY_METABOLISM	-0.7534094767268732	0.0	0.0	-0.0010890411409987723	0.0	0.0	-0.0045380594152313585	0.5820332304716719	0.11248408800328503	True	False	1	fragile
REACTOME_NEUROTRANSMITTER_RECEPTOR_BINDING_AND_DOWNSTREAM_TRANSMISSION_IN_THE_POSTSYNAPTIC_CELL	-1.449583653942954	0.0	0.0	-0.06381299756057639	0.0	0.0	-0.07032981705297903	0.8210618971032342	0.6425724701853814	True	False	1	fragile
REACTOME_DIABETES_PATHWAYS	-0.5170100894872692	0.0	0.0	-0.18456686735031766	0.0	0.0	-0.1807728561498646	0.7642700843140297	0.40489663965437883	True	False	1	fragile
REACTOME_REGULATION_OF_INSULIN_LIKE_GROWTH_FACTOR_IGF_ACTIVITY_BY_INSULIN_LIKE_GROWTH_FACTOR_BINDING_PROTEINS_IGFBPS	-4.188453274357252	0.0	0.0	-0.032373201023308006	0.0	0.0	0.0439515671867761	0.5208865766274362	0.15437033654462032	True	False	1	fragile
REACTOME_PEPTIDE_HORMONE_BIOSYNTHESIS	-0.6218809294251365	0.0	0.0	-0.011607741830864892	0.0	0.0	-0.009363617646079252	0.5932523381444321	0.16878835550453253	True	False	1	fragile
REACTOME_AMINE_DERIVED_HORMONES	-0.7609757676907737	0.0	0.0	-0.060850679629577485	0.0	0.0	-0.06301735957139655	0.5964148559305161	0.21844491894853613	True	False	1	fragile
REACTOME_ELEVATION_OF_CYTOSOLIC_CA2_LEVELS	-0.866120193511328	0.0	0.0	-0.055195914547773395	0.0	0.0	-0.05153459851742409	0.7670455722190166	0.2331529630171606	True	False	1	fragile
REACTOME_HORMONE_LIGAND_BINDING_RECEPTORS	-1.7102612653866986	0.0	0.0	0.022966432158515983	0.0	0.0	0.02923198437487275	1.4309974682623336	0.4652251127948248	True	False	1	fragile
REACTOME_GPVI_MEDIATED_ACTIVATION_CASCADE	-2.0326793571160446	0.0	0.0	-0.005493202054842313	0.0	0.0	0.021099267714687085	0.2905194415048055	0.010545290974736556	True	False	1	fragile
REACTOME_AXON_GUIDANCE	-3.0553883920805216	0.0	0.0	-0.07075690978111968	0.0	0.0	-0.05936461056990854	0.5742670383493041	0.1021140001674893	True	False	1	fragile
REACTOME_G_ALPHA_Q_SIGNALLING_EVENTS	-1.213924623083222	0.0	0.0	-0.003423091476122816	0.0	0.0	-0.002203803205253222	0.39254907526365823	0.059168244713464636	True	False	1	fragile
REACTOME_NCAM1_INTERACTIONS	-0.2391288373443385	0.0	0.0	-0.02129322627529452	0.0	0.0	-0.018501418261900843	0.7115654800565161	0.3524234918150497	True	False	1	fragile
REACTOME_CLASS_C_3_METABOTROPIC_GLUTAMATE_PHEROMONE_RECEPTORS	-0.7663809605138998	0.0	0.0	0.036097121388475165	0.0	0.0	0.03700757852851051	1.1740738250219191	0.7094155980695825	True	False	1	fragile
REACTOME_REGULATION_OF_INSULIN_SECRETION	-1.147016227402934	0.0	0.0	-0.016347990279024796	0.0	0.0	-0.02225943900882984	0.8335329976959972	0.6574307994676497	True	False	1	fragile
REACTOME_NCAM_SIGNALING_FOR_NEURITE_OUT_GROWTH	-3.6972634831400777	0.0	0.0	-0.023540348444389004	0.0	0.0	-0.012444264114652841	0.6281983210512838	0.2330374667288575	True	False	1	fragile
REACTOME_NUCLEOTIDE_LIKE_PURINERGIC_RECEPTORS	-0.6211367776352267	0.0	0.0	-0.036071867929505314	0.0	0.0	-0.0388887229692296	0.31745059886809157	0.006970200953711706	True	False	1	fragile
REACTOME_UNFOLDED_PROTEIN_RESPONSE	-1.4737601733361727	0.0	0.0	-0.05972499902827811	0.0	0.0	-0.04273559168471322	0.6779946301246641	0.20937542783732144	True	False	1	fragile
REACTOME_G_ALPHA1213_SIGNALLING_EVENTS	-1.8906460308498565	0.0	0.0	-0.0532854533561878	0.0	0.0	-0.04648673865676649	0.36261545709506116	0.02190215707799244	True	False	1	fragile
REACTOME_ADP_SIGNALLING_THROUGH_P2RY1	-1.1031375996307786	0.0	0.0	-0.10033930148873756	0.0	0.0	-0.09692487710090875	0.7519088572048949	0.38163607812160705	True	False	1	fragile
REACTOME_OTHER_SEMAPHORIN_INTERACTIONS	-1.6908152753286023	0.0	0.0	-0.0022416431178007156	0.0	0.0	0.008309481442362881	0.47958443476360735	0.032337327372093376	True	False	1	fragile
REACTOME_SEMAPHORIN_INTERACTIONS	-2.1226164448020315	0.0	0.0	-0.05513757261163933	0.0	0.0	-0.0472826097903843	0.47596671544103586	0.03557620095067422	True	False	1	fragile
REACTOME_PD1_SIGNALING	-0.3625881826031005	0.0	0.0	-0.052986389765733825	0.0	0.0	-0.04836392555141846	0.45877568388773865	0.03375255112599231	True	False	1	fragile
REACTOME_AMINO_ACID_AND_OLIGOPEPTIDE_SLC_TRANSPORTERS	-0.4047115422719604	0.0	0.0	0.007212253817813488	0.0	0.0	0.006022726455275942	1.752666263712724	0.11065598010774776	True	False	1	fragile
REACTOME_RECEPTOR_LIGAND_BINDING_INITIATES_THE_SECOND_PROTEOLYTIC_CLEAVAGE_OF_NOTCH_RECEPTOR	-0.8988287138750265	0.0	0.0	-0.12096653411228651	0.0	0.0	-0.11687018459721467	0.38800787949398396	0.017073029253764107	True	False	1	fragile
REACTOME_SIGNAL_AMPLIFICATION	-0.6762674987001046	0.0	0.0	-0.021845125920293	0.0	0.0	-0.020003164517119112	0.6548106157345606	0.22961792731668462	True	False	1	fragile
REACTOME_CREB_PHOSPHORYLATION_THROUGH_THE_ACTIVATION_OF_RAS	-2.8708467807862443	0.0	0.0	-0.029070806444877695	0.0	0.0	0.0064766641482984855	0.7844467971428216	0.5430835997783199	True	False	1	fragile
REACTOME_BILE_SALT_AND_ORGANIC_ANION_SLC_TRANSPORTERS	-0.1534845019916078	0.0	0.0	-0.008971345907609583	0.0	0.0	-0.010739844516349384	0.7195342654615092	0.3714278700932876	True	False	1	fragile
REACTOME_PYRUVATE_METABOLISM	-0.2396082698118398	0.0	0.0	0.09884123905404434	0.0	0.0	0.10005865965582758	1.2728127957289501	0.46031086170450397	True	False	1	fragile
REACTOME_MYOGENESIS	-0.8018591851807289	0.0	0.0	-0.02378434701011361	0.0	0.0	-0.028896798763631288	0.13146028701909612	0.001468860595641442	True	False	1	fragile
REACTOME_PHOSPHOLIPASE_C_MEDIATED_CASCADE	-2.3335026944915587	0.0	0.0	-0.01876216007553408	0.0	0.0	-0.05599205209961916	0.41395011146381233	0.023088738236060773	True	False	1	fragile
REACTOME_SHC_MEDIATED_CASCADE	-3.8477893470346807	0.0	0.0	-0.13053826912949737	0.0	0.00625	-0.16203246227574147	0.5336166323064679	0.08848214772980431	True	False	1	fragile
REACTOME_EFFECTS_OF_PIP2_HYDROLYSIS	-1.2639031739688626	0.0	0.0	-0.0010811505120586617	0.0	0.0	-0.0023600108778062427	0.30768046220219525	0.021789495539703458	True	False	1	fragile
REACTOME_ROLE_OF_DCC_IN_REGULATING_APOPTOSIS	0.0628546830596003	0.0	0.0	-0.1182372443188993	0.0	0.0	-0.1176066417975572	0.727168250094169	0.1872943186732614	True	False	1	fragile
REACTOME_L1CAM_INTERACTIONS	-1.6226164258941256	0.0	0.0	-0.11079120943833479	0.0	0.0	-0.10402798125799526	0.708106415200961	0.2860350464378286	True	False	1	fragile
REACTOME_ROLE_OF_SECOND_MESSENGERS_IN_NETRIN1_SIGNALING	-3.593901303357755	0.0	0.0	-0.05079386697476906	0.0	0.0	-0.07956465668821577	0.9327259088549007	0.8550643635154866	True	False	1	fragile
REACTOME_SIGNALING_BY_ILS	-2.1146726565873117	0.0	0.0	-0.007604168624028233	0.0	0.0	0.00977611661607741	0.43253871019610973	0.040390232960237735	True	False	1	fragile
REACTOME_SIGNAL_TRANSDUCTION_BY_L1	-2.4535725449946555	0.0	0.0	-0.0035528228140329467	0.0	0.0	0.03550386216633961	0.424244673370988	0.05007210954796013	True	False	1	fragile
REACTOME_RNA_POL_I_PROMOTER_OPENING	-1.4595112858364965	0.0	0.0	0.016116094138443667	0.0	0.0	0.004945421853232496	2.60002752339466	0.006999087054407092	True	False	1	fragile
REACTOME_ORGANIC_CATION_ANION_ZWITTERION_TRANSPORT	-1.2275376679605337	0.0	0.0	0.02672105853009984	0.0	0.0	0.023862932230752087	1.768242007439518	0.21627539256731243	True	False	1	fragile
REACTOME_REGULATION_OF_SIGNALING_BY_CBL	-2.9143068131767125	0.0	0.0	-0.012322478774324188	0.0	0.0	0.007008464581235302	0.25148980115990155	0.005158950225396538	True	False	1	fragile
REACTOME_CALNEXIN_CALRETICULIN_CYCLE	0.1691109224096676	0.0	0.0	0.032460461624043147	0.0	0.0	0.031947344268465766	1.00737829685826	0.9775399610167658	True	False	1	fragile
REACTOME_SYNTHESIS_SECRETION_AND_INACTIVATION_OF_GIP	-1.2824306245894777	0.0	0.0	0.03685415730046473	0.0	0.0	0.020256976152830907	1.4651445001384868	0.46466961175372534	True	False	1	fragile
REACTOME_NEPHRIN_INTERACTIONS	-3.7052984550572847	0.0	0.0	-0.0024977025660596194	0.0	0.0	0.0083330740441073	0.26567864408393477	0.0052830612541494805	True	False	1	fragile
REACTOME_IL_3_5_AND_GM_CSF_SIGNALING	-2.2459107906021334	0.0	0.0	-0.013425663970120117	0.0	0.0	0.00835270332390777	0.4436341268812134	0.04394398230033529	True	False	1	fragile
REACTOME_RAP1_SIGNALLING	-0.4427840043245913	0.0	0.0	-0.12975908060488284	0.0	0.0	-0.13176861203217974	0.27461098752227153	0.01167628977486952	True	False	1	fragile
REACTOME_TRANSPORT_OF_ORGANIC_ANIONS	-0.992836410243682	0.0	0.0	-0.023328645707673346	0.0	0.0	-0.01885721260999844	0.9436272211094748	0.8389490603466371	True	False	1	fragile
REACTOME_REGULATION_OF_IFNG_SIGNALING	-0.5164745156658345	0.0	0.0	-0.005504259008373424	0.0	0.0	0.0002361316344608339	0.6268097788710505	0.14478272990062863	True	False	1	fragile
REACTOME_INTRINSIC_PATHWAY	-0.5158737142894595	0.0	0.0	-0.0578277576761935	0.0	0.0	-0.05735351681220781	0.7703138477589103	0.5612232980305898	True	False	1	fragile
REACTOME_HEMOSTASIS	-0.8967895735968797	0.0	0.0	-0.15435513785892988	0.0	0.0	-0.152718887922757	0.4498504941300904	0.050508278451960605	True	False	1	fragile
REACTOME_EARLY_PHASE_OF_HIV_LIFE_CYCLE	-0.112189320175783	0.0	0.0	-0.07455976868682265	0.0	0.0	-0.07599841713057814	0.4386656699498263	0.04024811677744513	True	False	1	fragile
REACTOME_THE_ROLE_OF_NEF_IN_HIV1_REPLICATION_AND_DISEASE_PATHOGENESIS	-0.4626151593845738	0.0	0.0	-0.05475232894933274	0.0	0.0	-0.05282678864365274	0.6744061867955092	0.24476072166743956	True	False	1	fragile
REACTOME_IMMUNE_SYSTEM	-0.1309555531434851	0.0	0.0	-0.0024199102848007675	0.0	0.0	-0.0020053580776867677	0.40601418121157	0.03923152153509908	True	False	1	fragile
REACTOME_VOLTAGE_GATED_POTASSIUM_CHANNELS	-0.1967347995617695	0.0	0.0	-0.008267349962605022	0.0	0.0	-0.005171319303741047	0.5984295898128815	0.29256110133664126	True	False	1	fragile
REACTOME_ADAPTIVE_IMMUNE_SYSTEM	-0.7596895973262767	0.0	0.0	-0.0369087786232031	0.0	0.0	-0.03879991554001655	0.46796660134549306	0.07570696229331102	True	False	1	fragile
REACTOME_THE_NLRP3_INFLAMMASOME	-0.2457015132956375	0.0	0.0	-0.12996362968091768	0.0	0.0	-0.1256356575576477	0.48225073967392396	0.05734682807585524	True	False	1	fragile
REACTOME_PIP3_ACTIVATES_AKT_SIGNALING	-0.5553102270355857	0.0	0.0	-0.14393747228902726	0.0	0.0	-0.1427339691263919	0.96479848764579	0.9203720731633032	True	False	1	fragile
REACTOME_AMYLOIDS	-2.119643758013886	0.0	0.0	0.09247891139019485	0.0	0.0	0.09847264263423358	2.031718413984802	0.07921903526166278	True	False	1	fragile
REACTOME_PLATELET_ACTIVATION_SIGNALING_AND_AGGREGATION	-0.6461263300474933	0.0	0.0	-0.03842240131795919	0.0	0.0	-0.03491702009119094	0.2694805740039896	0.01162838524403417	True	False	1	fragile
REACTOME_CREATION_OF_C4_AND_C2_ACTIVATORS	-0.3799909215707288	0.0	0.0	-0.004124251107451493	0.0	0.0	-0.0035949379388280378	0.6256451861239185	0.13097847360476012	True	False	1	fragile
REACTOME_FGFR_LIGAND_BINDING_AND_ACTIVATION	-2.7940898489520496	0.0	0.0	-0.052213847855049324	0.0	0.0	-0.07271384391559209	0.566445069962068	0.1143407555268941	True	False	1	fragile
REACTOME_FGFR2C_LIGAND_BINDING_AND_ACTIVATION	-3.436828523038318	0.0	0.0	-0.03913698572917719	0.0	0.0	-0.03360190506193845	0.621024761247493	0.2392024756068606	True	False	1	fragile
REACTOME_METABOLISM_OF_PORPHYRINS	0.1193895069031438	0.0	0.0	0.09634159017908404	0.0	0.0	0.09569375020785229	1.4497380166935223	0.28950028489897983	True	False	1	fragile
REACTOME_GAP_JUNCTION_ASSEMBLY	-0.5173334439410627	0.0	0.0	-0.08975824516955534	0.0	0.0	-0.08611524158261132	0.33456846355879977	0.020045865377802133	True	False	1	fragile
REACTOME_SHC_RELATED_EVENTS	-4.155532242018752	0.0	0.0	-0.051172487661291885	0.0	0.0	-0.05699428187828449	0.7902061853193303	0.5218552726989512	True	False	1	fragile
REACTOME_PYRUVATE_METABOLISM_AND_CITRIC_ACID_TCA_CYCLE	-0.0062426695299712	0.0	0.0	-0.0392491502463667	0.0	0.0	-0.03878746378778284	1.5532202885521713	0.23180414684605988	False	False	0	fragile
REACTOME_APOPTOTIC_CLEAVAGE_OF_CELLULAR_PROTEINS	-1.894660825373303	0.0	0.0	0.009267169855718816	0.0	0.0	0.0021927324692333923	0.4237402352212281	0.02479159316080252	False	False	0	fragile
REACTOME_RECYCLING_OF_BILE_ACIDS_AND_SALTS	-0.740173848215277	0.0	0.0	-0.13148303401040942	0.0	0.0	-0.1309184129984761	1.1259208177804396	0.7586281379528665	False	False	0	fragile
REACTOME_SIGNALLING_BY_NGF	-2.7592182884912253	0.0	0.0	0.04055441702204986	0.0	0.0	0.04963129669836943	0.3517459876237429	0.009370191530913573	False	False	0	fragile
REACTOME_INSULIN_RECEPTOR_RECYCLING	-2.8527019668344056	0.0	0.0	-0.05159521203213915	0.0	0.0	0.02025056371839162	1.3450354156003135	0.2104786640851597	False	False	0	fragile
REACTOME_DAG_AND_IP3_SIGNALING	-1.338849692451541	0.0	0.0	0.005748607105539098	0.0	0.0	-0.006984245899626709	0.41901592206286026	0.013964767091522287	False	False	0	fragile
REACTOME_CELL_CELL_COMMUNICATION	-1.123003291952455	0.0	0.0	0.12495321318189373	0.0	0.0	0.14108582930880542	0.6889715881357192	0.23845888252617353	False	False	0	fragile
REACTOME_ENDOSOMAL_VACUOLAR_PATHWAY	-0.0353229200821243	0.0	0.0	0.06050382456899497	0.0	0.0	0.0629872142921253	0.8682857854730389	0.5869441970696804	False	False	0	fragile
REACTOME_GAMMA_CARBOXYLATION_TRANSPORT_AND_AMINO_TERMINAL_CLEAVAGE_OF_PROTEINS	-0.6892677873548293	0.0	0.0	-0.09665706969876578	0.0	0.0	-0.09549449691426387	1.14712918520251	0.8045238709573916	False	False	0	fragile
REACTOME_PROLACTIN_RECEPTOR_SIGNALING	-1.0810275070315751	0.0	0.0	0.06719996055041644	0.0	0.0	0.059133921146722744	0.22550588196664623	0.002687432144832306	False	False	0	fragile
REACTOME_TERMINATION_OF_O_GLYCAN_BIOSYNTHESIS	-0.8114776627372601	0.0	0.0	-0.06256672298335757	0.0	0.0	-0.05806245079681474	1.667651894711991	0.08605022989063003	False	False	0	fragile
REACTOME_DEGRADATION_OF_THE_EXTRACELLULAR_MATRIX	-0.3479853430313027	0.0	0.0	0.01945128944685505	0.0	0.0	0.027333535940097565	0.7924246404679333	0.48368425047351227	False	False	0	fragile
REACTOME_ANTIGEN_ACTIVATES_B_CELL_RECEPTOR_LEADING_TO_GENERATION_OF_SECOND_MESSENGERS	-2.4161228416461045	0.0	0.0	0.0838018622105486	0.0	0.0	0.11816663946253407	0.3365134676238561	0.026164802355325235	False	False	0	fragile
REACTOME_SIGNALING_BY_THE_B_CELL_RECEPTOR_BCR	-1.104225724169611	0.0	0.0	0.0836251318429138	0.0	0.0	0.07870738350911527	0.6937424195032922	0.2963557347077259	False	False	0	fragile
REACTOME_PRE_NOTCH_PROCESSING_IN_GOLGI	-0.6398039917132596	0.0	0.0	0.02372133918954909	0.0	0.0	0.022300120936274856	0.33593602535677847	0.006653886645821214	False	False	0	fragile
REACTOME_INSULIN_RECEPTOR_SIGNALLING_CASCADE	-3.3436835551384374	0.0	0.0	0.08380405061586645	0.0	0.0	0.035679228277015675	0.3213119035100619	0.01807570212538737	False	False	0	fragile
REACTOME_PROLONGED_ERK_ACTIVATION_EVENTS	-4.640977051003737	0.0	0.0	0.004397958162930446	0.0	0.0025	-0.053036726586374094	0.6441773281941398	0.35497013203047745	False	False	0	fragile
REACTOME_SIGNALLING_TO_RAS	-3.609533131560776	0.0	0.0	0.002036162264668287	0.0	0.0	0.04049264474657576	0.7518893857179199	0.4920196848397599	False	False	0	fragile
REACTOME_ACYL_CHAIN_REMODELLING_OF_PI	0.1492039250305753	0.0	0.0	-0.14657115873863102	0.0	0.0	-0.14518518063461985	1.0113502585003435	0.9832022776019284	False	False	0	fragile
REACTOME_TGF_BETA_RECEPTOR_SIGNALING_IN_EMT_EPITHELIAL_TO_MESENCHYMAL_TRANSITION	-0.4910048432723988	0.0	0.0	0.05157705742438397	0.0	0.0	0.05708307983407554	0.4815895014640929	0.05704456798165067	False	False	0	fragile
REACTOME_SIGNALING_BY_FGFR_IN_DISEASE	-3.90866401886494	0.0	0.0	0.0822417862296247	0.0	0.0	0.024021454470998394	0.28574942242877366	0.005755671005816401	False	False	0	fragile
REACTOME_SYNTHESIS_OF_PIPS_AT_THE_EARLY_ENDOSOME_MEMBRANE	-0.0062649043600348	0.0	0.0	0.008999468384767539	0.0	0.0	0.00694657336999798	0.7552127886177593	0.3730124644308338	False	False	0	fragile
REACTOME_ACYL_CHAIN_REMODELLING_OF_PC	0.165180944763766	0.0	0.0	0.014007939620167215	0.0	0.0	0.015055659379718606	0.845062043536057	0.7435615479223086	False	False	0	fragile
REACTOME_TGF_BETA_RECEPTOR_SIGNALING_ACTIVATES_SMADS	-0.5533800234787318	0.0	0.0	0.08759561979921633	0.0	0.0	0.08942730411571871	0.3378067075391809	0.010437006497279147	False	False	0	fragile
REACTOME_SYNTHESIS_OF_PIPS_AT_THE_LATE_ENDOSOME_MEMBRANE	-0.3049093653207871	0.0	0.0	-0.08975666840423926	0.0	0.0	-0.09353938340605977	1.0213677088012207	0.9438885133008136	False	False	0	fragile
REACTOME_HYALURONAN_UPTAKE_AND_DEGRADATION	-2.308684592685	0.0	0.0	0.027137976571924988	0.0	0.0	0.0207531001740744	0.9124707831093946	0.780017445568815	False	False	0	fragile
REACTOME_SYNTHESIS_OF_PIPS_AT_THE_PLASMA_MEMBRANE	-3.306323771478865	0.0	0.0	0.03331922797230086	0.0	0.0	0.02144335634019426	0.4389618932895973	0.009385908610423647	False	False	0	fragile
REACTOME_HYALURONAN_METABOLISM	-2.311331752097614	0.0	0.0	0.0788112915731827	0.0	0.00125	0.07966997325146669	0.7761798975870479	0.4517213763405069	False	False	0	fragile
REACTOME_REVERSIBLE_HYDRATION_OF_CARBON_DIOXIDE	-0.6236618669233832	0.0	0.0	-0.04861078099701722	0.0	0.0	-0.04277571964696735	2.3316452664791227	0.05569029986399911	False	False	0	fragile
REACTOME_APOPTOSIS_INDUCED_DNA_FRAGMENTATION	-0.0897219803687813	0.0	0.0	-0.010190807527093719	0.0	0.0	-0.014533168705270194	2.2015894222088845	0.03267312216110382	False	False	0	fragile
REACTOME_PLATELET_ADHESION_TO_EXPOSED_COLLAGEN	-0.9865745354283684	0.0	0.0	0.04836566244964547	0.0	0.0	0.056301369697052586	0.40259000597431815	0.015384063734438815	False	False	0	fragile
REACTOME_ENOS_ACTIVATION_AND_REGULATION	-0.7887927285017168	0.0	0.0	0.05192029958533935	0.0	0.0	0.04975397041624583	0.8514395951740511	0.5956314538679195	False	False	0	fragile
REACTOME_RETROGRADE_NEUROTROPHIN_SIGNALLING	-3.532441788528018	0.0	0.0	-0.001443674152555184	0.0	0.0	0.03194910079586474	1.051146687134788	0.8719417875283304	False	False	0	fragile
REACTOME_PI3K_AKT_ACTIVATION	-2.158120760362763	0.0	0.0	0.032778762435714114	0.0	0.0025	0.051258700200905	0.746441048294984	0.43705233456270187	False	False	0	fragile
REACTOME_REGULATION_OF_PYRUVATE_DEHYDROGENASE_PDH_COMPLEX	-0.1718386178347043	0.0	0.0	-0.047264521676816405	0.0	0.0	-0.04731066421345033	1.2985242173043812	0.5100286197688233	False	False	0	fragile
REACTOME_AKT_PHOSPHORYLATES_TARGETS_IN_THE_CYTOSOL	-1.1153512749950922	0.0	0.0	-0.07942727730545521	0.0	0.0	-0.06815632033250449	1.658161968131765	0.15525937370854093	False	False	0	fragile
REACTOME_ERK_MAPK_TARGETS	0.1833393224880902	0.0	0.0	0.04303397918743501	0.0	0.0	0.04323703974432945	0.4679382276960287	0.018331249910120213	False	False	0	fragile
REACTOME_RESPONSE_TO_ELEVATED_PLATELET_CYTOSOLIC_CA2_	-0.6607326432269888	0.0	0.0	0.010943428880722608	0.0	0.0	0.014497086388232877	0.4492092877185208	0.07414499498555496	False	False	0	fragile
REACTOME_P75NTR_RECRUITS_SIGNALLING_COMPLEXES	-2.0773887666944235	0.0	0.0	0.03348434388465978	0.0	0.0	0.047311585926505806	0.9178233215904203	0.7985314011767897	False	False	0	fragile
REACTOME_P75NTR_SIGNALS_VIA_NFKB	-2.3003948467007618	0.0	0.0	0.08591272506182042	0.0	0.0075	0.10335435766813575	0.8580391624978067	0.6450738328021144	False	False	0	fragile
REACTOME_INTEGRIN_CELL_SURFACE_INTERACTIONS	-1.0863365355102452	0.0	0.0	0.03424229492675896	0.0	0.0	0.042650305102910055	0.4933328846278761	0.05477222216408786	False	False	0	fragile
REACTOME_APOPTOTIC_CLEAVAGE_OF_CELL_ADHESION_PROTEINS	-1.583859778974334	0.0	0.0	0.009071960756045518	0.0	0.0	0.017614702796973566	0.373156413722061	0.008321524890898937	False	False	0	fragile
REACTOME_NOTCH_HLH_TRANSCRIPTION_PATHWAY	-0.2565016997304747	0.0	0.0	0.15413224496753902	0.0	0.0	0.15354319941627803	0.170309890775259	0.005639518659578645	False	False	0	fragile
REACTOME_CYTOSOLIC_TRNA_AMINOACYLATION	-1.045929954882338	0.0	0.0	-0.06654305551868624	0.0	0.0	-0.08214021421973751	1.7628633583151976	0.1057259295598403	False	False	0	fragile
REACTOME_GLYCOPROTEIN_HORMONES	-0.1533648082998293	0.0	0.0	0.06948485021042491	0.0	0.0	0.07035329111307165	0.4450250036045116	0.03295335149382208	False	False	0	fragile
REACTOME_ABC_FAMILY_PROTEINS_MEDIATED_TRANSPORT	-0.1472410153394343	0.0	0.0	0.041909944016354596	0.0	0.0	0.041473379140636715	0.6325957448957543	0.2764041259544304	False	False	0	fragile
REACTOME_INSULIN_SYNTHESIS_AND_PROCESSING	-3.5758548492947075	0.0	0.0	-0.04605507651677363	0.0	0.0	-0.04962656848290325	1.5622123871322036	0.3088276485104343	False	False	0	fragile
REACTOME_PEROXISOMAL_LIPID_METABOLISM	-0.5280384593698861	0.0	0.0	-0.006601183168607015	0.0	0.0	-0.007101420439746595	1.1360636529238437	0.7182115747745993	False	False	0	fragile
REACTOME_AMINE_LIGAND_BINDING_RECEPTORS	-0.1562661276438041	0.0	0.0	0.11752230476738855	0.0	0.0	0.1197692430655535	0.6419086239202922	0.3308043483669405	False	False	0	fragile
REACTOME_SEROTONIN_RECEPTORS	-1.2473874160191936	0.0	0.0	-0.06407375909613225	0.0	0.0	-0.07018765047774442	1.0936236883683697	0.7949475297613832	False	False	0	fragile
REACTOME_P2Y_RECEPTORS	-0.1108516135789452	0.0	0.0	0.08587821922002314	0.0	0.0	0.08303827051167137	0.40278373296537223	0.006763359042054866	False	False	0	fragile
REACTOME_EICOSANOID_LIGAND_BINDING_RECEPTORS	-1.7074737921892926	0.0	0.0	0.001932425234736119	0.0	0.0	-0.007705863049977047	0.22220325080611844	0.010191645939417534	False	False	0	fragile
REACTOME_REGULATION_OF_INSULIN_SECRETION_BY_ACETYLCHOLINE	-1.3764065868101756	0.0	0.0	0.10014147925333473	0.0	0.0	0.09549382834371588	0.4907143761947144	0.04627309603162246	False	False	0	fragile
REACTOME_TRAFFICKING_OF_GLUR2_CONTAINING_AMPA_RECEPTORS	-0.6947803225154159	0.0	0.0	-0.14581863268709833	0.0	0.0	-0.14657018365605493	2.088888333847025	0.1227726568729371	False	False	0	fragile
REACTOME_POST_TRANSLATIONAL_MODIFICATION_SYNTHESIS_OF_GPI_ANCHORED_PROTEINS	-0.1019222729477658	0.0	0.0	-0.005921687940699441	0.0	0.0	-0.0049332994998647645	1.4586761829979398	0.17764225520623345	False	False	0	fragile
REACTOME_CD28_CO_STIMULATION	-2.218276861617297	0.0	0.0	0.06550782556550895	0.0	0.0	0.029935223302607613	0.3935263173942285	0.030692938634646713	False	False	0	fragile
REACTOME_CRMPS_IN_SEMA3A_SIGNALING	-3.685601049313116	0.0	0.0	0.015824701772823694	0.0	0.0	0.014665561367947656	0.6769474408189613	0.3502075764491914	False	False	0	fragile
REACTOME_SEMA4D_IN_SEMAPHORIN_SIGNALING	-2.655991236373185	0.0	0.0	0.04259162541869766	0.0	0.0	0.05145120858640001	0.48695797138703756	0.04327439501738423	False	False	0	fragile
REACTOME_SEMA3A_PLEXIN_REPULSION_SIGNALING_BY_INHIBITING_INTEGRIN_ADHESION	-4.145719330697774	0.0	0.0	0.008031334175238805	0.0	0.0	0.010196116950008534	0.776090753153294	0.594698157432171	False	False	0	fragile
REACTOME_G_BETA_GAMMA_SIGNALLING_THROUGH_PI3KGAMMA	0.0919837686592452	0.0	0.0	0.061915429698078686	0.0	0.0	0.06170651037572245	0.6896282412212471	0.3412774521914358	False	False	0	fragile
REACTOME_TRANSPORT_OF_GLUCOSE_AND_OTHER_SUGARS_BILE_SALTS_AND_ORGANIC_ACIDS_METAL_IONS_AND_AMINE_COMPOUNDS	0.0835214369668044	0.0	0.0	-0.04820846681334165	0.0	0.0	-0.04743786069213256	1.0600162001001248	0.8840292700367298	False	False	0	fragile
REACTOME_CELL_CELL_JUNCTION_ORGANIZATION	-2.307566539583002	0.0	0.0	-0.08445252580560039	0.0	0.0	-0.06442102222506885	1.0437189685215582	0.8978946666554857	False	False	0	fragile
REACTOME_SIGNALING_BY_ROBO_RECEPTOR	-1.8628099706836925	0.0	0.0	0.06687295884675697	0.0	0.0	0.039005426454686354	0.6282353593342711	0.1684433791896236	False	False	0	fragile
REACTOME_TIGHT_JUNCTION_INTERACTIONS	-0.3684445997154266	0.0	0.0	-0.002419572705748381	0.0	0.0	0.0004910322555383117	1.0245971563413894	0.9395188813015956	False	False	0	fragile
REACTOME_CTLA4_INHIBITORY_SIGNALING	-1.9002826827824504	0.0	0.0	0.04771368314264964	0.0	0.0	0.04979077332581653	0.3411249103497839	0.019395415652283126	False	False	0	fragile
REACTOME_ZINC_TRANSPORTERS	-0.603240645312855	0.0	0.0	-0.02781216572220971	0.0	0.0	-0.027788158902659205	1.0373884670709403	0.9263399929142786	False	False	0	fragile
REACTOME_RAS_ACTIVATION_UOPN_CA2_INFUX_THROUGH_NMDA_RECEPTOR	-2.884301912213066	0.0	0.0	-0.0515714668807439	0.0	0.0	-0.03696729406658997	1.080443751378079	0.8453317042383548	False	False	0	fragile
REACTOME_METAL_ION_SLC_TRANSPORTERS	-0.5164740144363146	0.0	0.0	0.10057141912224168	0.0	0.0	0.1014543737977094	0.9347816932545027	0.8522662276006653	False	False	0	fragile
REACTOME_ACTIVATION_OF_NMDA_RECEPTOR_UPON_GLUTAMATE_BINDING_AND_POSTSYNAPTIC_EVENTS	-2.467424348429536	0.0	0.0	0.0582099677758489	0.0	0.0	0.07965113058441627	0.5754131900398392	0.2257483159862893	False	False	0	fragile
REACTOME_POST_NMDA_RECEPTOR_ACTIVATION_EVENTS	-2.6232425110505124	0.0	0.0	0.1213926474440671	0.0	0.00875	0.14907176416592577	0.5261338254939023	0.1353308655186149	False	False	0	fragile
REACTOME_CELL_JUNCTION_ORGANIZATION	-1.8910191230151765	0.0	0.0	0.11594316085434565	0.0	0.0	0.1512069911295082	0.9111648066329796	0.7521805268159818	False	False	0	fragile
REACTOME_FRS2_MEDIATED_CASCADE	-3.987393145827771	0.0	0.0	0.10586938089211843	0.0	0.0	0.06170086682369926	0.544573793273905	0.09770894486749644	False	False	0	fragile
REACTOME_PI_3K_CASCADE	-2.2903831096388654	0.0	0.0	0.012834888893254499	0.0	0.0	-0.0034758056438280614	0.45434375981695807	0.05870156123346168	False	False	0	fragile
REACTOME_THROMBIN_SIGNALLING_THROUGH_PROTEINASE_ACTIVATED_RECEPTORS_PARS	-0.5863815309333031	0.0	0.0	0.038017057222716415	0.0	0.0	0.03632113969315218	0.5595571961804677	0.16274888626822182	False	False	0	fragile
REACTOME_ENERGY_DEPENDENT_REGULATION_OF_MTOR_BY_LKB1_AMPK	-0.2202942864034328	0.0	0.0	0.0932465304296972	0.0	0.0	0.08973951049837042	0.3041760660699797	0.10152322735553988	False	False	0	fragile
REACTOME_INTERACTION_BETWEEN_L1_AND_ANKYRINS	0.1758811000462233	0.0	0.0	0.07255867435272605	0.0	0.0	0.07362586545029845	0.7096139924322977	0.33585928057576897	False	False	0	fragile
REACTOME_TRANSPORT_OF_VITAMINS_NUCLEOSIDES_AND_RELATED_MOLECULES	-0.2559595799323368	0.0	0.0	0.03199477920592367	0.0	0.0	0.03215013948394998	0.8315768247266719	0.5467314566568415	False	False	0	fragile
REACTOME_RECYCLING_PATHWAY_OF_L1	-2.554001722825681	0.0	0.0	0.0582479428206637	0.0	0.0	0.07368094574571445	0.6179412826380231	0.25437774396312807	False	False	0	fragile
REACTOME_NITRIC_OXIDE_STIMULATES_GUANYLATE_CYCLASE	-0.586467164177471	0.0	0.0	0.07682556616262529	0.0	0.0	0.07447543002476456	0.7047889581535345	0.40828481459851307	False	False	0	fragile
REACTOME_PLATELET_HOMEOSTASIS	0.0653173560254145	0.0	0.0	0.05206175343002152	0.0	0.0	0.05192503300948892	0.6671392773338616	0.25174182207457096	False	False	0	fragile
REACTOME_PLATELET_CALCIUM_HOMEOSTASIS	-0.3058217436608509	0.0	0.0	0.025625129836666257	0.0	0.0	0.026624168781403265	0.7269762715838155	0.18573507764440877	False	False	0	fragile
REACTOME_DESTABILIZATION_OF_MRNA_BY_BRF1	-0.88366999663109	0.0	0.0	-0.05747389586565998	0.0	0.0	-0.07324917923677629	1.5246562256651355	0.2689636333240567	False	False	0	fragile
REACTOME_DESTABILIZATION_OF_MRNA_BY_KSRP	-0.4767556076559653	0.0	0.0	-0.05886619167052506	0.0	0.0	-0.06592762066538771	1.4941135014665874	0.24804936655793153	False	False	0	fragile
REACTOME_DESTABILIZATION_OF_MRNA_BY_TRISTETRAPROLIN_TTP	0.1503015727096344	0.0	0.0	-0.04100986978530416	0.0	0.0	-0.04354669104627649	1.8269446913671046	0.12921580847626643	False	False	0	fragile
REACTOME_ADVANCED_GLYCOSYLATION_ENDPRODUCT_RECEPTOR_SIGNALING	-0.542771963207607	0.0	0.0	0.16534059098213263	0.0	0.0	0.16500225894238518	0.6176232274732288	0.15806085562337935	False	False	0	fragile
REACTOME_IL_2_SIGNALING	-2.7751108387966377	0.0	0.0	0.026851739243386245	0.0	0.0	0.04131968305468007	0.4166354858192238	0.052508440134561477	False	False	0	fragile
REACTOME_IL_6_SIGNALING	-2.501535166913979	0.0	0.0	0.03283398496298991	0.0	0.0	0.04622379728586054	0.37128575510644146	0.005539659335876861	False	False	0	fragile
REACTOME_SIGNALING_BY_NOTCH	-1.3567389056410246	0.0	0.0	0.049816918365530406	0.0	0.0	0.048698332721788355	0.37579030141859493	0.019164056338375042	False	False	0	fragile
REACTOME_SIGNALING_BY_INSULIN_RECEPTOR	-3.099159061694193	0.0	0.0	0.05000322428683186	0.0	0.0	0.03440991689676279	0.4174626370260766	0.07540087043716061	False	False	0	fragile
REACTOME_APOPTOSIS	-0.5864564695892054	0.0	0.0	0.023531276975079916	0.0	0.0	0.020173421131321104	0.8656895927203766	0.6664858999856667	False	False	0	fragile
REACTOME_ACTIVATION_OF_BH3_ONLY_PROTEINS	-1.651897708424137	0.0	0.0	0.06895550402321145	0.0	0.0	0.08440486563645141	0.9053276463751555	0.7488194634930103	False	False	0	fragile
REACTOME_CYTOKINE_SIGNALING_IN_IMMUNE_SYSTEM	-1.436907653001595	0.0	0.0	0.0512106378080614	0.0	0.0	0.06524913527895694	0.3951001368419674	0.030216501511520312	False	False	0	fragile
REACTOME_INFLAMMASOMES	-0.6146428124590653	0.0	0.0	0.064578092996609	0.0	0.0	0.07077420379770992	0.5351782196789722	0.09793225661342968	False	False	0	fragile
REACTOME_APOBEC3G_MEDIATED_RESISTANCE_TO_HIV1_INFECTION	-1.2361595404384098	0.0	0.0	0.0005807701679941824	0.0	0.0	-0.011187054774304378	0.950583385708247	0.8585269121533393	False	False	0	fragile
REACTOME_DIGESTION_OF_DIETARY_CARBOHYDRATE	-0.686114166315001	0.0	0.0	-0.021290042210454194	0.0	0.0	-0.023234797011554998	1.043631473434267	0.8495070508586784	False	False	0	fragile
REACTOME_FGFR1_LIGAND_BINDING_AND_ACTIVATION	-3.729833074028817	0.0	0.0	0.03423823066719539	0.0	0.0	0.03127441532585125	0.8145644205892991	0.557107075837903	False	False	0	fragile
REACTOME_INTRINSIC_PATHWAY_FOR_APOPTOSIS	-0.4121028227460335	0.0	0.0	-0.029244497983616766	0.0	0.0	-0.027081019276885034	1.0325036707012187	0.9149856016048142	False	False	0	fragile
REACTOME_PI3K_CASCADE	-2.1238823126824284	0.0	0.0	0.02847759507191243	0.0	0.0	-0.012279112762579253	0.3879787128203214	0.02417695358443941	False	False	0	fragile
REACTOME_APOPTOTIC_EXECUTION_PHASE	-1.6284744735530283	0.0	0.0	0.0503961007616559	0.0	0.0	0.021664559445418886	0.6435790255197692	0.292311239642011	False	False	0	fragile
