	proximity_z	rwr_z	selection_freq	sign_agreement	mean_coef	jackknife_retention	freq_current_rank	coef_current_rank	patient_adj_HR	patient_adj_p	patient_direction_agrees	consistent_across_versions	checks_passed	tier
REACTOME_METAL_ION_SLC_TRANSPORTERS	-3.774019295622289	-0.5203834960556202	0.97375	1.0	0.32959584624125005	1.0	0.9925	0.3461960153395827	0.945400787346151	0.8624389630016178	False	True	4	supported
REACTOME_TRANSPORT_OF_GLUCOSE_AND_OTHER_SUGARS_BILE_SALTS_AND_ORGANIC_ACIDS_METAL_IONS_AND_AMINE_COMPOUNDS	-2.4151942815409506	-0.5030553996583674	0.90625	1.0	0.2796940651703126	1.0	0.92125	0.2624853778776052	0.8491643927754668	0.5012069138611719	False	True	4	supported
REACTOME_SIGNALING_BY_RHO_GTPASES	-1.441817610645761	-5.174683227328649	0.5075	1.0	-0.16153357619509706	0.1875	0.3475	-0.13037828518637973	0.8508586173652225	0.5501202002039434	True	False	3	supported
REACTOME_TRAF6_MEDIATED_NFKB_ACTIVATION	-1.3400622061870109	-0.2691277305684876	0.37625	1.0	-0.16293824207979404	0.0625	0.285	-0.14919110591404564	0.9002323291230796	0.7355847177513538	True	False	2	fragile
REACTOME_NRIF_SIGNALS_CELL_DEATH_FROM_THE_NUCLEUS	-1.5072602269683275	-2.333116368420346	0.27875	1.0	0.10136219145026557	0.0625	0.00125	0.05115749885433159	1.5248638619988724	0.08297664178570623	True	False	2	fragile
REACTOME_DOWNREGULATION_OF_SMAD2_3_SMAD4_TRANSCRIPTIONAL_ACTIVITY	-1.4243899422473998	-0.4065783825933844	0.25375	1.0	-0.1470803240484488	0.0	0.39375	-0.15970499042949915	0.7182286351355217	0.34542926493253334	True	False	2	fragile
REACTOME_LIPID_DIGESTION_MOBILIZATION_AND_TRANSPORT	-1.720604028948603	-10.467874562542132	0.185	1.0	0.12422721486394804	0.0	0.36	0.137306169845583	3.0062380685111054	0.037126562251637234	True	False	2	fragile
REACTOME_LIPOPROTEIN_METABOLISM	-2.2210290359837592	-60.766381703671485	0.15	1.0	0.08775365345111581	0.0	0.17875	0.09874899081756837	1.5417576768267074	0.34203821825086933	True	False	2	fragile
REACTOME_TRANSFERRIN_ENDOCYTOSIS_AND_RECYCLING	-2.4680591894792165	-32.3017905717101	0.1425	1.0	0.12344228031408154	0.0	0.04375	0.04373927362842414	1.610435526375683	0.12000832597264914	True	False	2	fragile
REACTOME_NEF_MEDIATED_DOWNREGULATION_OF_MHC_CLASS_I_COMPLEX_CELL_SURFACE_EXPRESSION	-1.8996698883477237	-2.244274387965881	0.1025	1.0	-0.043680197804148085	0.0	0.2825	-0.06952910876033518	0.6326474349385924	0.23402652406237512	True	False	2	fragile
REACTOME_HOST_INTERACTIONS_OF_HIV_FACTORS	-1.7049858486761835	0.0446251625725999	0.06375	1.0	-0.03009587855276714	0.0	0.09625	-0.03364683768051807	0.9159022251615129	0.8113805410318811	True	False	2	fragile
REACTOME_HEMOSTASIS	-2.130320596508107	-6.5356800624358415	0.0475	1.0	0.06013998728478028	0.0	0.06875	0.07368787442171255	1.0544819613172498	0.8593877526840303	True	False	2	fragile
REACTOME_REGULATED_PROTEOLYSIS_OF_P75NTR	-1.4943455534014207	-0.3640015611915423	0.04625	1.0	0.0662894359871506	0.0	0.02125	0.04481090429245226	1.4130974834696481	0.1475052731264893	True	False	2	fragile
REACTOME_ACTIVATION_OF_CHAPERONES_BY_ATF6_ALPHA	-1.3053195609925228	0.1110936474180036	0.0425	1.0	-0.07606111066189639	0.0	0.08125	-0.10590337778494108	0.954057733851547	0.866247642996848	True	False	2	fragile
REACTOME_SIGNALING_BY_NOTCH2	-1.940216646442532	-0.6220432658545999	0.04	1.0	0.08668762682958292	0.0	0.02875	0.07415399134075291	1.157820714822409	0.6411825285335295	True	False	2	fragile
REACTOME_ENDOSOMAL_VACUOLAR_PATHWAY	-1.7287902736107807	-0.4709357717941194	0.035	1.0	0.07456767364362374	0.0	0.04625	0.07954493890414872	1.303678253098053	0.4486286047977476	True	False	2	fragile
REACTOME_ACTIVATION_OF_CHAPERONE_GENES_BY_ATF6_ALPHA	-1.4610884485474422	0.1102515316223423	0.03375	1.0	-0.08178440069259386	0.0	0.02625	-0.0853766219881479	0.8510824496162065	0.6014126664389968	True	False	2	fragile
REACTOME_IRON_UPTAKE_AND_TRANSPORT	-3.120204536181867	-10.167174169181518	0.02875	1.0	0.07656728261493327	0.0	0.21125	0.11275012931396848	1.589592562917686	0.13963091712545225	True	False	2	fragile
REACTOME_PTM_GAMMA_CARBOXYLATION_HYPUSINE_FORMATION_AND_ARYLSULFATASE_ACTIVATION	-1.9869463313947664	-5.949729606568907	0.02875	1.0	0.053354276569116524	0.0	0.0125	0.05942679395641793	1.440629295508433	0.2006954242790071	True	False	2	fragile
REACTOME_REGULATION_OF_COMPLEMENT_CASCADE	-1.8666429337585355	-1.5622466724705102	0.02	1.0	-0.06388838276788351	0.0	0.00375	-0.027890840756517467	0.9378591445110966	0.803468980055145	True	False	2	fragile
REACTOME_ANTIGEN_PROCESSING_CROSS_PRESENTATION	-1.3257732168642573	-0.0350619108625883	0.0175	1.0	0.04465317649991227	0.0	0.02375	0.02527809343110967	1.3091056667121843	0.5320168463192185	True	False	2	fragile
REACTOME_ANTIGEN_PRESENTATION_FOLDING_ASSEMBLY_AND_PEPTIDE_LOADING_OF_CLASS_I_MHC	-1.627627178301591	-0.473234372989168	0.01375	1.0	-0.030225538046723052	0.0	0.04875	-0.045474156887866234	0.8652107457898569	0.6703057496175945	True	False	2	fragile
REACTOME_BILE_ACID_AND_BILE_SALT_METABOLISM	-1.903962100309161	-0.0373013165722375	0.00625	1.0	0.06494763734386871	0.0	0.0675	0.09827166720174818	1.011393520120393	0.9649502695258524	True	False	2	fragile
REACTOME_GAMMA_CARBOXYLATION_TRANSPORT_AND_AMINO_TERMINAL_CLEAVAGE_OF_PROTEINS	-2.9589160890443496	-7.4845653887719905	0.00625	1.0	0.03652664675199042	0.0	0.01375	0.005260168094996912	1.5394664260068995	0.17318787224520038	True	False	2	fragile
REACTOME_ER_PHAGOSOME_PATHWAY	-1.439162970656737	-0.0433497836096888	0.0025	1.0	0.01658435081958513	0.0	0.00125	0.009848886896057703	1.0588724519458967	0.8856150484745924	True	False	2	fragile
REACTOME_P75NTR_RECRUITS_SIGNALLING_COMPLEXES	-1.6333851088038691	-1.4790035141502789	0.0025	1.0	-0.007656179959155889	0.0	0.0	-0.010475050842259708	0.9388210011909845	0.7909218011174477	True	False	2	fragile
REACTOME_P75NTR_SIGNALS_VIA_NFKB	-2.4208567195370274	-1.134705042202404	0.0025	1.0	-0.03095867114219261	0.0	0.00375	-0.045247612363868386	0.9366930092040863	0.7989944741446013	True	False	2	fragile
REACTOME_SIGNALING_BY_TGF_BETA_RECEPTOR_COMPLEX	-1.4127511858146238	0.0862221124823423	0.00125	1.0	-0.00406488141614759	0.0	0.0	0.006666122591307483	0.6325368580982109	0.16907229046174088	True	False	2	fragile
REACTOME_TRANSPORT_OF_ORGANIC_ANIONS	-2.827077535449599	-0.921385893689958	0.00125	1.0	-0.02416871377959563	0.0	0.0	0.023143114797456357	0.6816833117084957	0.21355125937893893	True	False	2	fragile
REACTOME_INITIAL_TRIGGERING_OF_COMPLEMENT	-1.6496390570421413	-1.0406353798440704	0.44125	1.0	-0.17157072009077529	0.0625	0.14875	-0.12242592596203805	1.2967317176369941	0.46095275023432636	False	False	1	fragile
REACTOME_RIP_MEDIATED_NFKB_ACTIVATION_VIA_DAI	-1.5998195468735923	-0.4430575565265418	0.3725	1.0	-0.14380759177124186	0.0	0.215	-0.13133969276034038	1.4939786276174656	0.2768695145929382	False	False	1	fragile
REACTOME_SYNTHESIS_AND_INTERCONVERSION_OF_NUCLEOTIDE_DI_AND_TRIPHOSPHATES	-1.8158348146507717	-1.7942343100058131	0.26375	1.0	0.12322554852671228	0.0625	0.20625	0.09560731060322017	0.9310095573816702	0.8687066633599729	False	False	1	fragile
REACTOME_ABC_FAMILY_PROTEINS_MEDIATED_TRANSPORT	-1.381123012315194	-0.1030998898623949	0.22875	1.0	0.12848068004820892	0.0625	0.06875	0.09989302697275627	0.915988328110683	0.7995031854067478	False	False	1	fragile
REACTOME_PEPTIDE_HORMONE_BIOSYNTHESIS	-1.3420874515957182	0.1593032826424499	0.14625	1.0	-0.10742490194825283	0.0	0.06625	-0.09238775184881833	1.3077861144931902	0.31455305609431816	False	False	1	fragile
REACTOME_ION_TRANSPORT_BY_P_TYPE_ATPASES	-1.4264041410495794	-0.5118416511242182	0.14375	1.0	0.09443877083004003	0.0	0.2275	0.11129499703333462	0.7400517091612956	0.2787261967813913	False	False	1	fragile
REACTOME_INTRINSIC_PATHWAY	-2.904440734834804	-7.000869378798573	0.1325	1.0	-0.10098325458913555	0.0625	0.15875	-0.11657837674107892	1.1826196924152168	0.7375204037077665	False	False	1	fragile
REACTOME_STEROID_HORMONES	-1.734768920764518	0.0793777650996868	0.1225	1.0	-0.12625625246845715	0.0	0.21875	-0.15520362490773917	1.2657484787483801	0.36253475954421555	False	False	1	fragile
REACTOME_SIGNALING_BY_NOTCH4	-1.7898367293457005	-0.6255945657572024	0.1	1.0	0.11732966055048259	0.0	0.05625	0.0897243178985882	0.8759584142619888	0.6521588649068333	False	False	1	fragile
REACTOME_ABACAVIR_TRANSPORT_AND_METABOLISM	-1.3742426221118127	-0.0212241493281403	0.0925	1.0	0.07563154418979925	0.0	0.13375	0.08740649808368373	0.8590098810402782	0.639805908406203	False	False	1	fragile
REACTOME_TRANSPORT_OF_VITAMINS_NUCLEOSIDES_AND_RELATED_MOLECULES	-2.302451476526587	-0.8732233198504493	0.07125	1.0	0.09116338911474114	0.0	0.0925	0.07334617561451666	0.6255733059862603	0.09183650601641008	False	False	1	fragile
REACTOME_SIGNALING_BY_NOTCH1	-1.385684153304938	0.010376172250367	0.06125	1.0	-0.07073059325356121	0.0	0.01875	-0.06430130590895451	1.1084813666739188	0.7367636438066671	False	False	1	fragile
REACTOME_ACTIVATED_NOTCH1_TRANSMITS_SIGNAL_TO_THE_NUCLEUS	-1.5349146673137075	-1.6345003927759412	0.04875	0.9487179487179487	0.01935526851541203	0.0	0.0575	0.07832220840892332	0.9281321807696098	0.7875133961884085	False	False	1	fragile
REACTOME_THE_NLRP3_INFLAMMASOME	-1.9959686565279997	-1.1129930883038974	0.0475	0.8421052631578947	-0.00011415818259758014	0.0	0.04625	-0.01138076304366853	0.9028878136517875	0.7490729466814416	True	False	1	fragile
REACTOME_IL_6_SIGNALING	-1.646530612788913	-0.1494624759904527	0.04375	0.8857142857142857	-0.0332241594666792	0.0	0.02875	-0.03977379253768019	0.8818219096569241	0.6536245713327882	True	False	1	fragile
REACTOME_RESPONSE_TO_ELEVATED_PLATELET_CYTOSOLIC_CA2_	-2.990693323540958	-14.641424140075602	0.04125	1.0	-0.08797399147519103	0.0	0.1025	-0.08090509220087051	1.5899750128540222	0.23534123020189424	False	False	1	fragile
REACTOME_SIGNALING_BY_NOTCH3	-1.854463370963988	-0.6247035952086172	0.03875	1.0	0.08276806528502366	0.0	0.03375	0.08098620016069677	0.9508784901000213	0.8674203080594922	False	False	1	fragile
REACTOME_BASE_FREE_SUGAR_PHOSPHATE_REMOVAL_VIA_THE_SINGLE_NUCLEOTIDE_REPLACEMENT_PATHWAY	-1.6165538225316431	-9.932838551784736	0.03375	1.0	0.07795333249352594	0.0	0.09	0.10434526837676643	0.7352381582721109	0.3116205286178493	False	False	1	fragile
REACTOME_DNA_REPAIR	-1.7413391116981003	-7.219343863562337	0.03125	1.0	0.055800798714747406	0.0	0.0225	0.05245797999016532	0.7629955385111062	0.4432974860406611	False	False	1	fragile
REACTOME_RESOLUTION_OF_AP_SITES_VIA_THE_MULTIPLE_NUCLEOTIDE_PATCH_REPLACEMENT_PATHWAY	-2.602645852354634	-9.895597610095349	0.03	1.0	0.0745828478843771	0.0	0.03125	0.08435904259753389	0.503250608213637	0.07225526524689253	False	False	1	fragile
REACTOME_AMYLOIDS	-2.344626932925816	-6.655847394784829	0.02625	1.0	0.05963883839971448	0.0	0.00875	0.034192457078360515	0.6216181964601526	0.24021570895836664	False	False	1	fragile
REACTOME_FORMATION_OF_FIBRIN_CLOT_CLOTTING_CASCADE	-2.223898809720255	-7.456149076222639	0.02125	1.0	-0.06466995788107288	0.0	0.0075	-0.037530516405469304	2.2521252251783452	0.12126798321584187	False	False	1	fragile
REACTOME_BASE_EXCISION_REPAIR	-2.520513859297964	-9.783994284851351	0.02	1.0	0.06931010545189517	0.0	0.03625	0.08404751622740365	0.5310708799370104	0.10660029668560642	False	False	1	fragile
REACTOME_COMMON_PATHWAY	-2.255664962259882	-20.83464457408268	0.02	1.0	-0.026656370318723074	0.0	0.01	-0.01481770254796789	2.847424294838225	0.03621329791240624	False	False	1	fragile
REACTOME_CIRCADIAN_CLOCK	-1.5181682808162236	-0.0164345186422436	0.0175	0.7142857142857143	0.013277273863654406	0.0	0.0775	0.04115695903702165	1.394668352906423	0.3027540232256035	True	False	1	fragile
REACTOME_REGULATION_OF_INSULIN_LIKE_GROWTH_FACTOR_IGF_ACTIVITY_BY_INSULIN_LIKE_GROWTH_FACTOR_BINDING_PROTEINS_IGFBPS	-2.358155979215927	-0.5380994205499819	0.015	0.8333333333333334	-0.0477732447110478	0.0	0.03875	-0.05333283848527248	0.49994264622556006	0.024809664860268622	True	False	1	fragile
REACTOME_HDL_MEDIATED_LIPID_TRANSPORT	-2.728748279673198	-82.62958322291111	0.00875	1.0	-0.03338351934404838	0.0	0.01125	-0.045474760865147824	1.8968314713377512	0.11290543767741278	False	False	1	fragile
REACTOME_P75_NTR_RECEPTOR_MEDIATED_SIGNALLING	-1.4043201292866707	0.0056521706516687	0.0075	1.0	-0.04135789208841802	0.0	0.01125	-0.0019103324797295062	1.021074757975135	0.9326705009579721	False	False	1	fragile
REACTOME_TGF_BETA_RECEPTOR_SIGNALING_ACTIVATES_SMADS	-1.995238625479952	0.0360035589178935	0.0075	1.0	0.039293008588172855	0.0	0.005	0.02571698536086271	0.680485622495574	0.2755203727647335	False	False	1	fragile
REACTOME_ABCA_TRANSPORTERS_IN_LIPID_HOMEOSTASIS	-1.971783764850929	-2.593230100184227	0.005	1.0	-0.00292142161472792	0.0	0.005	-0.024436151984614983	1.2430693018518255	0.46926864980068583	False	False	1	fragile
REACTOME_RECYCLING_OF_BILE_ACIDS_AND_SALTS	-2.733710444170052	-0.1916047744190002	0.005	1.0	0.06700945495639365	0.0	0.03875	0.10058449075544146	0.8235162538491572	0.5210813548731981	False	False	1	fragile
REACTOME_TGF_BETA_RECEPTOR_SIGNALING_IN_EMT_EPITHELIAL_TO_MESENCHYMAL_TRANSITION	-1.5581265594847802	-2.346942742235124	0.005	1.0	0.05845056764090548	0.0	0.075	0.07671099569443919	0.846341728734891	0.6207495820887663	False	False	1	fragile
REACTOME_METABOLISM_OF_STEROID_HORMONES_AND_VITAMINS_A_AND_D	-1.4905710968205577	0.1199551882910629	0.00375	1.0	-0.06013574744669575	0.0	0.01625	-0.0687456837635559	1.1927039332963838	0.4861209735476224	False	False	1	fragile
REACTOME_PLATELET_ACTIVATION_SIGNALING_AND_AGGREGATION	-1.9855168321086196	-9.434517658212716	0.0	0.0	0.02109911558636086	0.0	0.03375	0.028377946474366686	1.3197904992857001	0.38967287289051633	True	False	1	fragile
REACTOME_SMAD2_SMAD3_SMAD4_HETEROTRIMER_REGULATES_TRANSCRIPTION	-1.9963660388388285	-0.1015735473914239	0.0	0.0	-0.017683171197178195	0.0	0.0025	-0.036798053499593156	0.9130944035952772	0.7574279959958332	True	False	1	fragile
REACTOME_TRANSCRIPTIONAL_ACTIVITY_OF_SMAD2_SMAD3_SMAD4_HETEROTRIMER	-1.7592017189518807	-0.0502444012308542	0.0	0.0	-0.030400712815186505	0.0	0.00125	-0.04791889068270813	0.7671809130966929	0.4135750446135107	True	False	1	fragile
REACTOME_NFKB_IS_ACTIVATED_AND_SIGNALS_SURVIVAL	-2.513728925319646	-1.3858051715747473	0.0125	0.8	-0.04625165758748096	0.0	0.005	-0.05026064744179216	1.180588747956625	0.4679851317082069	False	False	0	fragile
REACTOME_DOWNREGULATION_OF_TGF_BETA_RECEPTOR_SIGNALING	-2.0969283102397203	0.0356828995297887	0.01	0.75	0.03246818619620618	0.0	0.00625	0.03656875277649599	0.6789203779286308	0.27379865646351975	False	False	0	fragile
REACTOME_INFLAMMASOMES	-1.6029718389845589	-0.6496132616659784	0.0075	0.3333333333333333	0.01979389226424545	0.0	0.0175	-0.012856030216600874	0.9529660303943828	0.8735171862985271	False	False	0	fragile
REACTOME_RESOLUTION_OF_AP_SITES_VIA_THE_SINGLE_NUCLEOTIDE_REPLACEMENT_PATHWAY	-1.3655320437556409	-9.826057917781032	0.0	0.0	0.02848988788621505	0.0	0.0075	0.06598505546114641	0.760337705997133	0.40265967369469646	False	False	0	fragile
