	coef_log_odds_response
REACTOME_SYNTHESIS_AND_INTERCONVERSION_OF_NUCLEOTIDE_DI_AND_TRIPHOSPHATES	-0.18524308048208715
REACTOME_EARLY_PHASE_OF_HIV_LIFE_CYCLE	-0.1656614727040422
REACTOME_METABOLISM_OF_VITAMINS_AND_COFACTORS	-0.15625965841714476
REACTOME_HS_GAG_DEGRADATION	-0.13994671391227806
REACTOME_PURINE_RIBONUCLEOSIDE_MONOPHOSPHATE_BIOSYNTHESIS	-0.13352862001048552
REACTOME_PI3K_AKT_ACTIVATION	-0.12671512637604082
REACTOME_ACTIVATION_OF_CHAPERONE_GENES_BY_XBP1S	-0.12468348289566787
REACTOME_ANDROGEN_BIOSYNTHESIS	-0.1173399699186819
REACTOME_INTERFERON_ALPHA_BETA_SIGNALING	-0.11667748856243579
REACTOME_LYSOSOME_VESICLE_BIOGENESIS	-0.11206315929080433
REACTOME_GAB1_SIGNALOSOME	-0.10602401620815481
REACTOME_PURINE_METABOLISM	-0.10595384962986691
REACTOME_CHONDROITIN_SULFATE_BIOSYNTHESIS	-0.10497394675991
REACTOME_FORMATION_OF_TRANSCRIPTION_COUPLED_NER_TC_NER_REPAIR_COMPLEX	-0.10309403725180043
REACTOME_DESTABILIZATION_OF_MRNA_BY_AUF1_HNRNP_D0	-0.10124400056138026
REACTOME_TRANSPORT_OF_VITAMINS_NUCLEOSIDES_AND_RELATED_MOLECULES	-0.10085170885902979
REACTOME_G_PROTEIN_ACTIVATION	-0.0988203032754762
REACTOME_CDC6_ASSOCIATION_WITH_THE_ORC_ORIGIN_COMPLEX	-0.09522372797786284
REACTOME_ACTIVATED_TAK1_MEDIATES_P38_MAPK_ACTIVATION	-0.09416554609221373
REACTOME_OTHER_SEMAPHORIN_INTERACTIONS	-0.09386556769588923
REACTOME_FGFR4_LIGAND_BINDING_AND_ACTIVATION	-0.09337275042748024
REACTOME_RNA_POL_III_TRANSCRIPTION_INITIATION_FROM_TYPE_2_PROMOTER	-0.09173055008239125
REACTOME_GLYCEROPHOSPHOLIPID_BIOSYNTHESIS	-0.09094136700937437
REACTOME_SIGNALING_BY_HIPPO	-0.0897798760398939
REACTOME_HORMONE_LIGAND_BINDING_RECEPTORS	-0.08843174540621106
REACTOME_PRE_NOTCH_TRANSCRIPTION_AND_TRANSLATION	-0.08800796722342263
REACTOME_GLYCOLYSIS	-0.08777722108672711
REACTOME_CROSS_PRESENTATION_OF_SOLUBLE_EXOGENOUS_ANTIGENS_ENDOSOMES	-0.08709968009528796
REACTOME_ANTIGEN_PRESENTATION_FOLDING_ASSEMBLY_AND_PEPTIDE_LOADING_OF_CLASS_I_MHC	-0.08703742096214738
REACTOME_EFFECTS_OF_PIP2_HYDROLYSIS	-0.08592604015970215
REACTOME_IRAK2_MEDIATED_ACTIVATION_OF_TAK1_COMPLEX_UPON_TLR7_8_OR_9_STIMULATION	-0.08582689758151564
REACTOME_MRNA_CAPPING	-0.08525229589029888
REACTOME_PD1_SIGNALING	-0.08463647878586578
REACTOME_PROTEOLYTIC_CLEAVAGE_OF_SNARE_COMPLEX_PROTEINS	-0.08420611088520269
REACTOME_MEMBRANE_TRAFFICKING	-0.0841656376280749
REACTOME_GRB2_EVENTS_IN_ERBB2_SIGNALING	-0.08356601737705055
REACTOME_RAF_MAP_KINASE_CASCADE	-0.08310521323582076
REACTOME_GAMMA_CARBOXYLATION_TRANSPORT_AND_AMINO_TERMINAL_CLEAVAGE_OF_PROTEINS	-0.08297146191042033
REACTOME_ACYL_CHAIN_REMODELLING_OF_PC	-0.08065808468124099
REACTOME_ACYL_CHAIN_REMODELLING_OF_PI	-0.07999090990648806
REACTOME_NEF_MEDIATED_DOWNREGULATION_OF_MHC_CLASS_I_COMPLEX_CELL_SURFACE_EXPRESSION	-0.07915360716966516
REACTOME_PLC_BETA_MEDIATED_EVENTS	-0.07891705392079745
REACTOME_EGFR_DOWNREGULATION	-0.0782610809808817
REACTOME_GLUCURONIDATION	-0.07768147072162027
REACTOME_CELL_JUNCTION_ORGANIZATION	-0.07750729974769985
REACTOME_BOTULINUM_NEUROTOXICITY	-0.07741991082122501
REACTOME_MICRORNA_MIRNA_BIOGENESIS	-0.07736065922620176
REACTOME_TRANS_GOLGI_NETWORK_VESICLE_BUDDING	-0.07602146129130663
REACTOME_HEPARAN_SULFATE_HEPARIN_HS_GAG_METABOLISM	-0.07536865933285647
REACTOME_MEMBRANE_BINDING_AND_TARGETTING_OF_GAG_PROTEINS	-0.07324262224953697
REACTOME_REGULATION_OF_GLUCOKINASE_BY_GLUCOKINASE_REGULATORY_PROTEIN	-0.07317562416985826
REACTOME_MRNA_DECAY_BY_5_TO_3_EXORIBONUCLEASE	-0.07276739490658385
REACTOME_TRAF6_MEDIATED_NFKB_ACTIVATION	-0.07255529957288212
REACTOME_PREFOLDIN_MEDIATED_TRANSFER_OF_SUBSTRATE_TO_CCT_TRIC	-0.07157762520918065
REACTOME_SIGNAL_ATTENUATION	-0.07107892729833927
REACTOME_SIGNALLING_TO_P38_VIA_RIT_AND_RIN	-0.07091133905057215
REACTOME_VITAMIN_B5_PANTOTHENATE_METABOLISM	-0.0697110320897381
REACTOME_FORMATION_OF_THE_TERNARY_COMPLEX_AND_SUBSEQUENTLY_THE_43S_COMPLEX	-0.0689759133149722
REACTOME_REGULATION_OF_ORNITHINE_DECARBOXYLASE_ODC	-0.06879670029402792
REACTOME_INHIBITION_OF_REPLICATION_INITIATION_OF_DAMAGED_DNA_BY_RB1_E2F1	-0.06862122067107429
REACTOME_METABOLISM_OF_STEROID_HORMONES_AND_VITAMINS_A_AND_D	-0.06798415133336043
REACTOME_P75NTR_RECRUITS_SIGNALLING_COMPLEXES	-0.06640690351241373
REACTOME_TRANSCRIPTION_COUPLED_NER_TC_NER	-0.06625687570591043
REACTOME_P53_DEPENDENT_G1_DNA_DAMAGE_RESPONSE	-0.06548554564642164
REACTOME_FANCONI_ANEMIA_PATHWAY	-0.06490694365622336
REACTOME_TGF_BETA_RECEPTOR_SIGNALING_IN_EMT_EPITHELIAL_TO_MESENCHYMAL_TRANSITION	-0.06338593708528582
REACTOME_ACTIVATION_OF_CHAPERONE_GENES_BY_ATF6_ALPHA	-0.0627736008958814
REACTOME_EXTENSION_OF_TELOMERES	-0.06230645403304775
REACTOME_ACTIVATED_AMPK_STIMULATES_FATTY_ACID_OXIDATION_IN_MUSCLE	-0.06179038067166312
REACTOME_ACETYLCHOLINE_BINDING_AND_DOWNSTREAM_EVENTS	-0.06150618437940028
REACTOME_ACTIVATION_OF_THE_MRNA_UPON_BINDING_OF_THE_CAP_BINDING_COMPLEX_AND_EIFS_AND_SUBSEQUENT_BINDING_TO_43S	-0.061426254776211574
REACTOME_GLUCOSE_METABOLISM	-0.06102023032167644
REACTOME_FATTY_ACID_TRIACYLGLYCEROL_AND_KETONE_BODY_METABOLISM	-0.06046720096059761
REACTOME_PROSTACYCLIN_SIGNALLING_THROUGH_PROSTACYCLIN_RECEPTOR	-0.059603978758781755
REACTOME_PIP3_ACTIVATES_AKT_SIGNALING	-0.0589250891900414
REACTOME_SIGNALING_BY_ERBB2	-0.05890828806343215
REACTOME_POST_TRANSLATIONAL_MODIFICATION_SYNTHESIS_OF_GPI_ANCHORED_PROTEINS	-0.058859643139315944
REACTOME_BMAL1_CLOCK_NPAS2_ACTIVATES_CIRCADIAN_EXPRESSION	-0.05804402189688252
REACTOME_PROLACTIN_RECEPTOR_SIGNALING	-0.058034738825544156
REACTOME_PLATELET_SENSITIZATION_BY_LDL	-0.057908731671012535
REACTOME_SEMAPHORIN_INTERACTIONS	-0.05642114703199447
REACTOME_INSULIN_SYNTHESIS_AND_PROCESSING	-0.05627981205053028
REACTOME_REGULATION_OF_MRNA_STABILITY_BY_PROTEINS_THAT_BIND_AU_RICH_ELEMENTS	-0.05620803599485596
REACTOME_OPSINS	-0.056082157915219165
REACTOME_PROCESSING_OF_CAPPED_INTRONLESS_PRE_MRNA	-0.05590875553363536
REACTOME_ENOS_ACTIVATION_AND_REGULATION	-0.05547330561349287
REACTOME_GLUCAGON_TYPE_LIGAND_RECEPTORS	-0.0551579599666936
REACTOME_TRAF6_MEDIATED_INDUCTION_OF_TAK1_COMPLEX	-0.05511738826389252
REACTOME_ACTIVATION_OF_NMDA_RECEPTOR_UPON_GLUTAMATE_BINDING_AND_POSTSYNAPTIC_EVENTS	-0.05471961817443802
REACTOME_BILE_ACID_AND_BILE_SALT_METABOLISM	-0.054493585416718796
REACTOME_FORMATION_OF_TUBULIN_FOLDING_INTERMEDIATES_BY_CCT_TRIC	-0.05422187004409587
REACTOME_CELL_CELL_COMMUNICATION	-0.05370813174891651
REACTOME_TRAFFICKING_OF_AMPA_RECEPTORS	-0.05368749841281561
REACTOME_ADVANCED_GLYCOSYLATION_ENDPRODUCT_RECEPTOR_SIGNALING	-0.05368493898576003
REACTOME_SOS_MEDIATED_SIGNALLING	-0.05319288343149629
REACTOME_ORGANIC_CATION_ANION_ZWITTERION_TRANSPORT	-0.05229036514501518
REACTOME_ABACAVIR_TRANSPORT_AND_METABOLISM	-0.051774154175957154
REACTOME_CREATION_OF_C4_AND_C2_ACTIVATORS	-0.05170321399991501
REACTOME_HYALURONAN_METABOLISM	-0.05130289061042203
REACTOME_REGULATION_OF_RHEB_GTPASE_ACTIVITY_BY_AMPK	-0.05120682131736344
REACTOME_APC_C_CDC20_MEDIATED_DEGRADATION_OF_MITOTIC_PROTEINS	-0.05110308053995414
REACTOME_SCFSKP2_MEDIATED_DEGRADATION_OF_P27_P21	-0.05093987140076223
REACTOME_ERK_MAPK_TARGETS	-0.05028759428547536
REACTOME_ACTIVATION_OF_BH3_ONLY_PROTEINS	-0.05009311732825035
REACTOME_MHC_CLASS_II_ANTIGEN_PRESENTATION	-0.04996197070237917
REACTOME_ELEVATION_OF_CYTOSOLIC_CA2_LEVELS	-0.04991912504126335
REACTOME_REGULATION_OF_HYPOXIA_INDUCIBLE_FACTOR_HIF_BY_OXYGEN	-0.0497796776781667
REACTOME_FORMATION_OF_THE_HIV1_EARLY_ELONGATION_COMPLEX	-0.04974672177374864
REACTOME_PECAM1_INTERACTIONS	-0.0497273098322547
REACTOME_DOWNREGULATION_OF_ERBB2_ERBB3_SIGNALING	-0.0488068912660019
REACTOME_NFKB_IS_ACTIVATED_AND_SIGNALS_SURVIVAL	-0.04813115868763892
REACTOME_PRE_NOTCH_EXPRESSION_AND_PROCESSING	-0.04781026407714889
REACTOME_SIGNALING_BY_FGFR_MUTANTS	-0.047775667263396375
REACTOME_GABA_SYNTHESIS_RELEASE_REUPTAKE_AND_DEGRADATION	-0.04767686059319818
REACTOME_TRANSPORT_TO_THE_GOLGI_AND_SUBSEQUENT_MODIFICATION	-0.047642040954023496
REACTOME_PROTEIN_FOLDING	-0.046957856570520505
REACTOME_NUCLEOTIDE_EXCISION_REPAIR	-0.0467279968606897
REACTOME_PEPTIDE_LIGAND_BINDING_RECEPTORS	-0.046528568598965744
REACTOME_ACYL_CHAIN_REMODELLING_OF_PG	-0.0464524596939531
REACTOME_M_G1_TRANSITION	-0.046271463951267425
REACTOME_COSTIMULATION_BY_THE_CD28_FAMILY	-0.04585821922401121
REACTOME_CD28_DEPENDENT_VAV1_PATHWAY	-0.045645300584673525
REACTOME_POL_SWITCHING	-0.04521024200384362
REACTOME_CALNEXIN_CALRETICULIN_CYCLE	-0.04420246867961904
REACTOME_SRP_DEPENDENT_COTRANSLATIONAL_PROTEIN_TARGETING_TO_MEMBRANE	-0.043912901611908056
REACTOME_DAG_AND_IP3_SIGNALING	-0.04386731196762236
REACTOME_CGMP_EFFECTS	-0.04381771516394797
REACTOME_CITRIC_ACID_CYCLE_TCA_CYCLE	-0.0437200852472871
REACTOME_POST_CHAPERONIN_TUBULIN_FOLDING_PATHWAY	-0.04362555518827903
REACTOME_NCAM_SIGNALING_FOR_NEURITE_OUT_GROWTH	-0.04359397280815734
REACTOME_REGULATION_OF_PYRUVATE_DEHYDROGENASE_PDH_COMPLEX	-0.0433801995306943
REACTOME_NGF_SIGNALLING_VIA_TRKA_FROM_THE_PLASMA_MEMBRANE	-0.04324344627300978
REACTOME_PASSIVE_TRANSPORT_BY_AQUAPORINS	-0.04256681036357239
REACTOME_INNATE_IMMUNE_SYSTEM	-0.04249570715437961
REACTOME_NOTCH_HLH_TRANSCRIPTION_PATHWAY	-0.042452479664960546
REACTOME_SYNTHESIS_OF_BILE_ACIDS_AND_BILE_SALTS_VIA_7ALPHA_HYDROXYCHOLESTEROL	-0.04155898671156443
REACTOME_APOPTOSIS	-0.04138852211278147
REACTOME_CLASS_C_3_METABOTROPIC_GLUTAMATE_PHEROMONE_RECEPTORS	-0.04137880866814172
REACTOME_CELL_EXTRACELLULAR_MATRIX_INTERACTIONS	-0.0412619636007479
REACTOME_NUCLEAR_SIGNALING_BY_ERBB4	-0.040986933622828146
REACTOME_ADP_SIGNALLING_THROUGH_P2RY1	-0.04095615401190113
REACTOME_REPAIR_SYNTHESIS_FOR_GAP_FILLING_BY_DNA_POL_IN_TC_NER	-0.040256934248984196
REACTOME_GLUTAMATE_NEUROTRANSMITTER_RELEASE_CYCLE	-0.040172978220046694
REACTOME_HEMOSTASIS	-0.0399852868025457
REACTOME_METABOLISM_OF_NUCLEOTIDES	-0.03988528817042112
REACTOME_INSULIN_RECEPTOR_RECYCLING	-0.039817058361746566
REACTOME_SEMA4D_INDUCED_CELL_MIGRATION_AND_GROWTH_CONE_COLLAPSE	-0.039808683608809375
REACTOME_POTASSIUM_CHANNELS	-0.039590432593702936
REACTOME_INFLUENZA_VIRAL_RNA_TRANSCRIPTION_AND_REPLICATION	-0.03944934465519568
REACTOME_UNBLOCKING_OF_NMDA_RECEPTOR_GLUTAMATE_BINDING_AND_ACTIVATION	-0.03897005000494955
REACTOME_SMOOTH_MUSCLE_CONTRACTION	-0.03887406875361963
REACTOME_HORMONE_SENSITIVE_LIPASE_HSL_MEDIATED_TRIACYLGLYCEROL_HYDROLYSIS	-0.038711109469125565
REACTOME_MTORC1_MEDIATED_SIGNALLING	-0.0386883267019814
REACTOME_INHIBITION_OF_VOLTAGE_GATED_CA2_CHANNELS_VIA_GBETA_GAMMA_SUBUNITS	-0.038169131209889275
REACTOME_DOWNSTREAM_SIGNALING_EVENTS_OF_B_CELL_RECEPTOR_BCR	-0.03791866238240565
REACTOME_REGULATION_OF_INSULIN_SECRETION_BY_GLUCAGON_LIKE_PEPTIDE1	-0.03772133105298186
REACTOME_SMAD2_SMAD3_SMAD4_HETEROTRIMER_REGULATES_TRANSCRIPTION	-0.03767807706992023
REACTOME_REGULATION_OF_GENE_EXPRESSION_IN_BETA_CELLS	-0.03700727169630376
REACTOME_TETRAHYDROBIOPTERIN_BH4_SYNTHESIS_RECYCLING_SALVAGE_AND_REGULATION	-0.03669394474544566
REACTOME_DOWNSTREAM_SIGNALING_OF_ACTIVATED_FGFR	-0.03617671836466963
REACTOME_OXYGEN_DEPENDENT_PROLINE_HYDROXYLATION_OF_HYPOXIA_INDUCIBLE_FACTOR_ALPHA	-0.036171786180894325
REACTOME_APOPTOTIC_CLEAVAGE_OF_CELL_ADHESION_PROTEINS	-0.036005034241465096
REACTOME_REGULATORY_RNA_PATHWAYS	-0.035915468459424525
REACTOME_RNA_POL_III_CHAIN_ELONGATION	-0.03571314813270585
REACTOME_KERATAN_SULFATE_DEGRADATION	-0.03552109514928943
REACTOME_REGULATION_OF_AMPK_ACTIVITY_VIA_LKB1	-0.03547216435143867
REACTOME_E2F_MEDIATED_REGULATION_OF_DNA_REPLICATION	-0.03513084059444634
REACTOME_HIV_LIFE_CYCLE	-0.03511195443757589
REACTOME_METABOLISM_OF_PORPHYRINS	-0.034965141325272404
REACTOME_PROCESSING_OF_INTRONLESS_PRE_MRNAS	-0.03490165648646242
REACTOME_SIGNALING_BY_WNT	-0.034878050311466145
REACTOME_TRANSPORT_OF_ORGANIC_ANIONS	-0.03473683885894525
REACTOME_P53_INDEPENDENT_G1_S_DNA_DAMAGE_CHECKPOINT	-0.034689167832385195
REACTOME_TELOMERE_MAINTENANCE	-0.034599701415982134
REACTOME_TRAF3_DEPENDENT_IRF_ACTIVATION_PATHWAY	-0.033975514482737015
REACTOME_RNA_POL_I_TRANSCRIPTION_TERMINATION	-0.03383142343981846
REACTOME_AMINE_COMPOUND_SLC_TRANSPORTERS	-0.033761079499687326
REACTOME_SYNTHESIS_OF_PE	-0.03343911913050663
REACTOME_SIGNALING_BY_THE_B_CELL_RECEPTOR_BCR	-0.03333451262092587
REACTOME_OPIOID_SIGNALLING	-0.03330793370425725
REACTOME_HYALURONAN_UPTAKE_AND_DEGRADATION	-0.03324886810717552
REACTOME_P38MAPK_EVENTS	-0.03269759277054857
REACTOME_IL_RECEPTOR_SHC_SIGNALING	-0.03204958163554012
REACTOME_CIRCADIAN_REPRESSION_OF_EXPRESSION_BY_REV_ERBA	-0.0320194698504735
REACTOME_AXON_GUIDANCE	-0.031981947343913915
REACTOME_G_BETA_GAMMA_SIGNALLING_THROUGH_PLC_BETA	-0.03187375577523564
REACTOME_MITOCHONDRIAL_FATTY_ACID_BETA_OXIDATION	-0.03176380839039152
REACTOME_HIV_INFECTION	-0.03157870311400207
REACTOME_PROCESSIVE_SYNTHESIS_ON_THE_LAGGING_STRAND	-0.031525358395798474
REACTOME_PURINE_CATABOLISM	-0.030924544010748012
REACTOME_FACTORS_INVOLVED_IN_MEGAKARYOCYTE_DEVELOPMENT_AND_PLATELET_PRODUCTION	-0.03049532845197624
REACTOME_IKK_COMPLEX_RECRUITMENT_MEDIATED_BY_RIP1	-0.0295972832254815
REACTOME_INFLUENZA_LIFE_CYCLE	-0.029512347967508627
REACTOME_SYNTHESIS_SECRETION_AND_INACTIVATION_OF_GLP1	-0.029386948624009722
REACTOME_GAP_JUNCTION_TRAFFICKING	-0.02928944927619785
REACTOME_CELL_CYCLE_CHECKPOINTS	-0.028828576915752763
REACTOME_CYTOSOLIC_SULFONATION_OF_SMALL_MOLECULES	-0.028821538331171154
REACTOME_GENERATION_OF_SECOND_MESSENGER_MOLECULES	-0.028656539629817325
REACTOME_L1CAM_INTERACTIONS	-0.028654651962623037
REACTOME_LATE_PHASE_OF_HIV_LIFE_CYCLE	-0.028463601669797795
REACTOME_ADENYLATE_CYCLASE_ACTIVATING_PATHWAY	-0.027557622898619367
REACTOME_DEVELOPMENTAL_BIOLOGY	-0.027541622992632405
REACTOME_COMPLEMENT_CASCADE	-0.027438784420571977
REACTOME_DNA_REPLICATION	-0.02734227639491965
REACTOME_DEADENYLATION_DEPENDENT_MRNA_DECAY	-0.027188681889880193
REACTOME_PURINE_SALVAGE	-0.02703944111633448
REACTOME_PHOSPHOLIPID_METABOLISM	-0.026787972428886368
REACTOME_DESTABILIZATION_OF_MRNA_BY_KSRP	-0.02671564332409843
REACTOME_ARMS_MEDIATED_ACTIVATION	-0.026363229616296207
REACTOME_PEPTIDE_CHAIN_ELONGATION	-0.02576052702536747
REACTOME_DOUBLE_STRAND_BREAK_REPAIR	-0.025727069019915446
REACTOME_TRAFFICKING_AND_PROCESSING_OF_ENDOSOMAL_TLR	-0.02525226401856406
REACTOME_PROLONGED_ERK_ACTIVATION_EVENTS	-0.024835756312983473
REACTOME_EXTRINSIC_PATHWAY_FOR_APOPTOSIS	-0.024657190794814085
REACTOME_ASSEMBLY_OF_THE_PRE_REPLICATIVE_COMPLEX	-0.024604009360397347
REACTOME_DSCAM_INTERACTIONS	-0.024545910118281934
REACTOME_REGULATED_PROTEOLYSIS_OF_P75NTR	-0.02443290534018026
REACTOME_MITOTIC_M_M_G1_PHASES	-0.023940366995575075
REACTOME_GABA_B_RECEPTOR_ACTIVATION	-0.023811427248394402
REACTOME_NEUROTRANSMITTER_RELEASE_CYCLE	-0.023296011432230278
REACTOME_G_BETA_GAMMA_SIGNALLING_THROUGH_PI3KGAMMA	-0.023063523464502092
REACTOME_PLATELET_AGGREGATION_PLUG_FORMATION	-0.02294992020614434
REACTOME_SYNTHESIS_OF_VERY_LONG_CHAIN_FATTY_ACYL_COAS	-0.022203186729260395
REACTOME_TIE2_SIGNALING	-0.022021980167903153
REACTOME_PHOSPHOLIPASE_C_MEDIATED_CASCADE	-0.021737458011380374
REACTOME_NRIF_SIGNALS_CELL_DEATH_FROM_THE_NUCLEUS	-0.02171359909498568
REACTOME_G_ALPHA_I_SIGNALLING_EVENTS	-0.02124738109465947
REACTOME_RNA_POL_II_TRANSCRIPTION	-0.021237934010470853
REACTOME_ANTIGEN_ACTIVATES_B_CELL_RECEPTOR_LEADING_TO_GENERATION_OF_SECOND_MESSENGERS	-0.021123302931063823
REACTOME_THROMBIN_SIGNALLING_THROUGH_PROTEINASE_ACTIVATED_RECEPTORS_PARS	-0.02077606517093648
REACTOME_ACTIVATION_OF_IRF3_IRF7_MEDIATED_BY_TBK1_IKK_EPSILON	-0.020720724468478408
REACTOME_GASTRIN_CREB_SIGNALLING_PATHWAY_VIA_PKC_AND_MAPK	-0.02026712413699679
REACTOME_SIGNALING_BY_EGFR_IN_CANCER	-0.020077455518691997
REACTOME_SIGNALING_BY_SCF_KIT	-0.019383340109911534
REACTOME_G0_AND_EARLY_G1	-0.019107263714941654
REACTOME_SIGNALING_BY_PDGF	-0.018837327205208202
REACTOME_DEADENYLATION_OF_MRNA	-0.018445595202195936
REACTOME_UNFOLDED_PROTEIN_RESPONSE	-0.01820033405010276
REACTOME_SIGNALING_BY_FGFR	-0.017830797921491084
REACTOME_G_ALPHA_Z_SIGNALLING_EVENTS	-0.01780996185706478
REACTOME_GOLGI_ASSOCIATED_VESICLE_BIOGENESIS	-0.016992916082875398
REACTOME_SYNTHESIS_OF_SUBSTRATES_IN_N_GLYCAN_BIOSYTHESIS	-0.016986874480086366
REACTOME_CHROMOSOME_MAINTENANCE	-0.01685052802753278
REACTOME_SIGNALING_BY_FGFR_IN_DISEASE	-0.016793778187871675
REACTOME_CASPASE_MEDIATED_CLEAVAGE_OF_CYTOSKELETAL_PROTEINS	-0.016621251194875626
REACTOME_DCC_MEDIATED_ATTRACTIVE_SIGNALING	-0.016567236020921805
REACTOME_NA_CL_DEPENDENT_NEUROTRANSMITTER_TRANSPORTERS	-0.0165557109990534
REACTOME_INITIAL_TRIGGERING_OF_COMPLEMENT	-0.016551161104562895
REACTOME_COLLAGEN_FORMATION	-0.016487886089511183
REACTOME_LAGGING_STRAND_SYNTHESIS	-0.0161510057470296
REACTOME_RESPIRATORY_ELECTRON_TRANSPORT	-0.016114418460972613
REACTOME_BRANCHED_CHAIN_AMINO_ACID_CATABOLISM	-0.0158780408780905
REACTOME_SHC1_EVENTS_IN_EGFR_SIGNALING	-0.015424793201622017
REACTOME_MAP_KINASE_ACTIVATION_IN_TLR_CASCADE	-0.015379287057844658
REACTOME_AMYLOIDS	-0.015320946494068122
REACTOME_TRANSLOCATION_OF_ZAP_70_TO_IMMUNOLOGICAL_SYNAPSE	-0.015178828920837686
REACTOME_CTNNB1_PHOSPHORYLATION_CASCADE	-0.01503513186027247
REACTOME_CELL_DEATH_SIGNALLING_VIA_NRAGE_NRIF_AND_NADE	-0.014909317062614804
REACTOME_G_PROTEIN_BETA_GAMMA_SIGNALLING	-0.014855661388841902
REACTOME_NCAM1_INTERACTIONS	-0.014208233027801201
REACTOME_RIP_MEDIATED_NFKB_ACTIVATION_VIA_DAI	-0.013829317030291133
REACTOME_LIPOPROTEIN_METABOLISM	-0.013759442382828556
REACTOME_ALPHA_LINOLENIC_ACID_ALA_METABOLISM	-0.013604206281554433
REACTOME_TRIGLYCERIDE_BIOSYNTHESIS	-0.013535675247289006
REACTOME_TOLL_RECEPTOR_CASCADES	-0.013514204150144404
REACTOME_SIGNALLING_TO_RAS	-0.013236055219784285
REACTOME_NEURONAL_SYSTEM	-0.012716048672516805
REACTOME_ACETYLCHOLINE_NEUROTRANSMITTER_RELEASE_CYCLE	-0.012710374013187956
REACTOME_PLATELET_HOMEOSTASIS	-0.012674327942923764
REACTOME_GAP_JUNCTION_DEGRADATION	-0.01254788591766367
REACTOME_RNA_POL_III_TRANSCRIPTION_TERMINATION	-0.012161917474475798
REACTOME_MRNA_SPLICING_MINOR_PATHWAY	-0.012037995626753593
REACTOME_IMMUNE_SYSTEM	-0.011836828953667548
REACTOME_RNA_POL_II_TRANSCRIPTION_PRE_INITIATION_AND_PROMOTER_OPENING	-0.011781890752603523
REACTOME_NEF_MEDIATES_DOWN_MODULATION_OF_CELL_SURFACE_RECEPTORS_BY_RECRUITING_THEM_TO_CLATHRIN_ADAPTERS	-0.011028054209344773
REACTOME_REVERSIBLE_HYDRATION_OF_CARBON_DIOXIDE	-0.010926358484868509
REACTOME_SEMA3A_PAK_DEPENDENT_AXON_REPULSION	-0.010387655975633726
REACTOME_DEPOSITION_OF_NEW_CENPA_CONTAINING_NUCLEOSOMES_AT_THE_CENTROMERE	-0.010143068329287117
REACTOME_REMOVAL_OF_THE_FLAP_INTERMEDIATE_FROM_THE_C_STRAND	-0.01008388255720832
REACTOME_TRIF_MEDIATED_TLR3_SIGNALING	-0.009963466765957916
REACTOME_REGULATION_OF_BETA_CELL_DEVELOPMENT	-0.009847230819223363
REACTOME_SYNTHESIS_OF_PIPS_AT_THE_LATE_ENDOSOME_MEMBRANE	-0.0096894256914434
REACTOME_PHASE1_FUNCTIONALIZATION_OF_COMPOUNDS	-0.00965101071408251
REACTOME_MITOTIC_PROMETAPHASE	-0.009500586807184786
REACTOME_GLYCOSAMINOGLYCAN_METABOLISM	-0.009412499633054114
REACTOME_MAPK_TARGETS_NUCLEAR_EVENTS_MEDIATED_BY_MAP_KINASES	-0.009034100523401544
REACTOME_DOWNREGULATION_OF_TGF_BETA_RECEPTOR_SIGNALING	-0.008540473229691724
REACTOME_MUSCLE_CONTRACTION	-0.008402384489418373
REACTOME_RESPONSE_TO_ELEVATED_PLATELET_CYTOSOLIC_CA2_	-0.008134933154291603
REACTOME_INTEGRIN_ALPHAIIB_BETA3_SIGNALING	-0.007898666907268969
REACTOME_BIOSYNTHESIS_OF_THE_N_GLYCAN_PRECURSOR_DOLICHOL_LIPID_LINKED_OLIGOSACCHARIDE_LLO_AND_TRANSFER_TO_A_NASCENT_PROTEIN	-0.007819715572047423
REACTOME_GLYCOSPHINGOLIPID_METABOLISM	-0.007778909470586569
REACTOME_CLEAVAGE_OF_GROWING_TRANSCRIPT_IN_THE_TERMINATION_REGION_	-0.007749358101523601
REACTOME_REGULATION_OF_IFNA_SIGNALING	-0.007403910199211326
REACTOME_METABOLISM_OF_MRNA	-0.007040973861133345
REACTOME_SIGNALLING_BY_NGF	-0.006982322557604725
REACTOME_AKT_PHOSPHORYLATES_TARGETS_IN_THE_CYTOSOL	-0.006936375075861491
REACTOME_ZINC_TRANSPORTERS	-0.006360402730365413
REACTOME_SIGNALING_BY_RHO_GTPASES	-0.006125430331880191
REACTOME_PLATELET_CALCIUM_HOMEOSTASIS	-0.006100988085330441
REACTOME_SYNTHESIS_OF_PC	-0.005998163046938032
REACTOME_SYNTHESIS_OF_DNA	-0.00566963933176905
REACTOME_FRS2_MEDIATED_CASCADE	-0.005657513524781657
REACTOME_TRNA_AMINOACYLATION	-0.005504479719066886
REACTOME_SIGNALING_BY_NOTCH	-0.005432012770055137
REACTOME_CELL_SURFACE_INTERACTIONS_AT_THE_VASCULAR_WALL	-0.005327342390104221
REACTOME_REGULATION_OF_SIGNALING_BY_CBL	-0.005166062848253492
REACTOME_MITOCHONDRIAL_PROTEIN_IMPORT	-0.005144153125286792
REACTOME_AMINE_LIGAND_BINDING_RECEPTORS	-0.0046606798035792995
REACTOME_SIGNAL_AMPLIFICATION	-0.004212248234072517
REACTOME_CELL_CYCLE	-0.004051321924139215
REACTOME_THE_NLRP3_INFLAMMASOME	-0.0038060867730888427
REACTOME_N_GLYCAN_TRIMMING_IN_THE_ER_AND_CALNEXIN_CALRETICULIN_CYCLE	-0.0037784971147966427
REACTOME_FGFR_LIGAND_BINDING_AND_ACTIVATION	-0.003593414890221227
REACTOME_FORMATION_OF_RNA_POL_II_ELONGATION_COMPLEX_	-0.003568915023748442
REACTOME_SIGNALLING_TO_ERKS	-0.0032484659420003036
REACTOME_INWARDLY_RECTIFYING_K_CHANNELS	-0.0031751861120189735
REACTOME_DEFENSINS	-0.0030221736886870817
REACTOME_DOPAMINE_NEUROTRANSMITTER_RELEASE_CYCLE	-0.0029547861970526485
REACTOME_PROSTANOID_LIGAND_RECEPTORS	-0.0027463103686323287
REACTOME_RETROGRADE_NEUROTROPHIN_SIGNALLING	-0.002541868771144935
REACTOME_PKA_MEDIATED_PHOSPHORYLATION_OF_CREB	-0.0025396980541660262
REACTOME_REGULATION_OF_KIT_SIGNALING	-0.002379828888983207
REACTOME_ASSOCIATION_OF_LICENSING_FACTORS_WITH_THE_PRE_REPLICATIVE_COMPLEX	-0.002152085675167434
REACTOME_CLASS_B_2_SECRETIN_FAMILY_RECEPTORS	-0.0009769587833080757
REACTOME_RESPIRATORY_ELECTRON_TRANSPORT_ATP_SYNTHESIS_BY_CHEMIOSMOTIC_COUPLING_AND_HEAT_PRODUCTION_BY_UNCOUPLING_PROTEINS_	-0.0008025228689815456
REACTOME_DNA_STRAND_ELONGATION	-0.0007683344257534001
REACTOME_PHASE_II_CONJUGATION	-0.0006141544072535797
REACTOME_G2_M_CHECKPOINTS	-0.0005022827057706732
REACTOME_INFLAMMASOMES	-0.00044771303944050975
REACTOME_CS_DS_DEGRADATION	-0.0003010531073520806
REACTOME_ER_PHAGOSOME_PATHWAY	-0.00016213673138052844
REACTOME_NUCLEOTIDE_BINDING_DOMAIN_LEUCINE_RICH_REPEAT_CONTAINING_RECEPTOR_NLR_SIGNALING_PATHWAYS	-0.0001515403007629938
REACTOME_MRNA_DECAY_BY_3_TO_5_EXORIBONUCLEASE	-1.3669701686899492e-05
REACTOME_XENOBIOTICS	0.0004451089430642945
REACTOME_PI3K_EVENTS_IN_ERBB4_SIGNALING	0.0007685032295094066
REACTOME_HS_GAG_BIOSYNTHESIS	0.000811953255754618
REACTOME_FGFR1_LIGAND_BINDING_AND_ACTIVATION	0.0010358060076048365
REACTOME_NUCLEAR_EVENTS_KINASE_AND_TRANSCRIPTION_FACTOR_ACTIVATION	0.001196840764096533
REACTOME_EXTRACELLULAR_MATRIX_ORGANIZATION	0.001360364336800575
REACTOME_KINESINS	0.001511702444162223
REACTOME_CDK_MEDIATED_PHOSPHORYLATION_AND_REMOVAL_OF_CDC6	0.0016166079125027933
REACTOME_PYRUVATE_METABOLISM	0.0016852592316521546
REACTOME_BASIGIN_INTERACTIONS	0.0017195203834129023
REACTOME_NUCLEOTIDE_LIKE_PURINERGIC_RECEPTORS	0.0021079989997075488
REACTOME_ACTIVATION_OF_KAINATE_RECEPTORS_UPON_GLUTAMATE_BINDING	0.0021095061571989844
REACTOME_TIGHT_JUNCTION_INTERACTIONS	0.002206022663537067
REACTOME_ABCA_TRANSPORTERS_IN_LIPID_HOMEOSTASIS	0.002566852244508948
REACTOME_LIGAND_GATED_ION_CHANNEL_TRANSPORT	0.002618005191374463
REACTOME_NOREPINEPHRINE_NEUROTRANSMITTER_RELEASE_CYCLE	0.002643885496794092
REACTOME_MITOTIC_G2_G2_M_PHASES	0.0032212873536290932
REACTOME_SIGNALING_BY_ACTIVATED_POINT_MUTANTS_OF_FGFR1	0.0036111704184786275
REACTOME_ABORTIVE_ELONGATION_OF_HIV1_TRANSCRIPT_IN_THE_ABSENCE_OF_TAT	0.003783281257465077
REACTOME_PI_3K_CASCADE	0.00395734964733369
REACTOME_ADENYLATE_CYCLASE_INHIBITORY_PATHWAY	0.0043654368681571454
REACTOME_GPCR_DOWNSTREAM_SIGNALING	0.004464929985510285
REACTOME_AMINO_ACID_AND_OLIGOPEPTIDE_SLC_TRANSPORTERS	0.0058351789541131235
REACTOME_ACTIVATED_NOTCH1_TRANSMITS_SIGNAL_TO_THE_NUCLEUS	0.0059180050122660584
REACTOME_SLBP_DEPENDENT_PROCESSING_OF_REPLICATION_DEPENDENT_HISTONE_PRE_MRNAS	0.005989370489554116
REACTOME_PLATELET_ACTIVATION_SIGNALING_AND_AGGREGATION	0.006352837977980553
REACTOME_MRNA_3_END_PROCESSING	0.006780044058427145
REACTOME_ION_CHANNEL_TRANSPORT	0.0068305037548588065
REACTOME_CRMPS_IN_SEMA3A_SIGNALING	0.006843281350423205
REACTOME_METABOLISM_OF_LIPIDS_AND_LIPOPROTEINS	0.007004225660896161
REACTOME_MYD88_MAL_CASCADE_INITIATED_ON_PLASMA_MEMBRANE	0.007200217679356669
REACTOME_RNA_POL_II_PRE_TRANSCRIPTION_EVENTS	0.007573756338311844
REACTOME_POST_NMDA_RECEPTOR_ACTIVATION_EVENTS	0.007601831605498959
REACTOME_ACTIVATION_OF_ATR_IN_RESPONSE_TO_REPLICATION_STRESS	0.0078047243123590135
REACTOME_SYNTHESIS_SECRETION_AND_INACTIVATION_OF_GIP	0.007951277890377553
REACTOME_G1_S_SPECIFIC_TRANSCRIPTION	0.00882487999239252
REACTOME_SIGNALING_BY_ROBO_RECEPTOR	0.009138223584450532
REACTOME_GLUTATHIONE_CONJUGATION	0.009146223478498186
REACTOME_G_ALPHA1213_SIGNALLING_EVENTS	0.009287996067196748
REACTOME_BETA_DEFENSINS	0.009314256687039854
REACTOME_CELL_CYCLE_MITOTIC	0.009327037716452956
REACTOME_INTERFERON_GAMMA_SIGNALING	0.009688687648807048
REACTOME_NEGATIVE_REGULATION_OF_FGFR_SIGNALING	0.009832645092408747
REACTOME_SEMA4D_IN_SEMAPHORIN_SIGNALING	0.009836969921980483
REACTOME_CREB_PHOSPHORYLATION_THROUGH_THE_ACTIVATION_OF_RAS	0.010383869395702362
REACTOME_HDL_MEDIATED_LIPID_TRANSPORT	0.010837531754277414
REACTOME_ADP_SIGNALLING_THROUGH_P2RY12	0.011114254043682806
REACTOME_EICOSANOID_LIGAND_BINDING_RECEPTORS	0.011749710681014013
REACTOME_CTLA4_INHIBITORY_SIGNALING	0.011800596059501265
REACTOME_SIGNALING_BY_BMP	0.012169525443154548
REACTOME_MITOCHONDRIAL_TRNA_AMINOACYLATION	0.01227711736941519
REACTOME_VOLTAGE_GATED_POTASSIUM_CHANNELS	0.012319027469133461
REACTOME_DOWNSTREAM_SIGNAL_TRANSDUCTION	0.012422967874810939
REACTOME_RECYCLING_OF_BILE_ACIDS_AND_SALTS	0.012605999238299142
REACTOME_RNA_POL_I_TRANSCRIPTION_INITIATION	0.012835672808275795
REACTOME_METAL_ION_SLC_TRANSPORTERS	0.012911332018906041
REACTOME_PI3K_EVENTS_IN_ERBB2_SIGNALING	0.01298347760471549
REACTOME_TRANSPORT_OF_INORGANIC_CATIONS_ANIONS_AND_AMINO_ACIDS_OLIGOPEPTIDES	0.013074164017325135
REACTOME_GLUCAGON_SIGNALING_IN_METABOLIC_REGULATION	0.013295525832571677
REACTOME_METABOLISM_OF_RNA	0.013585570446432091
REACTOME_AMINO_ACID_SYNTHESIS_AND_INTERCONVERSION_TRANSAMINATION	0.014057182166208198
REACTOME_COPI_MEDIATED_TRANSPORT	0.014140570811162363
REACTOME_TCA_CYCLE_AND_RESPIRATORY_ELECTRON_TRANSPORT	0.014218694700330183
REACTOME_PACKAGING_OF_TELOMERE_ENDS	0.014630795276316373
REACTOME_NFKB_AND_MAP_KINASES_ACTIVATION_MEDIATED_BY_TLR4_SIGNALING_REPERTOIRE	0.014783828641295847
REACTOME_PLATELET_ADHESION_TO_EXPOSED_COLLAGEN	0.014785787327326886
REACTOME_RORA_ACTIVATES_CIRCADIAN_EXPRESSION	0.014885048452879843
REACTOME_RNA_POL_III_TRANSCRIPTION	0.015072010651004802
REACTOME_POST_TRANSLATIONAL_PROTEIN_MODIFICATION	0.015198427548737247
REACTOME_INTRINSIC_PATHWAY	0.015377716549080236
REACTOME_SIGNALING_BY_GPCR	0.015428935052408301
REACTOME_G1_PHASE	0.015431790826013465
REACTOME_ACTIVATION_OF_THE_AP1_FAMILY_OF_TRANSCRIPTION_FACTORS	0.01571029918426536
REACTOME_CD28_CO_STIMULATION	0.015752627002244328
REACTOME_TRANSMISSION_ACROSS_CHEMICAL_SYNAPSES	0.015869562920490885
REACTOME_AMINO_ACID_TRANSPORT_ACROSS_THE_PLASMA_MEMBRANE	0.01603245480443331
REACTOME_P2Y_RECEPTORS	0.016238812933002812
REACTOME_IL_7_SIGNALING	0.01630668759782931
REACTOME_SIGNALING_BY_NOTCH3	0.016613729551744907
REACTOME_REGULATION_OF_APOPTOSIS	0.016671201702907652
REACTOME_RIG_I_MDA5_MEDIATED_INDUCTION_OF_IFN_ALPHA_BETA_PATHWAYS	0.01717563036112285
REACTOME_TERMINATION_OF_O_GLYCAN_BIOSYNTHESIS	0.017335551327637134
REACTOME_JNK_C_JUN_KINASES_PHOSPHORYLATION_AND_ACTIVATION_MEDIATED_BY_ACTIVATED_HUMAN_TAK1	0.017590019362074386
REACTOME_SIGNALING_BY_INSULIN_RECEPTOR	0.017779697756220514
REACTOME_VEGF_LIGAND_RECEPTOR_INTERACTIONS	0.01790307443596973
REACTOME_MEIOSIS	0.017911603799196006
REACTOME_ELONGATION_ARREST_AND_RECOVERY	0.018010210280203425
REACTOME_SHC_MEDIATED_SIGNALLING	0.018061776527810932
REACTOME_STEROID_HORMONES	0.018235658156547412
REACTOME_SCF_BETA_TRCP_MEDIATED_DEGRADATION_OF_EMI1	0.018650035782853028
REACTOME_AQUAPORIN_MEDIATED_TRANSPORT	0.018655164780626336
REACTOME_TRAF6_MEDIATED_IRF7_ACTIVATION_IN_TLR7_8_OR_9_SIGNALING	0.018732879033672045
REACTOME_CYCLIN_E_ASSOCIATED_EVENTS_DURING_G1_S_TRANSITION_	0.018826702243009752
REACTOME_ASPARAGINE_N_LINKED_GLYCOSYLATION	0.018830624159872075
REACTOME_REGULATION_OF_INSULIN_SECRETION_BY_ACETYLCHOLINE	0.018992284255386325
REACTOME_LIPID_DIGESTION_MOBILIZATION_AND_TRANSPORT	0.01900325905117958
REACTOME_NEPHRIN_INTERACTIONS	0.019373504065343133
REACTOME_CD28_DEPENDENT_PI3K_AKT_SIGNALING	0.01951498369249982
REACTOME_HOMOLOGOUS_RECOMBINATION_REPAIR_OF_REPLICATION_INDEPENDENT_DOUBLE_STRAND_BREAKS	0.019603570098511873
REACTOME_SIGNALING_BY_ERBB4	0.019873060257583376
REACTOME_APOPTOTIC_CLEAVAGE_OF_CELLULAR_PROTEINS	0.020129163237802266
REACTOME_CHOLESTEROL_BIOSYNTHESIS	0.020202434532546592
REACTOME_LOSS_OF_NLP_FROM_MITOTIC_CENTROSOMES	0.020275662748017887
REACTOME_SHC1_EVENTS_IN_ERBB4_SIGNALING	0.020314265044605588
REACTOME_DESTABILIZATION_OF_MRNA_BY_BRF1	0.02047995768257965
REACTOME_ACTIVATION_OF_GENES_BY_ATF4	0.020846571955072994
REACTOME_APOPTOTIC_EXECUTION_PHASE	0.02139448500159981
REACTOME_GABA_RECEPTOR_ACTIVATION	0.0214726000947879
REACTOME_THROMBOXANE_SIGNALLING_THROUGH_TP_RECEPTOR	0.021968008491545527
REACTOME_ACTIVATION_OF_THE_PRE_REPLICATIVE_COMPLEX	0.02229232368236246
REACTOME_PRESYNAPTIC_NICOTINIC_ACETYLCHOLINE_RECEPTORS	0.02234062914723026
REACTOME_ENDOGENOUS_STEROLS	0.022654862096176624
REACTOME_CYTOKINE_SIGNALING_IN_IMMUNE_SYSTEM	0.022722311059232652
REACTOME_REGULATION_OF_IFNG_SIGNALING	0.0228759387832456
REACTOME_SYNTHESIS_OF_PIPS_AT_THE_GOLGI_MEMBRANE	0.023096109703653816
REACTOME_NETRIN1_SIGNALING	0.023234326459360705
REACTOME_ENDOSOMAL_SORTING_COMPLEX_REQUIRED_FOR_TRANSPORT_ESCRT	0.02349335069734987
REACTOME_PYRIMIDINE_METABOLISM	0.024120244062007922
REACTOME_METABOLISM_OF_POLYAMINES	0.02434530091047644
REACTOME_TRANSPORT_OF_GLUCOSE_AND_OTHER_SUGARS_BILE_SALTS_AND_ORGANIC_ACIDS_METAL_IONS_AND_AMINE_COMPOUNDS	0.02485908149204337
REACTOME_ION_TRANSPORT_BY_P_TYPE_ATPASES	0.02541789856845234
REACTOME_RECYCLING_PATHWAY_OF_L1	0.025485225388013365
REACTOME_MRNA_PROCESSING	0.025506831016525736
REACTOME_TRANSFERRIN_ENDOCYTOSIS_AND_RECYCLING	0.025615188387144182
REACTOME_REGULATION_OF_WATER_BALANCE_BY_RENAL_AQUAPORINS	0.025676203451349217
REACTOME_REGULATION_OF_INSULIN_LIKE_GROWTH_FACTOR_IGF_ACTIVITY_BY_INSULIN_LIKE_GROWTH_FACTOR_BINDING_PROTEINS_IGFBPS	0.025748112534472744
REACTOME_ABC_FAMILY_PROTEINS_MEDIATED_TRANSPORT	0.02589544118526854
REACTOME_INTEGRATION_OF_ENERGY_METABOLISM	0.02603263105550792
REACTOME_ANTIGEN_PROCESSING_UBIQUITINATION_PROTEASOME_DEGRADATION	0.026134003637402207
REACTOME_P75NTR_SIGNALS_VIA_NFKB	0.026712561700387414
REACTOME_GLYCOPROTEIN_HORMONES	0.026755199073689798
REACTOME_ACTIVATION_OF_CHAPERONES_BY_ATF6_ALPHA	0.02698265642283015
REACTOME_TRANSCRIPTION	0.02774412402820957
REACTOME_ORC1_REMOVAL_FROM_CHROMATIN	0.027863843971175088
REACTOME_ACTIVATED_TLR4_SIGNALLING	0.027878370457860617
REACTOME_N_GLYCAN_ANTENNAE_ELONGATION	0.027908309527239637
REACTOME_DNA_REPAIR	0.028255397009116653
REACTOME_S_PHASE	0.02833942252268247
REACTOME_GENERIC_TRANSCRIPTION_PATHWAY	0.02842007820171825
REACTOME_MEIOTIC_SYNAPSIS	0.028559716056970857
REACTOME_THE_ACTIVATION_OF_ARYLSULFATASES	0.02860573751029249
REACTOME_COMMON_PATHWAY	0.028665995409499836
REACTOME_TRAF6_MEDIATED_INDUCTION_OF_NFKB_AND_MAP_KINASES_UPON_TLR7_8_OR_9_ACTIVATION	0.02870350525628136
REACTOME_PPARA_ACTIVATES_GENE_EXPRESSION	0.028790641682905346
REACTOME_UNWINDING_OF_DNA	0.029227757350432593
REACTOME_SIGNALING_BY_ILS	0.029302248693576987
REACTOME_SYNTHESIS_SECRETION_AND_DEACYLATION_OF_GHRELIN	0.029402072353203416
REACTOME_TAK1_ACTIVATES_NFKB_BY_PHOSPHORYLATION_AND_ACTIVATION_OF_IKKS_COMPLEX	0.029442616836301002
REACTOME_BIOLOGICAL_OXIDATIONS	0.02973237310243952
REACTOME_G1_S_TRANSITION	0.02979780440950648
REACTOME_SPHINGOLIPID_METABOLISM	0.029966825732459075
REACTOME_ACYL_CHAIN_REMODELLING_OF_PS	0.030183322217056472
REACTOME_SIGNALING_BY_TGF_BETA_RECEPTOR_COMPLEX	0.03036838576937162
REACTOME_VIF_MEDIATED_DEGRADATION_OF_APOBEC3G	0.030389522787677033
REACTOME_ERKS_ARE_INACTIVATED	0.03073460758855033
REACTOME_DEGRADATION_OF_THE_EXTRACELLULAR_MATRIX	0.030869816072893613
REACTOME_SYNTHESIS_OF_PA	0.03153520805985432
REACTOME_IL_6_SIGNALING	0.031580607952526894
REACTOME_SIGNALING_BY_NOTCH1	0.03171473168746612
REACTOME_TRANSPORT_OF_RIBONUCLEOPROTEINS_INTO_THE_HOST_NUCLEUS	0.031926658690955165
REACTOME_APOPTOSIS_INDUCED_DNA_FRAGMENTATION	0.03231022856333083
REACTOME_NEP_NS2_INTERACTS_WITH_THE_CELLULAR_EXPORT_MACHINERY	0.03245610154590425
REACTOME_CLASS_I_MHC_MEDIATED_ANTIGEN_PROCESSING_PRESENTATION	0.03274419243220034
REACTOME_SIGNALING_BY_NODAL	0.032997315837180616
REACTOME_DOWNSTREAM_TCR_SIGNALING	0.033149201376508855
REACTOME_TRANSPORT_OF_MATURE_MRNA_DERIVED_FROM_AN_INTRONLESS_TRANSCRIPT	0.033192302647990085
REACTOME_INTERFERON_SIGNALING	0.033475054038520566
REACTOME_ROLE_OF_DCC_IN_REGULATING_APOPTOSIS	0.03350338167373625
REACTOME_G_ALPHA_Q_SIGNALLING_EVENTS	0.0338746226096636
REACTOME_CYCLIN_A_B1_ASSOCIATED_EVENTS_DURING_G2_M_TRANSITION	0.03392982516429017
REACTOME_MITOTIC_G1_G1_S_PHASES	0.03400483176498589
REACTOME_G_ALPHA_S_SIGNALLING_EVENTS	0.03416099187301057
REACTOME_TRANSPORT_OF_MATURE_TRANSCRIPT_TO_CYTOPLASM	0.03480888427103799
REACTOME_FATTY_ACYL_COA_BIOSYNTHESIS	0.03489058067974335
REACTOME_SIGNALING_BY_NOTCH2	0.03490993598093784
REACTOME_P130CAS_LINKAGE_TO_MAPK_SIGNALING_FOR_INTEGRINS	0.03495354838093228
REACTOME_SHC_RELATED_EVENTS	0.03497966483953179
REACTOME_INCRETIN_SYNTHESIS_SECRETION_AND_INACTIVATION	0.035065495575451605
REACTOME_GLUCOSE_TRANSPORT	0.03508472458768869
REACTOME_SYNTHESIS_OF_GLYCOSYLPHOSPHATIDYLINOSITOL_GPI	0.03542264975242905
REACTOME_3_UTR_MEDIATED_TRANSLATIONAL_REGULATION	0.035846502612552324
REACTOME_DESTABILIZATION_OF_MRNA_BY_TRISTETRAPROLIN_TTP	0.0358828685110045
REACTOME_FORMATION_OF_FIBRIN_CLOT_CLOTTING_CASCADE	0.03596743310933371
REACTOME_IL_3_5_AND_GM_CSF_SIGNALING	0.03607408487860467
REACTOME_PROCESSING_OF_CAPPED_INTRON_CONTAINING_PRE_MRNA	0.036098317013951525
REACTOME_IL_2_SIGNALING	0.03630803605424071
REACTOME_SIGNALING_BY_NOTCH4	0.03639272154770087
REACTOME_PHOSPHORYLATION_OF_CD3_AND_TCR_ZETA_CHAINS	0.0364000105193782
REACTOME_KERATAN_SULFATE_KERATIN_METABOLISM	0.036545114812728534
REACTOME_PYRUVATE_METABOLISM_AND_CITRIC_ACID_TCA_CYCLE	0.03655220274291585
REACTOME_CA_DEPENDENT_EVENTS	0.03665093142199772
REACTOME_HOST_INTERACTIONS_OF_HIV_FACTORS	0.03667465239850616
REACTOME_RECRUITMENT_OF_MITOTIC_CENTROSOME_PROTEINS_AND_COMPLEXES	0.03714973448379863
REACTOME_ENERGY_DEPENDENT_REGULATION_OF_MTOR_BY_LKB1_AMPK	0.037698837104676294
REACTOME_REGULATION_OF_COMPLEMENT_CASCADE	0.037724999580676814
REACTOME_NOD1_2_SIGNALING_PATHWAY	0.037773409153758174
REACTOME_TRYPTOPHAN_CATABOLISM	0.03813782990049948
REACTOME_TRANSMEMBRANE_TRANSPORT_OF_SMALL_MOLECULES	0.03820355538611742
REACTOME_CHEMOKINE_RECEPTORS_BIND_CHEMOKINES	0.038681067544919595
REACTOME_IL1_SIGNALING	0.038768874392845286
REACTOME_RECEPTOR_LIGAND_BINDING_INITIATES_THE_SECOND_PROTEOLYTIC_CLEAVAGE_OF_NOTCH_RECEPTOR	0.039329387207717434
REACTOME_TRANSCRIPTIONAL_REGULATION_OF_WHITE_ADIPOCYTE_DIFFERENTIATION	0.03940370468422666
REACTOME_SIGNALING_BY_CONSTITUTIVELY_ACTIVE_EGFR	0.039868865520580575
REACTOME_TCR_SIGNALING	0.04000394496637796
REACTOME_SEROTONIN_RECEPTORS	0.04011901264005544
REACTOME_APOBEC3G_MEDIATED_RESISTANCE_TO_HIV1_INFECTION	0.040419465547380476
REACTOME_ROLE_OF_SECOND_MESSENGERS_IN_NETRIN1_SIGNALING	0.040888845842352264
REACTOME_ACTIVATION_OF_NF_KAPPAB_IN_B_CELLS	0.040960147294713416
REACTOME_INTEGRIN_CELL_SURFACE_INTERACTIONS	0.04099125197423691
REACTOME_PI_METABOLISM	0.04226178871468259
REACTOME_ASSOCIATION_OF_TRIC_CCT_WITH_TARGET_PROTEINS_DURING_BIOSYNTHESIS	0.04241919622078007
REACTOME_GLOBAL_GENOMIC_NER_GG_NER	0.04249097470516504
REACTOME_SIGNALING_BY_FGFR3_MUTANTS	0.04251864796841068
REACTOME_ENDOSOMAL_VACUOLAR_PATHWAY	0.04373348880688799
REACTOME_VIRAL_MESSENGER_RNA_SYNTHESIS	0.04420951045559356
REACTOME_CIRCADIAN_CLOCK	0.044212804598710444
REACTOME_INHIBITION_OF_THE_PROTEOLYTIC_ACTIVITY_OF_APC_C_REQUIRED_FOR_THE_ONSET_OF_ANAPHASE_BY_MITOTIC_SPINDLE_CHECKPOINT_COMPONENTS	0.044272468838830986
REACTOME_REGULATION_OF_THE_FANCONI_ANEMIA_PATHWAY	0.044606353925719426
REACTOME_NUCLEAR_RECEPTOR_TRANSCRIPTION_PATHWAY	0.04516029222344889
REACTOME_INTERACTION_BETWEEN_L1_AND_ANKYRINS	0.04565380637193913
REACTOME_A_TETRASACCHARIDE_LINKER_SEQUENCE_IS_REQUIRED_FOR_GAG_SYNTHESIS	0.045663828123726026
REACTOME_INSULIN_RECEPTOR_SIGNALLING_CASCADE	0.045771947733532437
REACTOME_O_LINKED_GLYCOSYLATION_OF_MUCINS	0.045789772486959514
REACTOME_YAP1_AND_WWTR1_TAZ_STIMULATED_GENE_EXPRESSION	0.04635453509528156
REACTOME_SYNTHESIS_OF_BILE_ACIDS_AND_BILE_SALTS_VIA_24_HYDROXYCHOLESTEROL	0.04644703318327896
REACTOME_MEIOTIC_RECOMBINATION	0.046607310960997295
REACTOME_THE_ROLE_OF_NEF_IN_HIV1_REPLICATION_AND_DISEASE_PATHOGENESIS	0.047496305972877816
REACTOME_ADAPTIVE_IMMUNE_SYSTEM	0.04754646590175216
REACTOME_N_GLYCAN_ANTENNAE_ELONGATION_IN_THE_MEDIAL_TRANS_GOLGI	0.04775877115263271
REACTOME_SHC_MEDIATED_CASCADE	0.047780066840781274
REACTOME_ACYL_CHAIN_REMODELLING_OF_PE	0.04790548806892577
REACTOME_SEMA3A_PLEXIN_REPULSION_SIGNALING_BY_INHIBITING_INTEGRIN_ADHESION	0.04817020076036624
REACTOME_INTERACTIONS_OF_VPR_WITH_HOST_CELLULAR_PROTEINS	0.048389845387942325
REACTOME_MRNA_SPLICING	0.04854650416333588
REACTOME_CELL_CELL_JUNCTION_ORGANIZATION	0.0487765469404732
REACTOME_PTM_GAMMA_CARBOXYLATION_HYPUSINE_FORMATION_AND_ARYLSULFATASE_ACTIVATION	0.049557598429392495
REACTOME_OLFACTORY_SIGNALING_PATHWAY	0.0498904035703127
REACTOME_GAP_JUNCTION_ASSEMBLY	0.05019129906729516
REACTOME_AUTODEGRADATION_OF_CDH1_BY_CDH1_APC_C	0.051084233540599974
REACTOME_SLC_MEDIATED_TRANSMEMBRANE_TRANSPORT	0.05118945101819014
REACTOME_IRON_UPTAKE_AND_TRANSPORT	0.051350239565785376
REACTOME_ACTIVATION_OF_RAC	0.0515000602669259
REACTOME_GPCR_LIGAND_BINDING	0.051691972344343785
REACTOME_NRAGE_SIGNALS_DEATH_THROUGH_JNK	0.05194405461986185
REACTOME_TGF_BETA_RECEPTOR_SIGNALING_ACTIVATES_SMADS	0.05233487485187849
REACTOME_METABOLISM_OF_PROTEINS	0.05243799960839413
REACTOME_AMINE_DERIVED_HORMONES	0.05337300689547764
REACTOME_REGULATION_OF_MITOTIC_CELL_CYCLE	0.05396557861430314
REACTOME_PERK_REGULATED_GENE_EXPRESSION	0.05398718201014773
REACTOME_CLASS_A1_RHODOPSIN_LIKE_RECEPTORS	0.054643023745224624
REACTOME_KERATAN_SULFATE_BIOSYNTHESIS	0.05465430786290692
REACTOME_SPHINGOLIPID_DE_NOVO_BIOSYNTHESIS	0.05500192880831931
REACTOME_NEGATIVE_REGULATION_OF_THE_PI3K_AKT_NETWORK	0.055372728777752664
REACTOME_AUTODEGRADATION_OF_THE_E3_UBIQUITIN_LIGASE_COP1	0.05556627135485966
REACTOME_NONSENSE_MEDIATED_DECAY_ENHANCED_BY_THE_EXON_JUNCTION_COMPLEX	0.0562283906013664
REACTOME_SIGNALING_BY_FGFR1_MUTANTS	0.05647577686951698
REACTOME_NITRIC_OXIDE_STIMULATES_GUANYLATE_CYCLASE	0.05704999202950311
REACTOME_CDT1_ASSOCIATION_WITH_THE_CDC6_ORC_ORIGIN_COMPLEX	0.05706379264887571
REACTOME_IMMUNOREGULATORY_INTERACTIONS_BETWEEN_A_LYMPHOID_AND_A_NON_LYMPHOID_CELL	0.05709452710972518
REACTOME_CYTOCHROME_P450_ARRANGED_BY_SUBSTRATE_TYPE	0.05717640416643206
REACTOME_PHOSPHORYLATION_OF_THE_APC_C	0.05723629835642926
REACTOME_ACTIVATED_POINT_MUTANTS_OF_FGFR2	0.057356639491085215
REACTOME_BILE_SALT_AND_ORGANIC_ANION_SLC_TRANSPORTERS	0.057469613142049965
REACTOME_SIGNAL_TRANSDUCTION_BY_L1	0.05883268466804876
REACTOME_SPRY_REGULATION_OF_FGF_SIGNALING	0.05887039714613094
REACTOME_METABOLISM_OF_NON_CODING_RNA	0.059679809959045475
REACTOME_LATENT_INFECTION_OF_HOMO_SAPIENS_WITH_MYCOBACTERIUM_TUBERCULOSIS	0.05990657446364709
REACTOME_ANTIVIRAL_MECHANISM_BY_IFN_STIMULATED_GENES	0.060121643951930294
REACTOME_RAP1_SIGNALLING	0.06077441353614584
REACTOME_RECRUITMENT_OF_NUMA_TO_MITOTIC_CENTROSOMES	0.06087759042407804
REACTOME_SIGNALING_BY_FGFR1_FUSION_MUTANTS	0.06138725763962636
REACTOME_PKB_MEDIATED_EVENTS	0.06154237255342908
REACTOME_DIGESTION_OF_DIETARY_CARBOHYDRATE	0.06162119966965953
REACTOME_SYNTHESIS_OF_BILE_ACIDS_AND_BILE_SALTS	0.062393313177328914
REACTOME_FGFR2C_LIGAND_BINDING_AND_ACTIVATION	0.06271097942182219
REACTOME_FACILITATIVE_NA_INDEPENDENT_GLUCOSE_TRANSPORTERS	0.06316553816932784
REACTOME_TRAFFICKING_OF_GLUR2_CONTAINING_AMPA_RECEPTORS	0.06410856546342837
REACTOME_NOTCH1_INTRACELLULAR_DOMAIN_REGULATES_TRANSCRIPTION	0.06431419532733083
REACTOME_SYNTHESIS_OF_PIPS_AT_THE_EARLY_ENDOSOME_MEMBRANE	0.0663668679120485
REACTOME_CHYLOMICRON_MEDIATED_LIPID_TRANSPORT	0.06685150069263215
REACTOME_ADHERENS_JUNCTIONS_INTERACTIONS	0.06747650050811059
REACTOME_PEPTIDE_HORMONE_BIOSYNTHESIS	0.07024677912937573
REACTOME_RNA_POL_I_RNA_POL_III_AND_MITOCHONDRIAL_TRANSCRIPTION	0.07029981681919847
REACTOME_MYOGENESIS	0.07036938120415194
REACTOME_ANTIGEN_PROCESSING_CROSS_PRESENTATION	0.07108077515330824
REACTOME_RNA_POL_I_TRANSCRIPTION	0.07146086498092676
REACTOME_TRAF6_MEDIATED_IRF7_ACTIVATION	0.07260918818766611
REACTOME_IRAK1_RECRUITS_IKK_COMPLEX	0.07324150994303824
REACTOME_GPVI_MEDIATED_ACTIVATION_CASCADE	0.0734815925402043
REACTOME_P75_NTR_RECEPTOR_MEDIATED_SIGNALLING	0.07411229101094899
REACTOME_NEUROTRANSMITTER_RECEPTOR_BINDING_AND_DOWNSTREAM_TRANSMISSION_IN_THE_POSTSYNAPTIC_CELL	0.07449763456682387
REACTOME_IONOTROPIC_ACTIVITY_OF_KAINATE_RECEPTORS	0.0748326213397357
REACTOME_FORMATION_OF_INCISION_COMPLEX_IN_GG_NER	0.07483996646407019
REACTOME_RNA_POL_I_PROMOTER_OPENING	0.07499056333947178
REACTOME_INTRINSIC_PATHWAY_FOR_APOPTOSIS	0.0750906521307013
REACTOME_GABA_A_RECEPTOR_ACTIVATION	0.07622982874513223
REACTOME_TRANSLATION	0.07638413429819915
REACTOME_HIGHLY_CALCIUM_PERMEABLE_POSTSYNAPTIC_NICOTINIC_ACETYLCHOLINE_RECEPTORS	0.07713146977573557
REACTOME_PRE_NOTCH_PROCESSING_IN_GOLGI	0.07722552451653479
REACTOME_REGULATION_OF_INSULIN_SECRETION	0.07841944711331116
REACTOME_APC_C_CDH1_MEDIATED_DEGRADATION_OF_CDC20_AND_OTHER_APC_C_CDH1_TARGETED_PROTEINS_IN_LATE_MITOSIS_EARLY_G1	0.07845172083270661
REACTOME_APC_CDC20_MEDIATED_DEGRADATION_OF_NEK2A	0.07859612335933422
REACTOME_CREB_PHOSPHORYLATION_THROUGH_THE_ACTIVATION_OF_CAMKII	0.07922220631086387
REACTOME_TRANSCRIPTIONAL_ACTIVITY_OF_SMAD2_SMAD3_SMAD4_HETEROTRIMER	0.07954968195193303
REACTOME_METABOLISM_OF_CARBOHYDRATES	0.07956600186943351
REACTOME_APC_C_CDC20_MEDIATED_DEGRADATION_OF_CYCLIN_B	0.08027722111806881
REACTOME_INTEGRATION_OF_PROVIRUS	0.08066044263430072
REACTOME_TANDEM_PORE_DOMAIN_POTASSIUM_CHANNELS	0.08226910913030003
REACTOME_RAS_ACTIVATION_UOPN_CA2_INFUX_THROUGH_NMDA_RECEPTOR	0.08362165469643576
REACTOME_INHIBITION_OF_INSULIN_SECRETION_BY_ADRENALINE_NORADRENALINE	0.08496698304053067
REACTOME_GRB2_SOS_PROVIDES_LINKAGE_TO_MAPK_SIGNALING_FOR_INTERGRINS_	0.08712776841519379
REACTOME_RNA_POL_III_TRANSCRIPTION_INITIATION_FROM_TYPE_3_PROMOTER	0.08779876014476218
REACTOME_CHONDROITIN_SULFATE_DERMATAN_SULFATE_METABOLISM	0.08883212628709951
REACTOME_G2_M_DNA_DAMAGE_CHECKPOINT	0.08891740877121124
REACTOME_DARPP_32_EVENTS	0.08910266278290914
REACTOME_RESOLUTION_OF_AP_SITES_VIA_THE_SINGLE_NUCLEOTIDE_REPLACEMENT_PATHWAY	0.09001163970896103
REACTOME_GLUCONEOGENESIS	0.09199260196228343
REACTOME_E2F_ENABLED_INHIBITION_OF_PRE_REPLICATION_COMPLEX_FORMATION	0.09437727576950099
REACTOME_NFKB_ACTIVATION_THROUGH_FADD_RIP1_PATHWAY_MEDIATED_BY_CASPASE_8_AND10	0.09708663038735817
REACTOME_PYRIMIDINE_CATABOLISM	0.09876496941859206
REACTOME_SULFUR_AMINO_ACID_METABOLISM	0.10410353355199752
REACTOME_SIGNAL_REGULATORY_PROTEIN_SIRP_FAMILY_INTERACTIONS	0.10477845855627331
REACTOME_CYTOSOLIC_TRNA_AMINOACYLATION	0.10667366581962942
REACTOME_PEROXISOMAL_LIPID_METABOLISM	0.10762062052720596
REACTOME_GLYCOGEN_BREAKDOWN_GLYCOGENOLYSIS	0.1092733852219874
REACTOME_GROWTH_HORMONE_RECEPTOR_SIGNALING	0.11609328583882539
REACTOME_DOWNREGULATION_OF_SMAD2_3_SMAD4_TRANSCRIPTIONAL_ACTIVITY	0.11697875665667117
REACTOME_CONVERSION_FROM_APC_C_CDC20_TO_APC_C_CDH1_IN_LATE_ANAPHASE	0.11827836796678272
REACTOME_PI3K_CASCADE	0.11954681797708837
REACTOME_FORMATION_OF_ATP_BY_CHEMIOSMOTIC_COUPLING	0.12112860251203497
REACTOME_NEGATIVE_REGULATORS_OF_RIG_I_MDA5_SIGNALING	0.12220024667273258
REACTOME_ETHANOL_OXIDATION	0.12418617258112694
REACTOME_SYNTHESIS_OF_PIPS_AT_THE_PLASMA_MEMBRANE	0.12906081798546323
REACTOME_METABOLISM_OF_AMINO_ACIDS_AND_DERIVATIVES	0.12961748606360837
REACTOME_BASE_EXCISION_REPAIR	0.1563580100540835
REACTOME_DIABETES_PATHWAYS	0.15839689079324334
REACTOME_STRIATED_MUSCLE_CONTRACTION	0.16694203495222834
REACTOME_BASE_FREE_SUGAR_PHOSPHATE_REMOVAL_VIA_THE_SINGLE_NUCLEOTIDE_REPLACEMENT_PATHWAY	0.17156237340187502
REACTOME_RESOLUTION_OF_AP_SITES_VIA_THE_MULTIPLE_NUCLEOTIDE_PATCH_REPLACEMENT_PATHWAY	0.18636240787599184
