	selection_freq	sign_agreement	mean_coef
REACTOME_ABACAVIR_TRANSPORT_AND_METABOLISM	0.81375	1.0	0.32294042773795306
REACTOME_APC_C_CDC20_MEDIATED_DEGRADATION_OF_CYCLIN_B	0.0075	0.3333333333333333	-0.03601480015148033
REACTOME_ASSOCIATION_OF_LICENSING_FACTORS_WITH_THE_PRE_REPLICATIVE_COMPLEX	0.05	1.0	0.023419774024264345
REACTOME_BASE_EXCISION_REPAIR	0.13125	1.0	0.11974024946841028
REACTOME_BASE_FREE_SUGAR_PHOSPHATE_REMOVAL_VIA_THE_SINGLE_NUCLEOTIDE_REPLACEMENT_PATHWAY	0.08	0.6875	-0.037877093242027954
REACTOME_CDC6_ASSOCIATION_WITH_THE_ORC_ORIGIN_COMPLEX	0.15	1.0	0.06873895323717387
REACTOME_CYTOSOLIC_SULFONATION_OF_SMALL_MOLECULES	0.2	0.35	0.011312055822312752
REACTOME_CYTOSOLIC_TRNA_AMINOACYLATION	0.63	1.0	-0.25470868708118993
REACTOME_E2F_ENABLED_INHIBITION_OF_PRE_REPLICATION_COMPLEX_FORMATION	0.31625	1.0	0.11898798237348082
REACTOME_E2F_MEDIATED_REGULATION_OF_DNA_REPLICATION	0.1225	1.0	0.12798604660687146
REACTOME_EARLY_PHASE_OF_HIV_LIFE_CYCLE	0.1625	0.9846153846153847	-0.0723722561690901
REACTOME_FACILITATIVE_NA_INDEPENDENT_GLUCOSE_TRANSPORTERS	0.64125	1.0	0.22813581153829066
REACTOME_G1_S_SPECIFIC_TRANSCRIPTION	0.05	1.0	0.07896356702475485
REACTOME_GLUCONEOGENESIS	0.0575	1.0	-0.05623564990145693
REACTOME_GLUCOSE_METABOLISM	0.1225	1.0	-0.11116360153639922
REACTOME_GLYCOGEN_BREAKDOWN_GLYCOGENOLYSIS	0.63125	1.0	-0.27671643212614916
REACTOME_GLYCOLYSIS	0.11625	0.07526881720430108	-0.011664761015220928
REACTOME_METABOLISM_OF_CARBOHYDRATES	0.05625	0.4222222222222222	0.0293817984806021
REACTOME_METABOLISM_OF_NUCLEOTIDES	0.00375	1.0	-0.027629005003214458
REACTOME_METABOLISM_OF_VITAMINS_AND_COFACTORS	0.15	0.95	-0.062440340191718215
REACTOME_P2Y_RECEPTORS	0.49125	1.0	0.2384252775457923
REACTOME_PURINE_CATABOLISM	0.19125	1.0	0.11581561945038273
REACTOME_PURINE_METABOLISM	0.01375	0.6363636363636364	-0.0013998939885027989
REACTOME_PURINE_RIBONUCLEOSIDE_MONOPHOSPHATE_BIOSYNTHESIS	0.055	1.0	-0.07000053983575681
REACTOME_PURINE_SALVAGE	0.0075	0.3333333333333333	-0.016468537521916383
REACTOME_PYRIMIDINE_CATABOLISM	0.12125	0.7525773195876289	-0.0815254740852158
REACTOME_PYRIMIDINE_METABOLISM	0.02	0.0	-0.03136033048009396
REACTOME_RECRUITMENT_OF_NUMA_TO_MITOTIC_CENTROSOMES	0.02	0.625	0.009233099836019333
REACTOME_RESOLUTION_OF_AP_SITES_VIA_THE_MULTIPLE_NUCLEOTIDE_PATCH_REPLACEMENT_PATHWAY	0.14	1.0	0.09859158003922364
REACTOME_RESOLUTION_OF_AP_SITES_VIA_THE_SINGLE_NUCLEOTIDE_REPLACEMENT_PATHWAY	0.01125	0.1111111111111111	0.01154850399822472
REACTOME_SHC1_EVENTS_IN_EGFR_SIGNALING	0.27875	1.0	-0.13808754690210173
REACTOME_SULFUR_AMINO_ACID_METABOLISM	0.1225	0.02040816326530612	-0.014270715859787833
REACTOME_SYNTHESIS_AND_INTERCONVERSION_OF_NUCLEOTIDE_DI_AND_TRIPHOSPHATES	0.005	1.0	0.03007112101524665
REACTOME_TRANSPORT_OF_VITAMINS_NUCLEOSIDES_AND_RELATED_MOLECULES	0.6475	1.0	0.26010638595978697
REACTOME_VITAMIN_B5_PANTOTHENATE_METABOLISM	0.3825	0.9215686274509803	0.15281687970739946
